zoneid,ward_code,year,TOTAL_RES_1981,TOTAL_MALE_1981,TOTAL_FEMALE_1981,FAR_EAST_BORN_1981,FAR_EAST_BORN_MALE_1981,FAR_EAST_BORN_FEMALE_1981,PCT_FAR_EAST_BORN_1981,TOTAL_HH_1981,OWNER_OCC_HH_1981,COUNCIL_HH_1981,NO_CAR_HH_1981,OVERCROWD_GT1P5_1981,OVERCROWD_1TO1P5_1981,NO_BATH_WC_1981,NO_INSIDE_BATH_WC_1981,PCT_OWNER_OCC_1981,PCT_COUNCIL_1981,PCT_NO_CAR_1981,PCT_OVERCROWD_GT1P5_1981,PCT_OVERCROWD_1TO1P5_1981,PCT_NO_BATH_WC_1981,PCT_NO_INSIDE_BATH_WC_1981,EMPLOYED_1981,UNEMPLOYED_1981,ECON_ACTIVE_1981
03BNAA01,03BNAA,1981,,,,3,2,1,0.0,160,31,0,102,3,5,0,0,19.375,0.0,63.75,1.875,3.125,0.0,0.0,,,
03BNAA02,03BNAA,1981,,,,1,1,0,0.0,205,69,0,98,4,5,3,0,33.65853658536585,0.0,47.80487804878049,1.951219512195122,2.4390243902439024,1.4634146341463414,0.0,,,
03BNAA03,03BNAA,1981,,,,0,0,0,0.0,154,70,0,81,2,2,0,0,45.45454545454545,0.0,52.5974025974026,1.2987012987012987,1.2987012987012987,0.0,0.0,,,
03BNAA04,03BNAA,1981,,,,0,0,0,0.0,177,34,0,112,1,0,0,0,19.2090395480226,0.0,63.27683615819209,0.5649717514124294,0.0,0.0,0.0,,,
03BNAA05,03BNAA,1981,,,,0,0,0,0.0,171,102,0,78,3,5,4,0,59.64912280701754,0.0,45.6140350877193,1.7543859649122806,2.9239766081871346,2.3391812865497075,0.0,,,
03BNAA06,03BNAA,1981,,,,7,4,3,0.0,110,17,0,44,0,1,0,0,15.454545454545455,0.0,40.0,0.0,0.9090909090909091,0.0,0.0,,,
03BNAA07,03BNAA,1981,,,,0,0,0,0.0,158,73,0,92,3,2,0,1,46.20253164556962,0.0,58.22784810126582,1.8987341772151898,1.2658227848101267,0.0,0.6329113924050633,,,
03BNAA08,03BNAA,1981,,,,1,1,0,0.0,88,18,0,62,4,3,0,0,20.454545454545453,0.0,70.45454545454545,4.545454545454546,3.409090909090909,0.0,0.0,,,
03BNAA09,03BNAA,1981,,,,3,2,1,0.0,126,14,0,82,10,0,1,0,11.11111111111111,0.0,65.07936507936508,7.936507936507937,0.0,0.7936507936507936,0.0,,,
03BNAA10,03BNAA,1981,,,,0,0,0,0.0,122,30,0,85,8,0,1,0,24.59016393442623,0.0,69.67213114754098,6.557377049180328,0.0,0.819672131147541,0.0,,,
03BNAA11,03BNAA,1981,,,,0,0,0,0.0,68,11,0,49,3,2,3,0,16.176470588235293,0.0,72.05882352941177,4.411764705882353,2.9411764705882355,4.411764705882353,0.0,,,
03BNAA12,03BNAA,1981,,,,1,0,1,0.0,152,102,0,44,0,4,0,0,67.10526315789474,0.0,28.94736842105263,0.0,2.6315789473684212,0.0,0.0,,,
03BNAA13,03BNAA,1981,,,,2,1,1,0.0,188,165,0,60,2,9,1,0,87.76595744680851,0.0,31.914893617021278,1.0638297872340425,4.787234042553192,0.5319148936170213,0.0,,,
03BNAA14,03BNAA,1981,,,,1,1,0,0.0,156,108,0,82,1,5,0,0,69.23076923076923,0.0,52.56410256410256,0.6410256410256411,3.2051282051282053,0.0,0.0,,,
03BNAA15,03BNAA,1981,,,,0,0,0,0.0,157,108,0,62,3,7,1,0,68.78980891719745,0.0,39.49044585987261,1.910828025477707,4.45859872611465,0.6369426751592356,0.0,,,
03BNAA16,03BNAA,1981,,,,5,3,2,0.0,168,91,0,80,9,19,0,0,54.166666666666664,0.0,47.61904761904762,5.357142857142857,11.30952380952381,0.0,0.0,,,
03BNAA17,03BNAA,1981,,,,3,1,2,0.0,143,61,0,83,5,3,1,0,42.65734265734266,0.0,58.04195804195804,3.4965034965034967,2.097902097902098,0.6993006993006993,0.0,,,
03BNAA18,03BNAA,1981,,,,6,4,2,0.0,131,30,0,84,5,4,1,0,22.900763358778626,0.0,64.12213740458016,3.816793893129771,3.053435114503817,0.7633587786259542,0.0,,,
03BNAA19,03BNAA,1981,,,,1,1,0,0.0,87,11,0,45,1,2,2,0,12.64367816091954,0.0,51.724137931034484,1.1494252873563218,2.2988505747126435,2.2988505747126435,0.0,,,
03BNAA20,03BNAA,1981,,,,2,2,0,0.0,176,158,0,55,0,6,1,0,89.77272727272727,0.0,31.25,0.0,3.409090909090909,0.5681818181818182,0.0,,,
03BNAA21,03BNAA,1981,,,,9,5,4,0.0,181,124,0,99,10,13,0,0,68.50828729281768,0.0,54.69613259668508,5.524861878453039,7.18232044198895,0.0,0.0,,,
03BNAA22,03BNAA,1981,,,,7,4,3,0.0,135,92,0,69,2,7,1,0,68.14814814814815,0.0,51.111111111111114,1.4814814814814814,5.185185185185185,0.7407407407407407,0.0,,,
03BNAA23,03BNAA,1981,,,,1,1,0,0.0,155,77,0,90,7,16,1,0,49.67741935483871,0.0,58.064516129032256,4.516129032258065,10.32258064516129,0.6451612903225806,0.0,,,
03BNAA24,03BNAA,1981,,,,10,8,2,0.0,189,181,0,62,1,8,1,0,95.76719576719577,0.0,32.804232804232804,0.5291005291005291,4.232804232804233,0.5291005291005291,0.0,,,
03BNAA25,03BNAA,1981,,,,4,2,2,0.0,142,94,0,70,3,2,1,0,66.19718309859155,0.0,49.29577464788732,2.112676056338028,1.408450704225352,0.704225352112676,0.0,,,
03BNAA26,03BNAA,1981,,,,9,6,3,0.0,129,61,0,57,0,6,0,0,47.286821705426355,0.0,44.18604651162791,0.0,4.651162790697675,0.0,0.0,,,
03BNAA27,03BNAA,1981,,,,9,3,6,0.0,169,95,0,67,3,4,0,0,56.21301775147929,0.0,39.64497041420118,1.7751479289940828,2.366863905325444,0.0,0.0,,,
03BNAA28,03BNAA,1981,,,,2,2,0,0.0,195,86,0,69,1,3,0,0,44.1025641025641,0.0,35.38461538461539,0.5128205128205128,1.5384615384615385,0.0,0.0,,,
03BNAA29,03BNAA,1981,,,,0,0,0,0.0,174,112,0,73,0,2,0,0,64.36781609195403,0.0,41.95402298850575,0.0,1.1494252873563218,0.0,0.0,,,
03BNAA30,03BNAA,1981,,,,1,0,1,0.0,65,63,0,9,0,1,0,0,96.92307692307692,0.0,13.846153846153847,0.0,1.5384615384615385,0.0,0.0,,,
03BNAA31,03BNAA,1981,,,,7,5,2,0.0,98,41,0,38,4,1,0,0,41.83673469387755,0.0,38.775510204081634,4.081632653061225,1.0204081632653061,0.0,0.0,,,
03BNAA32,03BNAA,1981,,,,6,3,3,0.0,158,122,0,31,4,9,0,0,77.21518987341773,0.0,19.620253164556964,2.5316455696202533,5.69620253164557,0.0,0.0,,,
03BNAA33,03BNAA,1981,,,,5,4,1,0.0,167,68,0,91,0,1,0,0,40.7185628742515,0.0,54.49101796407186,0.0,0.5988023952095808,0.0,0.0,,,
03BNAA34,03BNAA,1981,,,,12,8,4,0.0,204,174,0,67,2,1,0,0,85.29411764705883,0.0,32.84313725490196,0.9803921568627451,0.49019607843137253,0.0,0.0,,,
03BNAA35,03BNAA,1981,,,,2,2,0,0.0,163,161,0,30,0,2,0,0,98.77300613496932,0.0,18.404907975460123,0.0,1.2269938650306749,0.0,0.0,,,
03BNAA36,03BNAA,1981,,,,15,7,8,0.0,180,176,0,58,1,4,0,0,97.77777777777777,0.0,32.22222222222222,0.5555555555555556,2.2222222222222223,0.0,0.0,,,
03BNAA37,03BNAA,1981,,,,0,0,0,0.0,108,105,0,20,0,2,0,0,97.22222222222223,0.0,18.51851851851852,0.0,1.8518518518518519,0.0,0.0,,,
03BNAA38,03BNAA,1981,,,,0,0,0,0.0,61,49,0,10,0,1,0,0,80.32786885245902,0.0,16.39344262295082,0.0,1.639344262295082,0.0,0.0,,,
03BNAA39,03BNAA,1981,,,,0,0,0,0.0,135,98,0,42,2,3,0,0,72.5925925925926,0.0,31.11111111111111,1.4814814814814814,2.2222222222222223,0.0,0.0,,,
03BNAA40,03BNAA,1981,,,,0,0,0,0.0,133,71,0,49,1,2,2,0,53.38345864661654,0.0,36.8421052631579,0.7518796992481203,1.5037593984962405,1.5037593984962405,0.0,,,
03BNAA41,03BNAA,1981,,,,0,0,0,0.0,0,0,0,0,0,0,0,0,,,,,,,,,,
03BNAA42,03BNAA,1981,,,,7,6,1,0.0,0,0,0,0,0,0,0,0,,,,,,,,,,
03BNAA43,03BNAA,1981,,,,0,0,0,0.0,0,0,0,0,0,0,0,0,,,,,,,,,,
03BNAB01,03BNAB,1981,,,,1,0,1,0.0,169,34,0,129,4,12,3,25,20.118343195266274,0.0,76.33136094674556,2.366863905325444,7.100591715976331,1.7751479289940828,14.792899408284024,,,
03BNAB02,03BNAB,1981,,,,0,0,0,0.0,118,3,0,91,2,15,0,0,2.542372881355932,0.0,77.11864406779661,1.694915254237288,12.711864406779661,0.0,0.0,,,
03BNAB03,03BNAB,1981,,,,2,2,0,0.0,179,11,2,146,2,3,6,16,6.145251396648045,1.1173184357541899,81.56424581005587,1.1173184357541899,1.675977653631285,3.35195530726257,8.938547486033519,,,
03BNAB04,03BNAB,1981,,,,0,0,0,0.0,178,0,1,137,3,13,2,0,0.0,0.5617977528089888,76.96629213483146,1.6853932584269662,7.303370786516854,1.1235955056179776,0.0,,,
03BNAB05,03BNAB,1981,,,,0,0,0,0.0,185,0,0,147,1,12,0,0,0.0,0.0,79.45945945945945,0.5405405405405406,6.486486486486487,0.0,0.0,,,
03BNAB06,03BNAB,1981,,,,0,0,0,0.0,243,43,1,182,6,18,43,9,17.695473251028808,0.411522633744856,74.89711934156378,2.4691358024691357,7.407407407407407,17.695473251028808,3.7037037037037037,,,
03BNAB07,03BNAB,1981,,,,0,0,0,0.0,232,1,0,203,2,12,1,0,0.43103448275862066,0.0,87.5,0.8620689655172413,5.172413793103448,0.43103448275862066,0.0,,,
03BNAB08,03BNAB,1981,,,,0,0,0,0.0,190,0,0,155,4,9,1,0,0.0,0.0,81.57894736842105,2.1052631578947367,4.7368421052631575,0.5263157894736842,0.0,,,
03BNAB09,03BNAB,1981,,,,0,0,0,0.0,192,0,0,160,1,8,0,0,0.0,0.0,83.33333333333333,0.5208333333333334,4.166666666666667,0.0,0.0,,,
03BNAB10,03BNAB,1981,,,,0,0,0,0.0,217,0,0,182,4,15,2,0,0.0,0.0,83.87096774193549,1.8433179723502304,6.912442396313364,0.9216589861751152,0.0,,,
03BNAB11,03BNAB,1981,,,,0,0,0,0.0,163,0,0,126,0,11,0,0,0.0,0.0,77.30061349693251,0.0,6.748466257668712,0.0,0.0,,,
03BNAB12,03BNAB,1981,,,,0,0,0,0.0,244,4,0,195,0,19,1,0,1.639344262295082,0.0,79.91803278688525,0.0,7.786885245901639,0.4098360655737705,0.0,,,
03BNAB13,03BNAB,1981,,,,2,1,1,0.0,243,3,2,181,7,19,2,0,1.2345679012345678,0.823045267489712,74.48559670781893,2.880658436213992,7.818930041152264,0.823045267489712,0.0,,,
03BNAB14,03BNAB,1981,,,,7,4,3,0.0,186,1,0,157,0,14,0,0,0.5376344086021505,0.0,84.40860215053763,0.0,7.526881720430108,0.0,0.0,,,
03BNAB15,03BNAB,1981,,,,8,3,5,0.0,245,6,0,213,0,9,0,0,2.4489795918367347,0.0,86.93877551020408,0.0,3.673469387755102,0.0,0.0,,,
03BNAB16,03BNAB,1981,,,,1,1,0,0.0,205,0,0,155,1,14,0,0,0.0,0.0,75.60975609756098,0.4878048780487805,6.829268292682927,0.0,0.0,,,
03BNAB17,03BNAB,1981,,,,1,0,1,0.0,212,1,0,181,8,17,2,0,0.4716981132075472,0.0,85.37735849056604,3.7735849056603774,8.018867924528301,0.9433962264150944,0.0,,,
03BNAB18,03BNAB,1981,,,,0,0,0,0.0,181,1,0,150,1,8,0,0,0.5524861878453039,0.0,82.87292817679558,0.5524861878453039,4.419889502762431,0.0,0.0,,,
03BNAB19,03BNAB,1981,,,,0,0,0,0.0,186,0,1,148,7,23,1,0,0.0,0.5376344086021505,79.56989247311827,3.763440860215054,12.365591397849462,0.5376344086021505,0.0,,,
03BNAB20,03BNAB,1981,,,,0,0,0,0.0,143,0,0,116,2,20,0,0,0.0,0.0,81.11888111888112,1.3986013986013985,13.986013986013987,0.0,0.0,,,
03BNAB21,03BNAB,1981,,,,0,0,0,0.0,181,1,0,146,1,13,2,0,0.5524861878453039,0.0,80.66298342541437,0.5524861878453039,7.18232044198895,1.1049723756906078,0.0,,,
03BNAB22,03BNAB,1981,,,,2,1,1,0.0,198,19,0,154,10,15,0,0,9.595959595959595,0.0,77.77777777777777,5.05050505050505,7.575757575757576,0.0,0.0,,,
03BNAB23,03BNAB,1981,,,,6,2,4,0.0,153,45,0,94,12,11,4,0,29.41176470588235,0.0,61.43790849673203,7.8431372549019605,7.189542483660131,2.6143790849673203,0.0,,,
03BNAB24,03BNAB,1981,,,,1,0,1,0.0,180,1,0,142,3,18,0,0,0.5555555555555556,0.0,78.88888888888889,1.6666666666666667,10.0,0.0,0.0,,,
03BNAB25,03BNAB,1981,,,,0,0,0,0.0,255,17,0,215,4,15,1,1,6.666666666666667,0.0,84.31372549019608,1.5686274509803921,5.882352941176471,0.39215686274509803,0.39215686274509803,,,
03BNAB26,03BNAB,1981,,,,0,0,0,0.0,113,0,0,97,4,5,0,0,0.0,0.0,85.84070796460178,3.5398230088495577,4.424778761061947,0.0,0.0,,,
03BNAB27,03BNAB,1981,,,,0,0,0,0.0,153,1,4,130,3,20,6,1,0.6535947712418301,2.6143790849673203,84.9673202614379,1.9607843137254901,13.071895424836601,3.9215686274509802,0.6535947712418301,,,
03BNAB28,03BNAB,1981,,,,0,0,0,0.0,63,0,0,52,0,3,0,0,0.0,0.0,82.53968253968254,0.0,4.761904761904762,0.0,0.0,,,
03BNAB29,03BNAB,1981,,,,0,0,0,0.0,188,1,1,133,0,13,2,0,0.5319148936170213,0.5319148936170213,70.74468085106383,0.0,6.914893617021277,1.0638297872340425,0.0,,,
03BNAB30,03BNAB,1981,,,,0,0,0,0.0,0,0,0,0,0,0,0,0,,,,,,,,,,
03BNAC01,03BNAC,1981,,,,0,0,0,0.0,99,2,0,59,0,0,0,0,2.0202020202020203,0.0,59.5959595959596,0.0,0.0,0.0,0.0,,,
03BNAC02,03BNAC,1981,,,,0,0,0,0.0,82,3,0,54,0,1,1,0,3.658536585365854,0.0,65.85365853658537,0.0,1.2195121951219512,1.2195121951219512,0.0,,,
03BNAC03,03BNAC,1981,,,,0,0,0,0.0,189,61,0,90,0,0,0,0,32.27513227513227,0.0,47.61904761904762,0.0,0.0,0.0,0.0,,,
03BNAC04,03BNAC,1981,,,,0,0,0,0.0,164,1,0,112,1,10,0,0,0.6097560975609756,0.0,68.29268292682927,0.6097560975609756,6.097560975609756,0.0,0.0,,,
03BNAC05,03BNAC,1981,,,,2,1,1,0.0,221,11,1,161,2,14,2,0,4.97737556561086,0.45248868778280543,72.85067873303167,0.9049773755656109,6.334841628959276,0.9049773755656109,0.0,,,
03BNAC06,03BNAC,1981,,,,0,0,0,0.0,202,4,0,138,1,23,0,0,1.9801980198019802,0.0,68.31683168316832,0.49504950495049505,11.386138613861386,0.0,0.0,,,
03BNAC07,03BNAC,1981,,,,0,0,0,0.0,181,5,0,110,1,17,2,0,2.7624309392265194,0.0,60.773480662983424,0.5524861878453039,9.392265193370166,1.1049723756906078,0.0,,,
03BNAC08,03BNAC,1981,,,,0,0,0,0.0,181,5,0,129,4,11,0,0,2.7624309392265194,0.0,71.2707182320442,2.2099447513812156,6.077348066298343,0.0,0.0,,,
03BNAC09,03BNAC,1981,,,,0,0,0,0.0,88,4,0,61,2,2,0,0,4.545454545454546,0.0,69.31818181818181,2.272727272727273,2.272727272727273,0.0,0.0,,,
03BNAC10,03BNAC,1981,,,,0,0,0,0.0,83,80,0,12,0,4,0,0,96.3855421686747,0.0,14.457831325301205,0.0,4.819277108433735,0.0,0.0,,,
03BNAC11,03BNAC,1981,,,,1,1,0,0.0,165,153,0,41,1,1,0,0,92.72727272727273,0.0,24.848484848484848,0.6060606060606061,0.6060606060606061,0.0,0.0,,,
03BNAC12,03BNAC,1981,,,,5,2,3,0.0,275,270,0,49,0,10,0,1,98.18181818181819,0.0,17.818181818181817,0.0,3.6363636363636362,0.0,0.36363636363636365,,,
03BNAC13,03BNAC,1981,,,,0,0,0,0.0,168,167,0,23,2,10,0,0,99.4047619047619,0.0,13.69047619047619,1.1904761904761905,5.9523809523809526,0.0,0.0,,,
03BNAC14,03BNAC,1981,,,,0,0,0,0.0,115,7,1,72,2,2,2,2,6.086956521739131,0.8695652173913043,62.608695652173914,1.7391304347826086,1.7391304347826086,1.7391304347826086,1.7391304347826086,,,
03BNAC15,03BNAC,1981,,,,0,0,0,0.0,223,6,0,144,0,7,0,0,2.690582959641256,0.0,64.57399103139014,0.0,3.1390134529147984,0.0,0.0,,,
03BNAC16,03BNAC,1981,,,,0,0,0,0.0,180,12,0,111,2,6,0,0,6.666666666666667,0.0,61.666666666666664,1.1111111111111112,3.3333333333333335,0.0,0.0,,,
03BNAC17,03BNAC,1981,,,,0,0,0,0.0,190,7,0,101,0,7,1,0,3.6842105263157894,0.0,53.1578947368421,0.0,3.6842105263157894,0.5263157894736842,0.0,,,
03BNAC18,03BNAC,1981,,,,0,0,0,0.0,245,7,0,168,0,5,0,0,2.857142857142857,0.0,68.57142857142857,0.0,2.0408163265306123,0.0,0.0,,,
03BNAC19,03BNAC,1981,,,,0,0,0,0.0,149,5,0,107,3,4,1,0,3.3557046979865772,0.0,71.81208053691275,2.0134228187919465,2.684563758389262,0.6711409395973155,0.0,,,
03BNAC20,03BNAC,1981,,,,0,0,0,0.0,182,98,1,70,0,4,1,0,53.84615384615385,0.5494505494505495,38.46153846153846,0.0,2.197802197802198,0.5494505494505495,0.0,,,
03BNAC21,03BNAC,1981,,,,0,0,0,0.0,177,138,0,37,0,4,0,0,77.96610169491525,0.0,20.903954802259886,0.0,2.2598870056497176,0.0,0.0,,,
03BNAC22,03BNAC,1981,,,,4,4,0,0.0,173,4,0,116,0,3,0,0,2.3121387283236996,0.0,67.05202312138728,0.0,1.7341040462427746,0.0,0.0,,,
03BNAC23,03BNAC,1981,,,,0,0,0,0.0,195,10,0,109,1,7,0,0,5.128205128205129,0.0,55.8974358974359,0.5128205128205128,3.58974358974359,0.0,0.0,,,
03BNAC24,03BNAC,1981,,,,0,0,0,0.0,130,6,0,71,2,4,1,0,4.615384615384615,0.0,54.61538461538461,1.5384615384615385,3.076923076923077,0.7692307692307693,0.0,,,
03BNAC25,03BNAC,1981,,,,0,0,0,0.0,60,1,0,41,1,4,0,0,1.6666666666666667,0.0,68.33333333333333,1.6666666666666667,6.666666666666667,0.0,0.0,,,
03BNAC26,03BNAC,1981,,,,2,1,1,0.0,168,3,0,115,2,3,2,0,1.7857142857142858,0.0,68.45238095238095,1.1904761904761905,1.7857142857142858,1.1904761904761905,0.0,,,
03BNAC27,03BNAC,1981,,,,1,1,0,0.0,161,0,0,101,1,8,0,0,0.0,0.0,62.732919254658384,0.6211180124223602,4.968944099378882,0.0,0.0,,,
03BNAC28,03BNAC,1981,,,,2,1,1,0.0,175,5,0,104,5,7,0,0,2.857142857142857,0.0,59.42857142857143,2.857142857142857,4.0,0.0,0.0,,,
03BNAC29,03BNAC,1981,,,,0,0,0,0.0,176,45,0,83,0,2,0,0,25.568181818181817,0.0,47.15909090909091,0.0,1.1363636363636365,0.0,0.0,,,
03BNAC30,03BNAC,1981,,,,0,0,0,0.0,211,105,0,61,0,7,0,0,49.76303317535545,0.0,28.90995260663507,0.0,3.3175355450236967,0.0,0.0,,,
03BNAC31,03BNAC,1981,,,,0,0,0,0.0,157,0,0,116,5,5,0,0,0.0,0.0,73.88535031847134,3.1847133757961785,3.1847133757961785,0.0,0.0,,,
03BNAC32,03BNAC,1981,,,,0,0,0,0.0,198,1,0,152,0,3,1,0,0.5050505050505051,0.0,76.76767676767676,0.0,1.5151515151515151,0.5050505050505051,0.0,,,
03BNAC33,03BNAC,1981,,,,0,0,0,0.0,162,4,0,116,0,3,0,0,2.4691358024691357,0.0,71.60493827160494,0.0,1.8518518518518519,0.0,0.0,,,
03BNAC34,03BNAC,1981,,,,0,0,0,0.0,189,8,0,111,2,7,0,0,4.232804232804233,0.0,58.73015873015873,1.0582010582010581,3.7037037037037037,0.0,0.0,,,
03BNAC35,03BNAC,1981,,,,2,2,0,0.0,184,7,0,111,1,8,0,0,3.8043478260869565,0.0,60.32608695652174,0.5434782608695652,4.3478260869565215,0.0,0.0,,,
03BNAC36,03BNAC,1981,,,,3,2,1,0.0,171,1,0,92,2,13,0,0,0.5847953216374269,0.0,53.801169590643276,1.1695906432748537,7.60233918128655,0.0,0.0,,,
03BNAC37,03BNAC,1981,,,,0,0,0,0.0,187,6,0,121,0,4,0,0,3.2085561497326203,0.0,64.70588235294117,0.0,2.1390374331550803,0.0,0.0,,,
03BNAC38,03BNAC,1981,,,,1,0,1,0.0,165,2,0,97,1,11,0,0,1.2121212121212122,0.0,58.78787878787879,0.6060606060606061,6.666666666666667,0.0,0.0,,,
03BNAC39,03BNAC,1981,,,,0,0,0,0.0,164,3,0,91,1,11,0,0,1.829268292682927,0.0,55.48780487804878,0.6097560975609756,6.7073170731707314,0.0,0.0,,,
03BNAC40,03BNAC,1981,,,,3,0,3,0.0,0,0,0,0,0,0,0,0,,,,,,,,,,
03BNAD01,03BNAD,1981,,,,0,0,0,0.0,173,7,0,108,2,8,1,0,4.046242774566474,0.0,62.42774566473989,1.1560693641618498,4.624277456647399,0.5780346820809249,0.0,,,
03BNAD02,03BNAD,1981,,,,0,0,0,0.0,219,1,0,153,6,20,1,0,0.45662100456621,0.0,69.86301369863014,2.73972602739726,9.132420091324201,0.45662100456621,0.0,,,
03BNAD03,03BNAD,1981,,,,0,0,0,0.0,157,26,0,93,7,5,0,0,16.56050955414013,0.0,59.23566878980892,4.45859872611465,3.1847133757961785,0.0,0.0,,,
03BNAD04,03BNAD,1981,,,,0,0,0,0.0,233,0,0,170,0,12,1,0,0.0,0.0,72.96137339055794,0.0,5.150214592274678,0.4291845493562232,0.0,,,
03BNAD05,03BNAD,1981,,,,4,2,2,0.0,197,62,1,86,6,2,21,22,31.472081218274113,0.5076142131979695,43.65482233502538,3.045685279187817,1.015228426395939,10.65989847715736,11.16751269035533,,,
03BNAD06,03BNAD,1981,,,,0,0,0,0.0,216,171,0,97,0,2,9,1,79.16666666666667,0.0,44.907407407407405,0.0,0.9259259259259259,4.166666666666667,0.46296296296296297,,,
03BNAD07,03BNAD,1981,,,,0,0,0,0.0,189,27,0,127,1,4,0,0,14.285714285714286,0.0,67.19576719576719,0.5291005291005291,2.1164021164021163,0.0,0.0,,,
03BNAD08,03BNAD,1981,,,,1,0,1,0.0,173,31,2,105,0,7,3,0,17.91907514450867,1.1560693641618498,60.69364161849711,0.0,4.046242774566474,1.7341040462427746,0.0,,,
03BNAD09,03BNAD,1981,,,,0,0,0,0.0,203,70,0,113,0,6,0,0,34.48275862068966,0.0,55.66502463054187,0.0,2.955665024630542,0.0,0.0,,,
03BNAD10,03BNAD,1981,,,,0,0,0,0.0,219,135,0,90,1,4,0,0,61.64383561643836,0.0,41.0958904109589,0.45662100456621,1.82648401826484,0.0,0.0,,,
03BNAD11,03BNAD,1981,,,,3,3,0,0.0,171,48,0,88,2,1,0,0,28.07017543859649,0.0,51.461988304093566,1.1695906432748537,0.5847953216374269,0.0,0.0,,,
03BNAD12,03BNAD,1981,,,,9,3,6,0.0,147,66,0,75,2,3,0,0,44.89795918367347,0.0,51.02040816326531,1.3605442176870748,2.0408163265306123,0.0,0.0,,,
03BNAD13,03BNAD,1981,,,,4,1,3,0.0,170,36,0,101,5,2,4,5,21.176470588235293,0.0,59.411764705882355,2.9411764705882355,1.1764705882352942,2.3529411764705883,2.9411764705882355,,,
03BNAD14,03BNAD,1981,,,,0,0,0,0.0,179,16,0,109,2,6,0,0,8.938547486033519,0.0,60.89385474860335,1.1173184357541899,3.35195530726257,0.0,0.0,,,
03BNAD15,03BNAD,1981,,,,0,0,0,0.0,196,15,0,108,0,12,0,0,7.653061224489796,0.0,55.10204081632653,0.0,6.122448979591836,0.0,0.0,,,
03BNAD16,03BNAD,1981,,,,0,0,0,0.0,207,22,0,137,2,16,1,0,10.628019323671497,0.0,66.18357487922705,0.966183574879227,7.729468599033816,0.4830917874396135,0.0,,,
03BNAD17,03BNAD,1981,,,,5,3,2,0.0,240,11,1,163,3,15,1,0,4.583333333333333,0.4166666666666667,67.91666666666667,1.25,6.25,0.4166666666666667,0.0,,,
03BNAD18,03BNAD,1981,,,,0,0,0,0.0,215,34,1,132,3,13,4,0,15.813953488372093,0.46511627906976744,61.395348837209305,1.3953488372093024,6.046511627906977,1.8604651162790697,0.0,,,
03BNAD19,03BNAD,1981,,,,0,0,0,0.0,211,105,0,90,1,6,1,0,49.76303317535545,0.0,42.654028436018955,0.47393364928909953,2.843601895734597,0.47393364928909953,0.0,,,
03BNAD20,03BNAD,1981,,,,2,2,0,0.0,124,40,0,66,1,2,1,0,32.25806451612903,0.0,53.225806451612904,0.8064516129032258,1.6129032258064515,0.8064516129032258,0.0,,,
03BNAD21,03BNAD,1981,,,,1,0,1,0.0,149,28,0,91,1,2,0,0,18.79194630872483,0.0,61.07382550335571,0.6711409395973155,1.342281879194631,0.0,0.0,,,
03BNAD22,03BNAD,1981,,,,2,1,1,0.0,131,30,0,78,5,3,0,0,22.900763358778626,0.0,59.541984732824424,3.816793893129771,2.2900763358778624,0.0,0.0,,,
03BNAD23,03BNAD,1981,,,,0,0,0,0.0,188,10,0,124,1,11,0,0,5.319148936170213,0.0,65.95744680851064,0.5319148936170213,5.851063829787234,0.0,0.0,,,
03BNAD24,03BNAD,1981,,,,1,0,1,0.0,174,64,0,53,5,3,1,0,36.7816091954023,0.0,30.45977011494253,2.8735632183908044,1.7241379310344827,0.5747126436781609,0.0,,,
03BNAD25,03BNAD,1981,,,,13,5,8,0.0,194,15,0,126,13,4,1,0,7.731958762886598,0.0,64.94845360824742,6.701030927835052,2.0618556701030926,0.5154639175257731,0.0,,,
03BNAD26,03BNAD,1981,,,,4,1,3,0.0,118,40,0,62,3,0,1,0,33.898305084745765,0.0,52.54237288135593,2.542372881355932,0.0,0.847457627118644,0.0,,,
03BNAD27,03BNAD,1981,,,,3,1,2,0.0,161,58,0,71,14,2,0,0,36.024844720496894,0.0,44.099378881987576,8.695652173913043,1.2422360248447204,0.0,0.0,,,
03BNAD28,03BNAD,1981,,,,0,0,0,0.0,121,57,0,52,0,0,0,0,47.107438016528924,0.0,42.97520661157025,0.0,0.0,0.0,0.0,,,
03BNAD29,03BNAD,1981,,,,1,1,0,0.0,0,0,0,0,0,0,0,0,,,,,,,,,,
03BNAD30,03BNAD,1981,,,,8,0,8,0.0,0,0,0,0,0,0,0,0,,,,,,,,,,
03BNAD31,03BNAD,1981,,,,0,0,0,0.0,0,0,0,0,0,0,0,0,,,,,,,,,,
03BNAD32,03BNAD,1981,,,,0,0,0,0.0,0,0,0,0,0,0,0,0,,,,,,,,,,
03BNAE01,03BNAE,1981,,,,0,0,0,0.0,199,3,0,169,6,15,0,0,1.5075376884422111,0.0,84.92462311557789,3.0150753768844223,7.5376884422110555,0.0,0.0,,,
03BNAE02,03BNAE,1981,,,,0,0,0,0.0,224,0,0,203,9,20,0,0,0.0,0.0,90.625,4.017857142857143,8.928571428571429,0.0,0.0,,,
03BNAE03,03BNAE,1981,,,,0,0,0,0.0,218,2,0,182,7,18,0,0,0.9174311926605505,0.0,83.4862385321101,3.2110091743119265,8.256880733944953,0.0,0.0,,,
03BNAE04,03BNAE,1981,,,,4,3,1,0.0,172,12,0,148,4,10,5,0,6.976744186046512,0.0,86.04651162790698,2.3255813953488373,5.813953488372093,2.9069767441860463,0.0,,,
03BNAE05,03BNAE,1981,,,,0,0,0,0.0,130,0,0,114,1,12,0,0,0.0,0.0,87.6923076923077,0.7692307692307693,9.23076923076923,0.0,0.0,,,
03BNAE06,03BNAE,1981,,,,0,0,0,0.0,119,7,0,91,0,8,5,0,5.882352941176471,0.0,76.47058823529412,0.0,6.722689075630252,4.201680672268908,0.0,,,
03BNAE07,03BNAE,1981,,,,0,0,0,0.0,198,0,0,145,2,15,0,0,0.0,0.0,73.23232323232324,1.0101010101010102,7.575757575757576,0.0,0.0,,,
03BNAE08,03BNAE,1981,,,,0,0,0,0.0,220,0,0,168,2,13,0,0,0.0,0.0,76.36363636363636,0.9090909090909091,5.909090909090909,0.0,0.0,,,
03BNAE09,03BNAE,1981,,,,0,0,0,0.0,86,6,0,63,0,3,19,12,6.976744186046512,0.0,73.25581395348837,0.0,3.488372093023256,22.093023255813954,13.953488372093023,,,
03BNAE10,03BNAE,1981,,,,0,0,0,0.0,0,0,0,0,0,0,0,0,,,,,,,,,,
03BNAE11,03BNAE,1981,,,,0,0,0,0.0,80,20,1,58,1,2,13,7,25.0,1.25,72.5,1.25,2.5,16.25,8.75,,,
03BNAE12,03BNAE,1981,,,,0,0,0,0.0,147,54,0,103,1,11,33,9,36.734693877551024,0.0,70.06802721088435,0.6802721088435374,7.482993197278912,22.448979591836736,6.122448979591836,,,
03BNAE13,03BNAE,1981,,,,0,0,0,0.0,235,1,0,186,0,5,0,0,0.425531914893617,0.0,79.14893617021276,0.0,2.127659574468085,0.0,0.0,,,
03BNAE14,03BNAE,1981,,,,4,4,0,0.0,182,1,0,144,1,10,1,1,0.5494505494505495,0.0,79.12087912087912,0.5494505494505495,5.4945054945054945,0.5494505494505495,0.5494505494505495,,,
03BNAE15,03BNAE,1981,,,,0,0,0,0.0,63,7,0,49,0,1,0,0,11.11111111111111,0.0,77.77777777777777,0.0,1.5873015873015872,0.0,0.0,,,
03BNAE16,03BNAE,1981,,,,18,13,5,0.0,209,0,0,179,1,6,0,0,0.0,0.0,85.64593301435407,0.4784688995215311,2.8708133971291865,0.0,0.0,,,
03BNAE17,03BNAE,1981,,,,0,0,0,0.0,115,31,4,90,0,3,29,1,26.956521739130434,3.4782608695652173,78.26086956521739,0.0,2.608695652173913,25.217391304347824,0.8695652173913043,,,
03BNAE18,03BNAE,1981,,,,11,3,8,0.0,167,1,0,133,3,20,0,0,0.5988023952095808,0.0,79.64071856287426,1.7964071856287425,11.976047904191617,0.0,0.0,,,
03BNAE19,03BNAE,1981,,,,8,7,1,0.0,193,21,2,151,2,9,19,1,10.880829015544041,1.0362694300518134,78.23834196891191,1.0362694300518134,4.66321243523316,9.844559585492227,0.5181347150259067,,,
03BNAE20,03BNAE,1981,,,,1,1,0,0.0,168,4,0,158,0,3,0,0,2.380952380952381,0.0,94.04761904761905,0.0,1.7857142857142858,0.0,0.0,,,
03BNAE21,03BNAE,1981,,,,9,5,4,0.0,154,9,0,133,5,9,3,0,5.8441558441558445,0.0,86.36363636363636,3.2467532467532467,5.8441558441558445,1.948051948051948,0.0,,,
03BNAE22,03BNAE,1981,,,,0,0,0,0.0,0,0,0,0,0,0,0,0,,,,,,,,,,
03BNAE23,03BNAE,1981,,,,2,1,1,0.0,0,0,0,0,0,0,0,0,,,,,,,,,,
03BNAF01,03BNAF,1981,,,,0,0,0,0.0,148,47,0,63,0,4,0,3,31.756756756756758,0.0,42.567567567567565,0.0,2.7027027027027026,0.0,2.027027027027027,,,
03BNAF02,03BNAF,1981,,,,0,0,0,0.0,174,54,0,102,1,10,0,0,31.03448275862069,0.0,58.62068965517241,0.5747126436781609,5.747126436781609,0.0,0.0,,,
03BNAF03,03BNAF,1981,,,,0,0,0,0.0,196,79,0,118,5,13,0,0,40.30612244897959,0.0,60.204081632653065,2.5510204081632653,6.63265306122449,0.0,0.0,,,
03BNAF04,03BNAF,1981,,,,0,0,0,0.0,161,15,0,103,1,3,0,0,9.316770186335404,0.0,63.975155279503106,0.6211180124223602,1.8633540372670807,0.0,0.0,,,
03BNAF05,03BNAF,1981,,,,1,1,0,0.0,196,85,0,135,1,3,4,0,43.36734693877551,0.0,68.87755102040816,0.5102040816326531,1.530612244897959,2.0408163265306123,0.0,,,
03BNAF06,03BNAF,1981,,,,5,1,4,0.0,208,100,0,100,1,1,0,0,48.07692307692308,0.0,48.07692307692308,0.4807692307692308,0.4807692307692308,0.0,0.0,,,
03BNAF07,03BNAF,1981,,,,0,0,0,0.0,197,117,0,105,0,3,0,0,59.390862944162436,0.0,53.2994923857868,0.0,1.5228426395939085,0.0,0.0,,,
03BNAF08,03BNAF,1981,,,,1,1,0,0.0,220,199,0,111,1,6,0,0,90.45454545454545,0.0,50.45454545454545,0.45454545454545453,2.727272727272727,0.0,0.0,,,
03BNAF09,03BNAF,1981,,,,0,0,0,0.0,285,8,0,214,0,11,0,0,2.807017543859649,0.0,75.08771929824562,0.0,3.8596491228070176,0.0,0.0,,,
03BNAF10,03BNAF,1981,,,,0,0,0,0.0,157,8,0,113,3,8,0,0,5.095541401273885,0.0,71.97452229299363,1.910828025477707,5.095541401273885,0.0,0.0,,,
03BNAF11,03BNAF,1981,,,,0,0,0,0.0,195,1,3,153,3,17,3,0,0.5128205128205128,1.5384615384615385,78.46153846153847,1.5384615384615385,8.717948717948717,1.5384615384615385,0.0,,,
03BNAF12,03BNAF,1981,,,,0,0,0,0.0,198,1,0,144,2,9,0,0,0.5050505050505051,0.0,72.72727272727273,1.0101010101010102,4.545454545454546,0.0,0.0,,,
03BNAF13,03BNAF,1981,,,,0,0,0,0.0,164,105,0,74,0,3,0,0,64.02439024390245,0.0,45.1219512195122,0.0,1.829268292682927,0.0,0.0,,,
03BNAF14,03BNAF,1981,,,,0,0,0,0.0,208,152,0,99,2,7,1,0,73.07692307692308,0.0,47.59615384615385,0.9615384615384616,3.3653846153846154,0.4807692307692308,0.0,,,
03BNAF15,03BNAF,1981,,,,0,0,0,0.0,185,35,0,115,1,4,1,0,18.91891891891892,0.0,62.16216216216216,0.5405405405405406,2.1621621621621623,0.5405405405405406,0.0,,,
03BNAF16,03BNAF,1981,,,,0,0,0,0.0,151,36,0,95,2,7,2,1,23.841059602649008,0.0,62.913907284768214,1.3245033112582782,4.635761589403973,1.3245033112582782,0.6622516556291391,,,
03BNAF17,03BNAF,1981,,,,0,0,0,0.0,223,164,1,118,0,4,2,0,73.54260089686099,0.4484304932735426,52.91479820627803,0.0,1.7937219730941705,0.8968609865470852,0.0,,,
03BNAF18,03BNAF,1981,,,,0,0,0,0.0,193,5,0,139,0,9,1,0,2.5906735751295336,0.0,72.02072538860104,0.0,4.66321243523316,0.5181347150259067,0.0,,,
03BNAF19,03BNAF,1981,,,,0,0,0,0.0,215,0,1,155,5,12,1,0,0.0,0.46511627906976744,72.09302325581395,2.3255813953488373,5.5813953488372094,0.46511627906976744,0.0,,,
03BNAF20,03BNAF,1981,,,,5,3,2,0.0,194,26,0,137,1,16,4,0,13.402061855670103,0.0,70.61855670103093,0.5154639175257731,8.24742268041237,2.0618556701030926,0.0,,,
03BNAF21,03BNAF,1981,,,,0,0,0,0.0,219,125,0,132,1,18,15,0,57.077625570776256,0.0,60.273972602739725,0.45662100456621,8.219178082191782,6.8493150684931505,0.0,,,
03BNAF22,03BNAF,1981,,,,0,0,0,0.0,212,193,0,88,0,4,0,0,91.0377358490566,0.0,41.509433962264154,0.0,1.8867924528301887,0.0,0.0,,,
03BNAF23,03BNAF,1981,,,,0,0,0,0.0,164,59,0,94,0,1,0,0,35.97560975609756,0.0,57.31707317073171,0.0,0.6097560975609756,0.0,0.0,,,
03BNAF24,03BNAF,1981,,,,0,0,0,0.0,182,1,0,152,2,3,0,0,0.5494505494505495,0.0,83.51648351648352,1.098901098901099,1.6483516483516483,0.0,0.0,,,
03BNAF25,03BNAF,1981,,,,0,0,0,0.0,174,2,0,132,1,3,0,0,1.1494252873563218,0.0,75.86206896551724,0.5747126436781609,1.7241379310344827,0.0,0.0,,,
03BNAF26,03BNAF,1981,,,,0,0,0,0.0,207,5,0,129,2,11,1,0,2.4154589371980677,0.0,62.31884057971015,0.966183574879227,5.314009661835748,0.4830917874396135,0.0,,,
03BNAF27,03BNAF,1981,,,,0,0,0,0.0,211,24,0,145,2,8,1,0,11.374407582938389,0.0,68.72037914691943,0.9478672985781991,3.7914691943127963,0.47393364928909953,0.0,,,
03BNAF28,03BNAF,1981,,,,1,1,0,0.0,200,33,0,141,0,8,1,0,16.5,0.0,70.5,0.0,4.0,0.5,0.0,,,
03BNAF29,03BNAF,1981,,,,0,0,0,0.0,0,0,0,0,0,0,0,0,,,,,,,,,,
03BNAG01,03BNAG,1981,,,,0,0,0,0.0,215,5,0,154,4,15,0,0,2.3255813953488373,0.0,71.62790697674419,1.8604651162790697,6.976744186046512,0.0,0.0,,,
03BNAG02,03BNAG,1981,,,,0,0,0,0.0,220,50,3,137,3,18,3,0,22.727272727272727,1.3636363636363635,62.27272727272727,1.3636363636363635,8.181818181818182,1.3636363636363635,0.0,,,
03BNAG03,03BNAG,1981,,,,2,1,1,0.0,222,52,0,148,2,21,0,0,23.423423423423422,0.0,66.66666666666667,0.9009009009009009,9.45945945945946,0.0,0.0,,,
03BNAG04,03BNAG,1981,,,,0,0,0,0.0,193,122,0,108,1,11,48,0,63.21243523316062,0.0,55.95854922279793,0.5181347150259067,5.699481865284974,24.870466321243523,0.0,,,
03BNAG05,03BNAG,1981,,,,1,1,0,0.0,136,5,0,92,1,13,0,0,3.676470588235294,0.0,67.6470588235294,0.7352941176470589,9.558823529411764,0.0,0.0,,,
03BNAG06,03BNAG,1981,,,,0,0,0,0.0,167,53,3,117,1,9,17,23,31.736526946107784,1.7964071856287425,70.05988023952096,0.5988023952095808,5.389221556886228,10.179640718562874,13.77245508982036,,,
03BNAG07,03BNAG,1981,,,,0,0,0,0.0,222,24,0,152,5,18,2,0,10.81081081081081,0.0,68.46846846846847,2.2522522522522523,8.108108108108109,0.9009009009009009,0.0,,,
03BNAG08,03BNAG,1981,,,,7,3,4,0.0,154,101,1,98,1,7,53,9,65.58441558441558,0.6493506493506493,63.63636363636363,0.6493506493506493,4.545454545454546,34.41558441558441,5.8441558441558445,,,
03BNAG09,03BNAG,1981,,,,0,0,0,0.0,184,71,2,138,2,2,32,8,38.58695652173913,1.0869565217391304,75.0,1.0869565217391304,1.0869565217391304,17.391304347826086,4.3478260869565215,,,
03BNAG10,03BNAG,1981,,,,0,0,0,0.0,175,54,0,125,0,6,16,9,30.857142857142858,0.0,71.42857142857143,0.0,3.4285714285714284,9.142857142857142,5.142857142857143,,,
03BNAG11,03BNAG,1981,,,,4,3,1,0.0,189,99,0,123,2,15,23,1,52.38095238095238,0.0,65.07936507936508,1.0582010582010581,7.936507936507937,12.16931216931217,0.5291005291005291,,,
03BNAG12,03BNAG,1981,,,,0,0,0,0.0,166,129,7,105,2,4,34,11,77.71084337349397,4.216867469879518,63.25301204819277,1.2048192771084338,2.4096385542168677,20.481927710843372,6.626506024096385,,,
03BNAG13,03BNAG,1981,,,,5,3,2,0.0,169,83,5,116,0,10,81,1,49.112426035502956,2.9585798816568047,68.63905325443787,0.0,5.9171597633136095,47.928994082840234,0.591715976331361,,,
03BNAG14,03BNAG,1981,,,,0,0,0,0.0,126,78,0,85,2,6,36,1,61.904761904761905,0.0,67.46031746031746,1.5873015873015872,4.761904761904762,28.571428571428573,0.7936507936507936,,,
03BNAG15,03BNAG,1981,,,,0,0,0,0.0,172,14,0,128,2,8,6,10,8.13953488372093,0.0,74.4186046511628,1.1627906976744187,4.651162790697675,3.488372093023256,5.813953488372093,,,
03BNAG16,03BNAG,1981,,,,1,0,1,0.0,226,66,0,165,1,9,17,25,29.20353982300885,0.0,73.00884955752213,0.4424778761061947,3.982300884955752,7.522123893805309,11.061946902654867,,,
03BNAG17,03BNAG,1981,,,,2,1,1,0.0,157,25,0,112,3,7,8,5,15.92356687898089,0.0,71.3375796178344,1.910828025477707,4.45859872611465,5.095541401273885,3.1847133757961785,,,
03BNAG18,03BNAG,1981,,,,0,0,0,0.0,255,2,0,186,0,15,0,0,0.7843137254901961,0.0,72.94117647058823,0.0,5.882352941176471,0.0,0.0,,,
03BNAG19,03BNAG,1981,,,,0,0,0,0.0,137,53,8,92,1,3,23,9,38.68613138686131,5.839416058394161,67.15328467153284,0.7299270072992701,2.18978102189781,16.78832116788321,6.569343065693431,,,
03BNAG20,03BNAG,1981,,,,0,0,0,0.0,109,54,1,84,3,4,10,17,49.54128440366973,0.9174311926605505,77.06422018348624,2.7522935779816513,3.669724770642202,9.174311926605505,15.596330275229358,,,
03BNAG21,03BNAG,1981,,,,2,2,0,0.0,129,38,2,93,1,7,12,15,29.45736434108527,1.550387596899225,72.09302325581395,0.7751937984496124,5.426356589147287,9.30232558139535,11.627906976744185,,,
03BNAG22,03BNAG,1981,,,,5,3,2,0.0,189,151,0,133,0,13,43,13,79.8941798941799,0.0,70.37037037037037,0.0,6.878306878306878,22.75132275132275,6.878306878306878,,,
03BNAG23,03BNAG,1981,,,,0,0,0,0.0,179,28,0,130,0,4,2,0,15.64245810055866,0.0,72.62569832402235,0.0,2.2346368715083798,1.1173184357541899,0.0,,,
03BNAG24,03BNAG,1981,,,,4,3,1,0.0,174,62,0,133,4,14,18,3,35.632183908045974,0.0,76.4367816091954,2.2988505747126435,8.045977011494253,10.344827586206897,1.7241379310344827,,,
03BNAG25,03BNAG,1981,,,,0,0,0,0.0,166,54,1,119,0,6,12,6,32.53012048192771,0.6024096385542169,71.6867469879518,0.0,3.6144578313253013,7.228915662650603,3.6144578313253013,,,
03BNAG26,03BNAG,1981,,,,0,0,0,0.0,136,20,1,100,1,5,11,4,14.705882352941176,0.7352941176470589,73.52941176470588,0.7352941176470589,3.676470588235294,8.088235294117647,2.9411764705882355,,,
03BNAG27,03BNAG,1981,,,,3,1,2,0.0,112,88,1,80,0,8,34,14,78.57142857142857,0.8928571428571429,71.42857142857143,0.0,7.142857142857143,30.357142857142858,12.5,,,
03BNAG28,03BNAG,1981,,,,0,0,0,0.0,131,87,2,91,0,7,24,32,66.41221374045801,1.5267175572519085,69.46564885496183,0.0,5.343511450381679,18.3206106870229,24.427480916030536,,,
03BNAG29,03BNAG,1981,,,,0,0,0,0.0,149,97,1,101,1,7,25,26,65.1006711409396,0.6711409395973155,67.78523489932886,0.6711409395973155,4.697986577181208,16.778523489932887,17.449664429530202,,,
03BNAG30,03BNAG,1981,,,,0,0,0,0.0,155,105,0,108,2,8,56,13,67.74193548387096,0.0,69.6774193548387,1.2903225806451613,5.161290322580645,36.12903225806452,8.387096774193548,,,
03BNAG31,03BNAG,1981,,,,0,0,0,0.0,166,107,0,109,0,5,55,7,64.4578313253012,0.0,65.66265060240964,0.0,3.0120481927710845,33.13253012048193,4.216867469879518,,,
03BNAG32,03BNAG,1981,,,,0,0,0,0.0,148,21,2,116,2,7,19,0,14.18918918918919,1.3513513513513513,78.37837837837837,1.3513513513513513,4.72972972972973,12.837837837837839,0.0,,,
03BNAG33,03BNAG,1981,,,,3,2,1,0.0,308,137,4,215,3,13,41,25,44.48051948051948,1.2987012987012987,69.8051948051948,0.974025974025974,4.220779220779221,13.311688311688311,8.116883116883116,,,
03BNAG34,03BNAG,1981,,,,3,0,3,0.0,170,140,0,91,0,6,10,1,82.3529411764706,0.0,53.529411764705884,0.0,3.5294117647058822,5.882352941176471,0.5882352941176471,,,
03BNAG35,03BNAG,1981,,,,0,0,0,0.0,218,193,0,97,1,13,4,0,88.53211009174312,0.0,44.4954128440367,0.45871559633027525,5.963302752293578,1.834862385321101,0.0,,,
03BNAH01,03BNAH,1981,,,,0,0,0,0.0,162,6,0,110,0,8,0,0,3.7037037037037037,0.0,67.90123456790124,0.0,4.938271604938271,0.0,0.0,,,
03BNAH02,03BNAH,1981,,,,0,0,0,0.0,184,2,0,129,2,9,0,0,1.0869565217391304,0.0,70.1086956521739,1.0869565217391304,4.891304347826087,0.0,0.0,,,
03BNAH03,03BNAH,1981,,,,0,0,0,0.0,214,14,0,116,0,3,0,0,6.542056074766355,0.0,54.205607476635514,0.0,1.4018691588785046,0.0,0.0,,,
03BNAH04,03BNAH,1981,,,,0,0,0,0.0,215,26,0,113,1,12,0,0,12.093023255813954,0.0,52.55813953488372,0.46511627906976744,5.5813953488372094,0.0,0.0,,,
03BNAH05,03BNAH,1981,,,,0,0,0,0.0,200,33,0,133,2,3,0,0,16.5,0.0,66.5,1.0,1.5,0.0,0.0,,,
03BNAH06,03BNAH,1981,,,,2,0,2,0.0,196,64,0,95,0,2,0,0,32.6530612244898,0.0,48.46938775510204,0.0,1.0204081632653061,0.0,0.0,,,
03BNAH07,03BNAH,1981,,,,0,0,0,0.0,215,7,0,137,0,9,0,0,3.255813953488372,0.0,63.72093023255814,0.0,4.186046511627907,0.0,0.0,,,
03BNAH08,03BNAH,1981,,,,0,0,0,0.0,184,10,0,113,0,6,0,0,5.434782608695652,0.0,61.41304347826087,0.0,3.260869565217391,0.0,0.0,,,
03BNAH09,03BNAH,1981,,,,0,0,0,0.0,186,2,0,116,1,12,0,0,1.075268817204301,0.0,62.365591397849464,0.5376344086021505,6.451612903225806,0.0,0.0,,,
03BNAH10,03BNAH,1981,,,,5,1,4,0.0,175,0,0,124,5,12,0,0,0.0,0.0,70.85714285714286,2.857142857142857,6.857142857142857,0.0,0.0,,,
03BNAH11,03BNAH,1981,,,,1,1,0,0.0,155,7,0,106,1,5,0,0,4.516129032258065,0.0,68.38709677419355,0.6451612903225806,3.225806451612903,0.0,0.0,,,
03BNAH12,03BNAH,1981,,,,0,0,0,0.0,185,7,0,130,0,13,0,0,3.7837837837837838,0.0,70.27027027027027,0.0,7.027027027027027,0.0,0.0,,,
03BNAH13,03BNAH,1981,,,,0,0,0,0.0,194,44,0,104,0,5,0,0,22.68041237113402,0.0,53.608247422680414,0.0,2.577319587628866,0.0,0.0,,,
03BNAH14,03BNAH,1981,,,,0,0,0,0.0,171,4,0,119,3,8,0,0,2.3391812865497075,0.0,69.5906432748538,1.7543859649122806,4.678362573099415,0.0,0.0,,,
03BNAH15,03BNAH,1981,,,,0,0,0,0.0,202,38,0,104,1,11,0,0,18.81188118811881,0.0,51.48514851485149,0.49504950495049505,5.445544554455446,0.0,0.0,,,
03BNAH16,03BNAH,1981,,,,0,0,0,0.0,183,183,0,21,0,1,0,0,100.0,0.0,11.475409836065573,0.0,0.546448087431694,0.0,0.0,,,
03BNAH17,03BNAH,1981,,,,0,0,0,0.0,219,172,0,31,0,2,0,0,78.53881278538813,0.0,14.155251141552512,0.0,0.91324200913242,0.0,0.0,,,
03BNAH18,03BNAH,1981,,,,2,1,1,0.0,217,105,0,71,2,3,1,0,48.38709677419355,0.0,32.71889400921659,0.9216589861751152,1.3824884792626728,0.4608294930875576,0.0,,,
03BNAH19,03BNAH,1981,,,,0,0,0,0.0,204,9,0,121,0,19,0,1,4.411764705882353,0.0,59.31372549019608,0.0,9.313725490196079,0.0,0.49019607843137253,,,
03BNAH20,03BNAH,1981,,,,0,0,0,0.0,179,161,0,21,2,1,0,0,89.94413407821229,0.0,11.731843575418994,1.1173184357541899,0.5586592178770949,0.0,0.0,,,
03BNAH21,03BNAH,1981,,,,4,3,1,0.0,236,203,0,32,0,2,2,0,86.01694915254237,0.0,13.559322033898304,0.0,0.847457627118644,0.847457627118644,0.0,,,
03BNAH22,03BNAH,1981,,,,0,0,0,0.0,196,16,0,120,2,5,1,0,8.16326530612245,0.0,61.224489795918366,1.0204081632653061,2.5510204081632653,0.5102040816326531,0.0,,,
03BNAH23,03BNAH,1981,,,,1,0,1,0.0,197,87,0,85,0,7,0,0,44.16243654822335,0.0,43.14720812182741,0.0,3.553299492385787,0.0,0.0,,,
03BNAH24,03BNAH,1981,,,,0,0,0,0.0,205,10,0,116,1,7,0,0,4.878048780487805,0.0,56.58536585365854,0.4878048780487805,3.4146341463414633,0.0,0.0,,,
03BNAH25,03BNAH,1981,,,,0,0,0,0.0,180,10,0,109,1,5,0,0,5.555555555555555,0.0,60.55555555555556,0.5555555555555556,2.7777777777777777,0.0,0.0,,,
03BNAH26,03BNAH,1981,,,,1,0,1,0.0,197,51,0,105,1,5,1,0,25.888324873096447,0.0,53.2994923857868,0.5076142131979695,2.5380710659898478,0.5076142131979695,0.0,,,
03BNAH27,03BNAH,1981,,,,0,0,0,0.0,227,11,0,142,0,10,1,0,4.845814977973569,0.0,62.55506607929515,0.0,4.405286343612334,0.44052863436123346,0.0,,,
03BNAH28,03BNAH,1981,,,,9,6,3,0.0,214,143,0,59,0,2,0,0,66.82242990654206,0.0,27.570093457943926,0.0,0.9345794392523364,0.0,0.0,,,
03BNAH29,03BNAH,1981,,,,0,0,0,0.0,225,1,0,181,0,3,0,0,0.4444444444444444,0.0,80.44444444444444,0.0,1.3333333333333333,0.0,0.0,,,
03BNAH30,03BNAH,1981,,,,0,0,0,0.0,156,42,0,87,0,6,0,0,26.923076923076923,0.0,55.76923076923077,0.0,3.8461538461538463,0.0,0.0,,,
03BNAJ01,03BNAJ,1981,,,,2,1,1,0.0,181,88,0,103,1,8,0,0,48.61878453038674,0.0,56.9060773480663,0.5524861878453039,4.419889502762431,0.0,0.0,,,
03BNAJ02,03BNAJ,1981,,,,0,0,0,0.0,198,33,0,132,2,9,6,0,16.666666666666668,0.0,66.66666666666667,1.0101010101010102,4.545454545454546,3.0303030303030303,0.0,,,
03BNAJ03,03BNAJ,1981,,,,4,1,3,0.0,166,65,0,89,2,7,0,0,39.1566265060241,0.0,53.6144578313253,1.2048192771084338,4.216867469879518,0.0,0.0,,,
03BNAJ04,03BNAJ,1981,,,,0,0,0,0.0,195,179,0,71,0,3,0,0,91.7948717948718,0.0,36.41025641025641,0.0,1.5384615384615385,0.0,0.0,,,
03BNAJ05,03BNAJ,1981,,,,0,0,0,0.0,154,112,0,55,3,3,0,0,72.72727272727273,0.0,35.714285714285715,1.948051948051948,1.948051948051948,0.0,0.0,,,
03BNAJ06,03BNAJ,1981,,,,0,0,0,0.0,181,160,0,69,1,8,0,0,88.39779005524862,0.0,38.12154696132597,0.5524861878453039,4.419889502762431,0.0,0.0,,,
03BNAJ07,03BNAJ,1981,,,,1,1,0,0.0,144,116,0,65,1,5,1,0,80.55555555555556,0.0,45.138888888888886,0.6944444444444444,3.4722222222222223,0.6944444444444444,0.0,,,
03BNAJ08,03BNAJ,1981,,,,7,3,4,0.0,178,110,0,89,1,4,2,0,61.79775280898876,0.0,50.0,0.5617977528089888,2.247191011235955,1.1235955056179776,0.0,,,
03BNAJ09,03BNAJ,1981,,,,0,0,0,0.0,186,178,0,50,0,4,0,0,95.6989247311828,0.0,26.881720430107528,0.0,2.150537634408602,0.0,0.0,,,
03BNAJ10,03BNAJ,1981,,,,0,0,0,0.0,180,174,0,43,1,12,1,0,96.66666666666667,0.0,23.88888888888889,0.5555555555555556,6.666666666666667,0.5555555555555556,0.0,,,
03BNAJ11,03BNAJ,1981,,,,6,4,2,0.0,173,124,0,87,1,6,2,7,71.67630057803468,0.0,50.28901734104046,0.5780346820809249,3.468208092485549,1.1560693641618498,4.046242774566474,,,
03BNAJ12,03BNAJ,1981,,,,2,1,1,0.0,170,163,0,52,0,5,1,0,95.88235294117646,0.0,30.58823529411765,0.0,2.9411764705882355,0.5882352941176471,0.0,,,
03BNAJ13,03BNAJ,1981,,,,0,0,0,0.0,177,42,0,93,0,1,0,0,23.728813559322035,0.0,52.54237288135593,0.0,0.5649717514124294,0.0,0.0,,,
03BNAJ14,03BNAJ,1981,,,,1,0,1,0.0,217,103,0,97,1,8,0,0,47.465437788018434,0.0,44.70046082949309,0.4608294930875576,3.686635944700461,0.0,0.0,,,
03BNAJ15,03BNAJ,1981,,,,4,2,2,0.0,206,195,0,64,1,11,1,0,94.66019417475728,0.0,31.067961165048544,0.4854368932038835,5.339805825242719,0.4854368932038835,0.0,,,
03BNAJ16,03BNAJ,1981,,,,4,1,3,0.0,163,130,0,58,0,4,6,2,79.75460122699387,0.0,35.58282208588957,0.0,2.4539877300613497,3.6809815950920246,1.2269938650306749,,,
03BNAJ17,03BNAJ,1981,,,,0,0,0,0.0,219,13,0,144,0,4,0,0,5.936073059360731,0.0,65.75342465753425,0.0,1.82648401826484,0.0,0.0,,,
03BNAJ18,03BNAJ,1981,,,,1,0,1,0.0,230,15,1,138,4,10,1,0,6.521739130434782,0.43478260869565216,60.0,1.7391304347826086,4.3478260869565215,0.43478260869565216,0.0,,,
03BNAJ19,03BNAJ,1981,,,,0,0,0,0.0,159,4,0,107,3,11,0,0,2.5157232704402515,0.0,67.29559748427673,1.8867924528301887,6.918238993710692,0.0,0.0,,,
03BNAJ20,03BNAJ,1981,,,,0,0,0,0.0,216,10,0,167,2,10,0,0,4.62962962962963,0.0,77.31481481481481,0.9259259259259259,4.62962962962963,0.0,0.0,,,
03BNAJ21,03BNAJ,1981,,,,1,0,1,0.0,176,7,1,124,1,8,1,0,3.977272727272727,0.5681818181818182,70.45454545454545,0.5681818181818182,4.545454545454546,0.5681818181818182,0.0,,,
03BNAJ22,03BNAJ,1981,,,,0,0,0,0.0,166,44,0,106,3,5,0,0,26.50602409638554,0.0,63.855421686746986,1.8072289156626506,3.0120481927710845,0.0,0.0,,,
03BNAJ23,03BNAJ,1981,,,,0,0,0,0.0,159,119,0,53,0,10,0,0,74.84276729559748,0.0,33.333333333333336,0.0,6.289308176100629,0.0,0.0,,,
03BNAJ24,03BNAJ,1981,,,,3,1,2,0.0,193,5,0,119,2,6,0,0,2.5906735751295336,0.0,61.6580310880829,1.0362694300518134,3.1088082901554404,0.0,0.0,,,
03BNAJ25,03BNAJ,1981,,,,0,0,0,0.0,140,3,0,102,3,11,0,0,2.142857142857143,0.0,72.85714285714286,2.142857142857143,7.857142857142857,0.0,0.0,,,
03BNAJ26,03BNAJ,1981,,,,0,0,0,0.0,164,18,0,120,1,5,1,0,10.975609756097562,0.0,73.17073170731707,0.6097560975609756,3.048780487804878,0.6097560975609756,0.0,,,
03BNAJ27,03BNAJ,1981,,,,0,0,0,0.0,197,8,0,139,0,7,0,0,4.060913705583756,0.0,70.55837563451777,0.0,3.553299492385787,0.0,0.0,,,
03BNAJ28,03BNAJ,1981,,,,0,0,0,0.0,182,45,0,94,3,9,0,0,24.725274725274726,0.0,51.64835164835165,1.6483516483516483,4.945054945054945,0.0,0.0,,,
03BNAJ29,03BNAJ,1981,,,,0,0,0,0.0,139,53,0,60,2,2,0,0,38.1294964028777,0.0,43.16546762589928,1.4388489208633093,1.4388489208633093,0.0,0.0,,,
03BNAJ30,03BNAJ,1981,,,,0,0,0,0.0,172,5,0,118,1,11,0,0,2.9069767441860463,0.0,68.6046511627907,0.5813953488372093,6.395348837209302,0.0,0.0,,,
03BNAJ31,03BNAJ,1981,,,,1,0,1,0.0,0,0,0,0,0,0,0,0,,,,,,,,,,
03BNAK01,03BNAK,1981,,,,0,0,0,0.0,189,18,4,139,0,11,2,2,9.523809523809524,2.1164021164021163,73.54497354497354,0.0,5.8201058201058204,1.0582010582010581,1.0582010582010581,,,
03BNAK02,03BNAK,1981,,,,0,0,0,0.0,191,57,0,120,4,14,1,0,29.842931937172775,0.0,62.82722513089005,2.094240837696335,7.329842931937173,0.5235602094240838,0.0,,,
03BNAK03,03BNAK,1981,,,,1,0,1,0.0,225,189,0,75,1,9,0,0,84.0,0.0,33.333333333333336,0.4444444444444444,4.0,0.0,0.0,,,
03BNAK04,03BNAK,1981,,,,0,0,0,0.0,167,83,1,98,1,3,2,0,49.70059880239521,0.5988023952095808,58.68263473053892,0.5988023952095808,1.7964071856287425,1.1976047904191616,0.0,,,
03BNAK05,03BNAK,1981,,,,4,2,2,0.0,191,31,0,121,2,7,0,0,16.230366492146597,0.0,63.35078534031414,1.0471204188481675,3.6649214659685865,0.0,0.0,,,
03BNAK06,03BNAK,1981,,,,0,0,0,0.0,196,39,0,121,0,3,0,0,19.897959183673468,0.0,61.734693877551024,0.0,1.530612244897959,0.0,0.0,,,
03BNAK07,03BNAK,1981,,,,0,0,0,0.0,193,164,0,64,0,10,0,0,84.97409326424871,0.0,33.16062176165803,0.0,5.181347150259067,0.0,0.0,,,
03BNAK08,03BNAK,1981,,,,1,0,1,0.0,202,33,1,127,1,5,2,0,16.336633663366335,0.49504950495049505,62.87128712871287,0.49504950495049505,2.4752475247524752,0.9900990099009901,0.0,,,
03BNAK09,03BNAK,1981,,,,0,0,0,0.0,209,5,0,135,5,12,0,0,2.3923444976076556,0.0,64.5933014354067,2.3923444976076556,5.741626794258373,0.0,0.0,,,
03BNAK10,03BNAK,1981,,,,0,0,0,0.0,177,0,0,146,2,0,0,0,0.0,0.0,82.48587570621469,1.1299435028248588,0.0,0.0,0.0,,,
03BNAK11,03BNAK,1981,,,,0,0,0,0.0,165,0,0,139,1,1,0,0,0.0,0.0,84.24242424242425,0.6060606060606061,0.6060606060606061,0.0,0.0,,,
03BNAK12,03BNAK,1981,,,,0,0,0,0.0,166,0,0,134,0,0,0,0,0.0,0.0,80.72289156626506,0.0,0.0,0.0,0.0,,,
03BNAK13,03BNAK,1981,,,,0,0,0,0.0,180,0,2,149,0,0,2,0,0.0,1.1111111111111112,82.77777777777777,0.0,0.0,1.1111111111111112,0.0,,,
03BNAK14,03BNAK,1981,,,,1,1,0,0.0,223,78,0,129,3,8,0,0,34.97757847533632,0.0,57.847533632286996,1.345291479820628,3.587443946188341,0.0,0.0,,,
03BNAK15,03BNAK,1981,,,,1,0,1,0.0,204,112,0,99,2,2,0,1,54.90196078431372,0.0,48.529411764705884,0.9803921568627451,0.9803921568627451,0.0,0.49019607843137253,,,
03BNAK16,03BNAK,1981,,,,3,1,2,0.0,199,96,0,96,0,9,0,0,48.24120603015076,0.0,48.24120603015076,0.0,4.522613065326633,0.0,0.0,,,
03BNAK17,03BNAK,1981,,,,0,0,0,0.0,197,0,0,141,0,0,0,0,0.0,0.0,71.57360406091371,0.0,0.0,0.0,0.0,,,
03BNAK18,03BNAK,1981,,,,0,0,0,0.0,190,0,0,143,0,2,0,0,0.0,0.0,75.26315789473684,0.0,1.0526315789473684,0.0,0.0,,,
03BNAK19,03BNAK,1981,,,,0,0,0,0.0,177,132,0,69,1,11,0,0,74.57627118644068,0.0,38.983050847457626,0.5649717514124294,6.214689265536723,0.0,0.0,,,
03BNAK20,03BNAK,1981,,,,0,0,0,0.0,205,12,0,149,2,10,1,0,5.853658536585366,0.0,72.6829268292683,0.975609756097561,4.878048780487805,0.4878048780487805,0.0,,,
03BNAK21,03BNAK,1981,,,,0,0,0,0.0,217,18,0,150,0,6,0,0,8.294930875576037,0.0,69.12442396313364,0.0,2.7649769585253456,0.0,0.0,,,
03BNAK22,03BNAK,1981,,,,1,1,0,0.0,193,56,0,131,0,5,0,0,29.015544041450777,0.0,67.87564766839378,0.0,2.5906735751295336,0.0,0.0,,,
03BNAK23,03BNAK,1981,,,,0,0,0,0.0,227,7,0,170,2,16,1,0,3.0837004405286343,0.0,74.8898678414097,0.8810572687224669,7.048458149779735,0.44052863436123346,0.0,,,
03BNAK24,03BNAK,1981,,,,0,0,0,0.0,210,22,0,151,1,4,0,0,10.476190476190476,0.0,71.9047619047619,0.47619047619047616,1.9047619047619047,0.0,0.0,,,
03BNAK25,03BNAK,1981,,,,1,0,1,0.0,0,0,0,0,0,0,0,0,,,,,,,,,,
03BNAL01,03BNAL,1981,,,,1,1,0,0.0,75,6,0,58,0,4,1,0,8.0,0.0,77.33333333333333,0.0,5.333333333333333,1.3333333333333333,0.0,,,
03BNAL02,03BNAL,1981,,,,19,13,6,0.0,192,165,0,76,10,12,0,0,85.9375,0.0,39.583333333333336,5.208333333333333,6.25,0.0,0.0,,,
03BNAL03,03BNAL,1981,,,,1,0,1,0.0,153,135,0,77,3,13,0,0,88.23529411764706,0.0,50.326797385620914,1.9607843137254901,8.49673202614379,0.0,0.0,,,
03BNAL04,03BNAL,1981,,,,21,10,11,0.0,126,84,0,88,4,15,14,0,66.66666666666667,0.0,69.84126984126983,3.1746031746031744,11.904761904761905,11.11111111111111,0.0,,,
03BNAL05,03BNAL,1981,,,,40,27,13,0.0,176,124,0,121,12,13,13,0,70.45454545454545,0.0,68.75,6.818181818181818,7.386363636363637,7.386363636363637,0.0,,,
03BNAL06,03BNAL,1981,,,,18,14,4,0.0,199,128,0,109,1,9,3,0,64.321608040201,0.0,54.77386934673367,0.5025125628140703,4.522613065326633,1.5075376884422111,0.0,,,
03BNAL07,03BNAL,1981,,,,16,11,5,0.0,213,159,0,130,1,16,15,1,74.64788732394366,0.0,61.032863849765256,0.4694835680751174,7.511737089201878,7.042253521126761,0.4694835680751174,,,
03BNAL08,03BNAL,1981,,,,10,7,3,0.0,145,81,0,66,6,5,0,0,55.86206896551724,0.0,45.51724137931034,4.137931034482759,3.4482758620689653,0.0,0.0,,,
03BNAL09,03BNAL,1981,,,,0,0,0,0.0,129,23,2,80,1,8,25,1,17.829457364341085,1.550387596899225,62.01550387596899,0.7751937984496124,6.2015503875969,19.37984496124031,0.7751937984496124,,,
03BNAL10,03BNAL,1981,,,,0,0,0,0.0,135,111,0,71,6,11,2,0,82.22222222222223,0.0,52.592592592592595,4.444444444444445,8.148148148148149,1.4814814814814814,0.0,,,
03BNAL11,03BNAL,1981,,,,5,2,3,0.0,118,104,0,68,2,15,2,0,88.13559322033899,0.0,57.6271186440678,1.694915254237288,12.711864406779661,1.694915254237288,0.0,,,
03BNAL12,03BNAL,1981,,,,0,0,0,0.0,218,3,0,174,1,8,0,0,1.3761467889908257,0.0,79.81651376146789,0.45871559633027525,3.669724770642202,0.0,0.0,,,
03BNAL13,03BNAL,1981,,,,0,0,0,0.0,86,64,0,48,4,4,1,0,74.4186046511628,0.0,55.81395348837209,4.651162790697675,4.651162790697675,1.1627906976744187,0.0,,,
03BNAL14,03BNAL,1981,,,,2,2,0,0.0,53,22,0,40,3,2,0,0,41.509433962264154,0.0,75.47169811320755,5.660377358490566,3.7735849056603774,0.0,0.0,,,
03BNAL15,03BNAL,1981,,,,6,4,2,0.0,117,36,0,81,0,11,4,0,30.76923076923077,0.0,69.23076923076923,0.0,9.401709401709402,3.4188034188034186,0.0,,,
03BNAL16,03BNAL,1981,,,,6,4,2,0.0,124,73,0,74,6,27,6,0,58.87096774193548,0.0,59.67741935483871,4.838709677419355,21.774193548387096,4.838709677419355,0.0,,,
03BNAL17,03BNAL,1981,,,,1,0,1,0.0,128,0,0,99,0,5,0,0,0.0,0.0,77.34375,0.0,3.90625,0.0,0.0,,,
03BNAL18,03BNAL,1981,,,,0,0,0,0.0,169,26,1,132,2,6,2,0,15.384615384615385,0.591715976331361,78.10650887573965,1.183431952662722,3.5502958579881656,1.183431952662722,0.0,,,
03BNAL19,03BNAL,1981,,,,6,3,3,0.0,153,103,1,96,6,4,8,3,67.3202614379085,0.6535947712418301,62.745098039215684,3.9215686274509802,2.6143790849673203,5.228758169934641,1.9607843137254901,,,
03BNAL20,03BNAL,1981,,,,15,8,7,0.0,170,113,0,96,3,6,6,2,66.47058823529412,0.0,56.470588235294116,1.7647058823529411,3.5294117647058822,3.5294117647058822,1.1764705882352942,,,
03BNAL21,03BNAL,1981,,,,0,0,0,0.0,145,0,0,119,2,16,0,0,0.0,0.0,82.06896551724138,1.3793103448275863,11.03448275862069,0.0,0.0,,,
03BNAL22,03BNAL,1981,,,,0,0,0,0.0,162,2,0,120,0,6,0,0,1.2345679012345678,0.0,74.07407407407408,0.0,3.7037037037037037,0.0,0.0,,,
03BNAL23,03BNAL,1981,,,,0,0,0,0.0,154,0,0,126,3,12,0,0,0.0,0.0,81.81818181818181,1.948051948051948,7.792207792207792,0.0,0.0,,,
03BNAL24,03BNAL,1981,,,,11,2,9,0.0,166,130,0,104,10,24,17,1,78.3132530120482,0.0,62.65060240963855,6.024096385542169,14.457831325301205,10.240963855421686,0.6024096385542169,,,
03BNAL25,03BNAL,1981,,,,3,2,1,0.0,176,40,0,127,2,20,0,0,22.727272727272727,0.0,72.1590909090909,1.1363636363636365,11.363636363636363,0.0,0.0,,,
03BNAL26,03BNAL,1981,,,,0,0,0,0.0,0,0,0,0,0,0,0,0,,,,,,,,,,
03BNAM01,03BNAM,1981,,,,0,0,0,0.0,161,142,0,75,0,3,0,0,88.19875776397515,0.0,46.58385093167702,0.0,1.8633540372670807,0.0,0.0,,,
03BNAM02,03BNAM,1981,,,,2,2,0,0.0,216,182,0,84,0,10,0,0,84.25925925925925,0.0,38.888888888888886,0.0,4.62962962962963,0.0,0.0,,,
03BNAM03,03BNAM,1981,,,,5,2,3,0.0,196,145,0,104,1,4,4,0,73.9795918367347,0.0,53.06122448979592,0.5102040816326531,2.0408163265306123,2.0408163265306123,0.0,,,
03BNAM04,03BNAM,1981,,,,3,1,2,0.0,145,93,2,63,0,7,3,1,64.13793103448276,1.3793103448275863,43.44827586206897,0.0,4.827586206896552,2.0689655172413794,0.6896551724137931,,,
03BNAM05,03BNAM,1981,,,,0,0,0,0.0,140,25,0,77,1,3,0,0,17.857142857142858,0.0,55.0,0.7142857142857143,2.142857142857143,0.0,0.0,,,
03BNAM06,03BNAM,1981,,,,0,0,0,0.0,146,124,0,51,0,0,0,0,84.93150684931507,0.0,34.93150684931507,0.0,0.0,0.0,0.0,,,
03BNAM07,03BNAM,1981,,,,0,0,0,0.0,173,144,0,77,0,5,1,0,83.23699421965318,0.0,44.50867052023121,0.0,2.8901734104046244,0.5780346820809249,0.0,,,
03BNAM08,03BNAM,1981,,,,0,0,0,0.0,152,131,0,56,3,4,0,0,86.1842105263158,0.0,36.8421052631579,1.9736842105263157,2.6315789473684212,0.0,0.0,,,
03BNAM09,03BNAM,1981,,,,0,0,0,0.0,193,123,0,71,3,1,0,0,63.73056994818653,0.0,36.78756476683938,1.5544041450777202,0.5181347150259067,0.0,0.0,,,
03BNAM10,03BNAM,1981,,,,0,0,0,0.0,144,41,0,72,6,4,0,0,28.47222222222222,0.0,50.0,4.166666666666667,2.7777777777777777,0.0,0.0,,,
03BNAM11,03BNAM,1981,,,,3,2,1,0.0,165,33,0,114,2,2,0,0,20.0,0.0,69.0909090909091,1.2121212121212122,1.2121212121212122,0.0,0.0,,,
03BNAM12,03BNAM,1981,,,,2,1,1,0.0,187,51,0,103,1,1,3,0,27.272727272727273,0.0,55.080213903743314,0.5347593582887701,0.5347593582887701,1.6042780748663101,0.0,,,
03BNAM13,03BNAM,1981,,,,0,0,0,0.0,144,67,0,88,2,3,0,0,46.52777777777778,0.0,61.111111111111114,1.3888888888888888,2.0833333333333335,0.0,0.0,,,
03BNAM14,03BNAM,1981,,,,0,0,0,0.0,140,29,0,94,3,1,1,0,20.714285714285715,0.0,67.14285714285714,2.142857142857143,0.7142857142857143,0.7142857142857143,0.0,,,
03BNAM15,03BNAM,1981,,,,0,0,0,0.0,183,45,1,94,4,1,6,1,24.59016393442623,0.546448087431694,51.36612021857923,2.185792349726776,0.546448087431694,3.278688524590164,0.546448087431694,,,
03BNAM16,03BNAM,1981,,,,8,4,4,0.0,167,60,0,90,2,1,0,0,35.92814371257485,0.0,53.89221556886228,1.1976047904191616,0.5988023952095808,0.0,0.0,,,
03BNAM17,03BNAM,1981,,,,0,0,0,0.0,169,118,0,69,3,4,0,0,69.8224852071006,0.0,40.828402366863905,1.7751479289940828,2.366863905325444,0.0,0.0,,,
03BNAM18,03BNAM,1981,,,,0,0,0,0.0,141,109,0,49,0,2,0,0,77.30496453900709,0.0,34.751773049645394,0.0,1.4184397163120568,0.0,0.0,,,
03BNAM19,03BNAM,1981,,,,3,2,1,0.0,214,90,0,89,4,1,1,0,42.05607476635514,0.0,41.58878504672897,1.8691588785046729,0.4672897196261682,0.4672897196261682,0.0,,,
03BNAM20,03BNAM,1981,,,,1,0,1,0.0,189,141,0,101,5,2,12,0,74.60317460317461,0.0,53.439153439153436,2.6455026455026456,1.0582010582010581,6.349206349206349,0.0,,,
03BNAM21,03BNAM,1981,,,,1,0,1,0.0,220,140,0,118,0,2,5,4,63.63636363636363,0.0,53.63636363636363,0.0,0.9090909090909091,2.272727272727273,1.8181818181818181,,,
03BNAM22,03BNAM,1981,,,,0,0,0,0.0,135,83,0,59,2,5,2,0,61.48148148148148,0.0,43.7037037037037,1.4814814814814814,3.7037037037037037,1.4814814814814814,0.0,,,
03BNAM23,03BNAM,1981,,,,3,1,2,0.0,153,99,0,66,0,2,0,0,64.70588235294117,0.0,43.13725490196079,0.0,1.3071895424836601,0.0,0.0,,,
03BNAM24,03BNAM,1981,,,,0,0,0,0.0,179,129,1,96,0,6,14,28,72.06703910614524,0.5586592178770949,53.63128491620112,0.0,3.35195530726257,7.82122905027933,15.64245810055866,,,
03BNAM25,03BNAM,1981,,,,1,0,1,0.0,162,143,0,61,0,4,4,6,88.27160493827161,0.0,37.65432098765432,0.0,2.4691358024691357,2.4691358024691357,3.7037037037037037,,,
03BNAM26,03BNAM,1981,,,,0,0,0,0.0,194,123,0,136,1,2,17,19,63.402061855670105,0.0,70.10309278350516,0.5154639175257731,1.0309278350515463,8.762886597938145,9.793814432989691,,,
03BNAM27,03BNAM,1981,,,,0,0,0,0.0,174,156,0,85,0,2,3,0,89.65517241379311,0.0,48.85057471264368,0.0,1.1494252873563218,1.7241379310344827,0.0,,,
03BNAM28,03BNAM,1981,,,,0,0,0,0.0,177,127,0,88,0,2,0,0,71.75141242937853,0.0,49.717514124293785,0.0,1.1299435028248588,0.0,0.0,,,
03BNAM29,03BNAM,1981,,,,0,0,0,0.0,156,124,0,74,0,4,4,0,79.48717948717949,0.0,47.43589743589744,0.0,2.5641025641025643,2.5641025641025643,0.0,,,
03BNAM30,03BNAM,1981,,,,0,0,0,0.0,153,142,0,24,1,0,0,0,92.81045751633987,0.0,15.686274509803921,0.6535947712418301,0.0,0.0,0.0,,,
03BNAM31,03BNAM,1981,,,,5,2,3,0.0,198,150,0,60,0,0,0,0,75.75757575757575,0.0,30.303030303030305,0.0,0.0,0.0,0.0,,,
03BNAM32,03BNAM,1981,,,,1,1,0,0.0,171,83,0,76,0,5,0,0,48.538011695906434,0.0,44.44444444444444,0.0,2.9239766081871346,0.0,0.0,,,
03BNAM33,03BNAM,1981,,,,0,0,0,0.0,183,31,0,110,0,8,0,0,16.939890710382514,0.0,60.10928961748634,0.0,4.371584699453552,0.0,0.0,,,
03BNAN01,03BNAN,1981,,,,3,1,2,0.0,204,3,0,163,4,12,1,0,1.4705882352941178,0.0,79.90196078431373,1.9607843137254901,5.882352941176471,0.49019607843137253,0.0,,,
03BNAN02,03BNAN,1981,,,,2,1,1,0.0,73,0,0,57,2,6,0,0,0.0,0.0,78.08219178082192,2.73972602739726,8.219178082191782,0.0,0.0,,,
03BNAN03,03BNAN,1981,,,,0,0,0,0.0,100,1,0,87,0,17,0,0,1.0,0.0,87.0,0.0,17.0,0.0,0.0,,,
03BNAN04,03BNAN,1981,,,,0,0,0,0.0,36,0,1,15,9,3,2,15,0.0,2.7777777777777777,41.666666666666664,25.0,8.333333333333334,5.555555555555555,41.666666666666664,,,
03BNAN05,03BNAN,1981,,,,1,0,1,0.0,173,36,3,122,2,14,4,20,20.809248554913296,1.7341040462427746,70.52023121387283,1.1560693641618498,8.092485549132949,2.3121387283236996,11.560693641618498,,,
03BNAN06,03BNAN,1981,,,,0,0,0,0.0,234,0,0,197,1,14,0,0,0.0,0.0,84.1880341880342,0.42735042735042733,5.982905982905983,0.0,0.0,,,
03BNAN07,03BNAN,1981,,,,0,0,0,0.0,195,0,0,179,6,5,0,0,0.0,0.0,91.7948717948718,3.076923076923077,2.5641025641025643,0.0,0.0,,,
03BNAN08,03BNAN,1981,,,,0,0,0,0.0,193,0,0,171,3,12,0,0,0.0,0.0,88.60103626943005,1.5544041450777202,6.217616580310881,0.0,0.0,,,
03BNAN09,03BNAN,1981,,,,0,0,0,0.0,104,0,0,92,0,1,0,0,0.0,0.0,88.46153846153847,0.0,0.9615384615384616,0.0,0.0,,,
03BNAN10,03BNAN,1981,,,,0,0,0,0.0,83,4,0,55,1,5,3,0,4.819277108433735,0.0,66.26506024096386,1.2048192771084338,6.024096385542169,3.6144578313253013,0.0,,,
03BNAN11,03BNAN,1981,,,,0,0,0,0.0,93,0,0,91,0,0,0,0,0.0,0.0,97.84946236559139,0.0,0.0,0.0,0.0,,,
03BNAN12,03BNAN,1981,,,,0,0,0,0.0,130,1,0,117,5,7,2,0,0.7692307692307693,0.0,90.0,3.8461538461538463,5.384615384615385,1.5384615384615385,0.0,,,
03BNAN13,03BNAN,1981,,,,0,0,0,0.0,47,1,0,34,1,1,0,1,2.127659574468085,0.0,72.34042553191489,2.127659574468085,2.127659574468085,0.0,2.127659574468085,,,
03BNAN14,03BNAN,1981,,,,0,0,0,0.0,36,9,0,18,1,0,0,0,25.0,0.0,50.0,2.7777777777777777,0.0,0.0,0.0,,,
03BNAN15,03BNAN,1981,,,,0,0,0,0.0,50,3,0,29,0,1,0,1,6.0,0.0,58.0,0.0,2.0,0.0,2.0,,,
03BNAN16,03BNAN,1981,,,,0,0,0,0.0,0,0,0,0,0,0,0,0,,,,,,,,,,
03BNAN17,03BNAN,1981,,,,0,0,0,0.0,24,0,0,12,0,0,0,0,0.0,0.0,50.0,0.0,0.0,0.0,0.0,,,
03BNAN18,03BNAN,1981,,,,1,0,1,0.0,29,21,0,7,0,1,1,0,72.41379310344827,0.0,24.137931034482758,0.0,3.4482758620689653,3.4482758620689653,0.0,,,
03BNAN19,03BNAN,1981,,,,0,0,0,0.0,34,1,0,16,0,0,0,0,2.9411764705882355,0.0,47.05882352941177,0.0,0.0,0.0,0.0,,,
03BNAN20,03BNAN,1981,,,,0,0,0,0.0,28,1,0,11,0,0,3,1,3.5714285714285716,0.0,39.285714285714285,0.0,0.0,10.714285714285714,3.5714285714285716,,,
03BNAN21,03BNAN,1981,,,,0,0,0,0.0,0,0,0,0,0,0,0,0,,,,,,,,,,
03BNAN22,03BNAN,1981,,,,0,0,0,0.0,0,0,0,0,0,0,0,0,,,,,,,,,,
03BNAN23,03BNAN,1981,,,,0,0,0,0.0,0,0,0,0,0,0,0,0,,,,,,,,,,
03BNAN24,03BNAN,1981,,,,1,0,1,0.0,0,0,0,0,0,0,0,0,,,,,,,,,,
03BNAN25,03BNAN,1981,,,,0,0,0,0.0,0,0,0,0,0,0,0,0,,,,,,,,,,
03BNAN26,03BNAN,1981,,,,0,0,0,0.0,0,0,0,0,0,0,0,0,,,,,,,,,,
03BNAN27,03BNAN,1981,,,,2,2,0,0.0,0,0,0,0,0,0,0,0,,,,,,,,,,
03BNAN28,03BNAN,1981,,,,0,0,0,0.0,0,0,0,0,0,0,0,0,,,,,,,,,,
03BNAN29,03BNAN,1981,,,,0,0,0,0.0,0,0,0,0,0,0,0,0,,,,,,,,,,
03BNAN30,03BNAN,1981,,,,0,0,0,0.0,0,0,0,0,0,0,0,0,,,,,,,,,,
03BNAN31,03BNAN,1981,,,,0,0,0,0.0,0,0,0,0,0,0,0,0,,,,,,,,,,
03BNAN32,03BNAN,1981,,,,6,6,0,0.0,0,0,0,0,0,0,0,0,,,,,,,,,,
03BNAN33,03BNAN,1981,,,,1,0,1,0.0,0,0,0,0,0,0,0,0,,,,,,,,,,
03BNAP01,03BNAP,1981,,,,2,0,2,0.0,209,1,0,138,2,18,1,0,0.4784688995215311,0.0,66.02870813397129,0.9569377990430622,8.61244019138756,0.4784688995215311,0.0,,,
03BNAP02,03BNAP,1981,,,,0,0,0,0.0,176,1,0,109,2,17,0,0,0.5681818181818182,0.0,61.93181818181818,1.1363636363636365,9.659090909090908,0.0,0.0,,,
03BNAP03,03BNAP,1981,,,,0,0,0,0.0,176,0,0,124,2,17,0,0,0.0,0.0,70.45454545454545,1.1363636363636365,9.659090909090908,0.0,0.0,,,
03BNAP04,03BNAP,1981,,,,0,0,0,0.0,200,4,1,119,2,10,0,1,2.0,0.5,59.5,1.0,5.0,0.0,0.5,,,
03BNAP05,03BNAP,1981,,,,0,0,0,0.0,199,6,0,143,1,9,0,0,3.0150753768844223,0.0,71.85929648241206,0.5025125628140703,4.522613065326633,0.0,0.0,,,
03BNAP06,03BNAP,1981,,,,1,1,0,0.0,171,5,0,98,0,12,0,0,2.9239766081871346,0.0,57.30994152046784,0.0,7.017543859649122,0.0,0.0,,,
03BNAP07,03BNAP,1981,,,,0,0,0,0.0,82,7,0,45,1,6,0,0,8.536585365853659,0.0,54.8780487804878,1.2195121951219512,7.317073170731708,0.0,0.0,,,
03BNAP08,03BNAP,1981,,,,0,0,0,0.0,208,3,0,144,1,14,0,0,1.4423076923076923,0.0,69.23076923076923,0.4807692307692308,6.730769230769231,0.0,0.0,,,
03BNAP09,03BNAP,1981,,,,1,1,0,0.0,173,0,0,123,4,18,1,0,0.0,0.0,71.09826589595376,2.3121387283236996,10.404624277456648,0.5780346820809249,0.0,,,
03BNAP10,03BNAP,1981,,,,0,0,0,0.0,163,0,0,128,4,14,0,0,0.0,0.0,78.52760736196319,2.4539877300613497,8.588957055214724,0.0,0.0,,,
03BNAP11,03BNAP,1981,,,,0,0,0,0.0,189,1,0,118,2,16,0,0,0.5291005291005291,0.0,62.43386243386244,1.0582010582010581,8.465608465608465,0.0,0.0,,,
03BNAP12,03BNAP,1981,,,,1,0,1,0.0,163,2,0,111,3,8,1,0,1.2269938650306749,0.0,68.09815950920246,1.8404907975460123,4.9079754601226995,0.6134969325153374,0.0,,,
03BNAP13,03BNAP,1981,,,,1,0,1,0.0,179,0,0,147,4,6,0,0,0.0,0.0,82.12290502793296,2.2346368715083798,3.35195530726257,0.0,0.0,,,
03BNAP14,03BNAP,1981,,,,1,0,1,0.0,168,1,0,111,3,20,0,0,0.5952380952380952,0.0,66.07142857142857,1.7857142857142858,11.904761904761905,0.0,0.0,,,
03BNAP15,03BNAP,1981,,,,0,0,0,0.0,193,4,0,127,2,13,0,0,2.0725388601036268,0.0,65.80310880829016,1.0362694300518134,6.7357512953367875,0.0,0.0,,,
03BNAP16,03BNAP,1981,,,,0,0,0,0.0,209,2,0,141,1,16,0,0,0.9569377990430622,0.0,67.46411483253588,0.4784688995215311,7.655502392344498,0.0,0.0,,,
03BNAP17,03BNAP,1981,,,,1,1,0,0.0,178,5,2,114,6,14,3,0,2.808988764044944,1.1235955056179776,64.04494382022472,3.3707865168539324,7.865168539325842,1.6853932584269662,0.0,,,
03BNAP18,03BNAP,1981,,,,0,0,0,0.0,132,1,0,94,3,8,0,0,0.7575757575757576,0.0,71.21212121212122,2.272727272727273,6.0606060606060606,0.0,0.0,,,
03BNAP19,03BNAP,1981,,,,0,0,0,0.0,184,3,0,127,3,12,1,0,1.6304347826086956,0.0,69.02173913043478,1.6304347826086956,6.521739130434782,0.5434782608695652,0.0,,,
03BNAP20,03BNAP,1981,,,,0,0,0,0.0,182,3,0,123,0,8,0,0,1.6483516483516483,0.0,67.58241758241758,0.0,4.395604395604396,0.0,0.0,,,
03BNAP21,03BNAP,1981,,,,0,0,0,0.0,214,7,0,133,3,10,0,0,3.2710280373831777,0.0,62.149532710280376,1.4018691588785046,4.672897196261682,0.0,0.0,,,
03BNAP22,03BNAP,1981,,,,0,0,0,0.0,166,0,0,159,0,0,0,0,0.0,0.0,95.78313253012048,0.0,0.0,0.0,0.0,,,
03BNAP23,03BNAP,1981,,,,0,0,0,0.0,165,0,0,155,0,0,0,0,0.0,0.0,93.93939393939394,0.0,0.0,0.0,0.0,,,
03BNAP24,03BNAP,1981,,,,0,0,0,0.0,94,3,0,61,0,7,0,0,3.1914893617021276,0.0,64.8936170212766,0.0,7.446808510638298,0.0,0.0,,,
03BNAP25,03BNAP,1981,,,,0,0,0,0.0,73,3,0,50,0,4,0,0,4.109589041095891,0.0,68.4931506849315,0.0,5.47945205479452,0.0,0.0,,,
03BNAP26,03BNAP,1981,,,,0,0,0,0.0,185,1,0,117,1,18,0,0,0.5405405405405406,0.0,63.24324324324324,0.5405405405405406,9.72972972972973,0.0,0.0,,,
03BNAP27,03BNAP,1981,,,,0,0,0,0.0,156,2,0,99,0,12,1,0,1.2820512820512822,0.0,63.46153846153846,0.0,7.6923076923076925,0.6410256410256411,0.0,,,
03BNAP28,03BNAP,1981,,,,0,0,0,0.0,191,9,1,111,1,11,2,0,4.712041884816754,0.5235602094240838,58.1151832460733,0.5235602094240838,5.7591623036649215,1.0471204188481675,0.0,,,
03BNAP29,03BNAP,1981,,,,1,0,1,0.0,181,12,1,104,2,4,0,1,6.629834254143646,0.5524861878453039,57.4585635359116,1.1049723756906078,2.2099447513812156,0.0,0.5524861878453039,,,
03BNAP30,03BNAP,1981,,,,3,1,2,0.0,181,178,0,43,1,7,0,0,98.34254143646409,0.0,23.756906077348066,0.5524861878453039,3.867403314917127,0.0,0.0,,,
03BNAP31,03BNAP,1981,,,,0,0,0,0.0,227,5,0,138,4,9,0,0,2.202643171806167,0.0,60.79295154185022,1.7621145374449338,3.9647577092511015,0.0,0.0,,,
03BNAP32,03BNAP,1981,,,,1,1,0,0.0,190,10,0,121,3,18,0,0,5.2631578947368425,0.0,63.68421052631579,1.5789473684210527,9.473684210526315,0.0,0.0,,,
03BNAP33,03BNAP,1981,,,,0,0,0,0.0,201,166,0,39,3,2,0,0,82.58706467661692,0.0,19.402985074626866,1.492537313432836,0.9950248756218906,0.0,0.0,,,
03BNAP34,03BNAP,1981,,,,0,0,0,0.0,194,190,0,15,1,2,0,0,97.9381443298969,0.0,7.731958762886598,0.5154639175257731,1.0309278350515463,0.0,0.0,,,
03BNAP35,03BNAP,1981,,,,0,0,0,0.0,62,5,0,41,2,4,0,0,8.064516129032258,0.0,66.12903225806451,3.225806451612903,6.451612903225806,0.0,0.0,,,
03BNAP36,03BNAP,1981,,,,0,0,0,0.0,209,129,0,79,1,10,0,0,61.72248803827751,0.0,37.79904306220096,0.4784688995215311,4.784688995215311,0.0,0.0,,,
03BNAQ01,03BNAQ,1981,,,,0,0,0,0.0,234,90,0,141,0,1,0,0,38.46153846153846,0.0,60.256410256410255,0.0,0.42735042735042733,0.0,0.0,,,
03BNAQ02,03BNAQ,1981,,,,0,0,0,0.0,218,206,0,77,0,2,0,0,94.4954128440367,0.0,35.321100917431195,0.0,0.9174311926605505,0.0,0.0,,,
03BNAQ03,03BNAQ,1981,,,,0,0,0,0.0,214,203,0,87,0,5,0,0,94.85981308411215,0.0,40.654205607476634,0.0,2.336448598130841,0.0,0.0,,,
03BNAQ04,03BNAQ,1981,,,,0,0,0,0.0,242,156,0,128,0,3,0,0,64.46280991735537,0.0,52.892561983471076,0.0,1.2396694214876034,0.0,0.0,,,
03BNAQ05,03BNAQ,1981,,,,1,1,0,0.0,160,47,0,89,1,3,2,0,29.375,0.0,55.625,0.625,1.875,1.25,0.0,,,
03BNAQ06,03BNAQ,1981,,,,1,0,1,0.0,265,175,0,132,0,0,0,0,66.0377358490566,0.0,49.81132075471698,0.0,0.0,0.0,0.0,,,
03BNAQ07,03BNAQ,1981,,,,0,0,0,0.0,206,195,0,69,0,4,1,0,94.66019417475728,0.0,33.49514563106796,0.0,1.941747572815534,0.4854368932038835,0.0,,,
03BNAQ08,03BNAQ,1981,,,,0,0,0,0.0,185,171,1,83,0,4,2,4,92.43243243243244,0.5405405405405406,44.86486486486486,0.0,2.1621621621621623,1.0810810810810811,2.1621621621621623,,,
03BNAQ09,03BNAQ,1981,,,,1,0,1,0.0,225,163,0,121,0,6,0,0,72.44444444444444,0.0,53.77777777777778,0.0,2.6666666666666665,0.0,0.0,,,
03BNAQ10,03BNAQ,1981,,,,0,0,0,0.0,195,159,0,109,2,5,0,0,81.53846153846153,0.0,55.8974358974359,1.0256410256410255,2.5641025641025643,0.0,0.0,,,
03BNAQ11,03BNAQ,1981,,,,0,0,0,0.0,138,77,0,74,1,4,9,4,55.79710144927536,0.0,53.6231884057971,0.7246376811594203,2.898550724637681,6.521739130434782,2.898550724637681,,,
03BNAQ12,03BNAQ,1981,,,,0,0,0,0.0,185,105,0,112,3,5,0,0,56.75675675675676,0.0,60.54054054054054,1.6216216216216217,2.7027027027027026,0.0,0.0,,,
03BNAQ13,03BNAQ,1981,,,,1,1,0,0.0,194,122,0,110,5,1,3,6,62.88659793814433,0.0,56.70103092783505,2.577319587628866,0.5154639175257731,1.5463917525773196,3.0927835051546393,,,
03BNAQ14,03BNAQ,1981,,,,0,0,0,0.0,143,94,0,78,3,5,13,2,65.73426573426573,0.0,54.54545454545455,2.097902097902098,3.4965034965034967,9.090909090909092,1.3986013986013985,,,
03BNAQ15,03BNAQ,1981,,,,0,0,0,0.0,155,122,0,95,3,7,11,1,78.70967741935483,0.0,61.29032258064516,1.935483870967742,4.516129032258065,7.096774193548387,0.6451612903225806,,,
03BNAQ16,03BNAQ,1981,,,,0,0,0,0.0,133,111,0,43,0,1,8,3,83.45864661654136,0.0,32.330827067669176,0.0,0.7518796992481203,6.015037593984962,2.255639097744361,,,
03BNAQ17,03BNAQ,1981,,,,0,0,0,0.0,175,139,0,72,1,6,0,0,79.42857142857143,0.0,41.142857142857146,0.5714285714285714,3.4285714285714284,0.0,0.0,,,
03BNAQ18,03BNAQ,1981,,,,0,0,0,0.0,119,69,0,74,0,7,22,18,57.983193277310924,0.0,62.18487394957983,0.0,5.882352941176471,18.48739495798319,15.126050420168067,,,
03BNAQ19,03BNAQ,1981,,,,0,0,0,0.0,90,6,0,62,0,2,0,0,6.666666666666667,0.0,68.88888888888889,0.0,2.2222222222222223,0.0,0.0,,,
03BNAQ20,03BNAQ,1981,,,,0,0,0,0.0,65,61,0,26,1,2,1,0,93.84615384615384,0.0,40.0,1.5384615384615385,3.076923076923077,1.5384615384615385,0.0,,,
03BNAQ21,03BNAQ,1981,,,,0,0,0,0.0,158,19,0,133,3,1,0,0,12.025316455696203,0.0,84.17721518987342,1.8987341772151898,0.6329113924050633,0.0,0.0,,,
03BNAQ22,03BNAQ,1981,,,,2,1,1,0.0,176,79,0,91,11,5,0,0,44.88636363636363,0.0,51.70454545454545,6.25,2.840909090909091,0.0,0.0,,,
03BNAQ23,03BNAQ,1981,,,,0,0,0,0.0,115,27,0,64,3,4,1,0,23.47826086956522,0.0,55.65217391304348,2.608695652173913,3.4782608695652173,0.8695652173913043,0.0,,,
03BNAQ24,03BNAQ,1981,,,,8,4,4,0.0,128,72,2,66,1,5,21,3,56.25,1.5625,51.5625,0.78125,3.90625,16.40625,2.34375,,,
03BNAQ25,03BNAQ,1981,,,,0,0,0,0.0,167,94,0,83,8,1,5,0,56.287425149700596,0.0,49.70059880239521,4.790419161676646,0.5988023952095808,2.9940119760479043,0.0,,,
03BNAQ26,03BNAQ,1981,,,,0,0,0,0.0,76,31,0,47,5,3,0,0,40.78947368421053,0.0,61.8421052631579,6.578947368421052,3.9473684210526314,0.0,0.0,,,
03BNAQ27,03BNAQ,1981,,,,7,4,3,0.0,135,75,0,76,8,5,3,0,55.55555555555556,0.0,56.2962962962963,5.925925925925926,3.7037037037037037,2.2222222222222223,0.0,,,
03BNAQ28,03BNAQ,1981,,,,0,0,0,0.0,206,158,0,101,7,11,0,2,76.69902912621359,0.0,49.029126213592235,3.3980582524271843,5.339805825242719,0.0,0.970873786407767,,,
03BNAQ29,03BNAQ,1981,,,,0,0,0,0.0,168,34,0,120,2,8,13,3,20.238095238095237,0.0,71.42857142857143,1.1904761904761905,4.761904761904762,7.738095238095238,1.7857142857142858,,,
03BNAQ30,03BNAQ,1981,,,,0,0,0,0.0,166,54,0,116,2,8,13,0,32.53012048192771,0.0,69.87951807228916,1.2048192771084338,4.819277108433735,7.831325301204819,0.0,,,
03BNAQ31,03BNAQ,1981,,,,5,3,2,0.0,194,135,0,105,2,10,4,0,69.58762886597938,0.0,54.123711340206185,1.0309278350515463,5.154639175257732,2.0618556701030926,0.0,,,
03BNAQ32,03BNAQ,1981,,,,0,0,0,0.0,197,108,0,138,4,9,12,0,54.82233502538071,0.0,70.05076142131979,2.030456852791878,4.568527918781726,6.091370558375634,0.0,,,
03BNAQ33,03BNAQ,1981,,,,0,0,0,0.0,147,118,0,82,0,6,9,2,80.27210884353741,0.0,55.78231292517007,0.0,4.081632653061225,6.122448979591836,1.3605442176870748,,,
03BNAQ35,03BNAQ,1981,,,,3,0,3,0.0,0,0,0,0,0,0,0,0,,,,,,,,,,
03BNAR01,03BNAR,1981,,,,0,0,0,0.0,148,63,0,54,5,0,0,0,42.567567567567565,0.0,36.486486486486484,3.3783783783783785,0.0,0.0,0.0,,,
03BNAR02,03BNAR,1981,,,,2,1,1,0.0,159,60,0,61,1,4,0,0,37.735849056603776,0.0,38.36477987421384,0.6289308176100629,2.5157232704402515,0.0,0.0,,,
03BNAR03,03BNAR,1981,,,,1,0,1,0.0,208,163,0,64,1,2,1,0,78.36538461538461,0.0,30.76923076923077,0.4807692307692308,0.9615384615384616,0.4807692307692308,0.0,,,
03BNAR04,03BNAR,1981,,,,0,0,0,0.0,171,66,0,73,0,2,2,2,38.59649122807018,0.0,42.69005847953216,0.0,1.1695906432748537,1.1695906432748537,1.1695906432748537,,,
03BNAR05,03BNAR,1981,,,,0,0,0,0.0,165,146,0,39,0,1,0,0,88.48484848484848,0.0,23.636363636363637,0.0,0.6060606060606061,0.0,0.0,,,
03BNAR06,03BNAR,1981,,,,3,3,0,0.0,186,143,0,65,0,2,0,0,76.88172043010752,0.0,34.946236559139784,0.0,1.075268817204301,0.0,0.0,,,
03BNAR07,03BNAR,1981,,,,3,0,3,0.0,186,38,0,108,0,10,1,0,20.43010752688172,0.0,58.064516129032256,0.0,5.376344086021505,0.5376344086021505,0.0,,,
03BNAR08,03BNAR,1981,,,,0,0,0,0.0,174,124,0,64,2,2,0,0,71.26436781609195,0.0,36.7816091954023,1.1494252873563218,1.1494252873563218,0.0,0.0,,,
03BNAR09,03BNAR,1981,,,,0,0,0,0.0,199,135,0,93,4,2,5,0,67.8391959798995,0.0,46.733668341708544,2.0100502512562812,1.0050251256281406,2.512562814070352,0.0,,,
03BNAR10,03BNAR,1981,,,,3,1,2,0.0,206,127,0,85,2,7,3,0,61.650485436893206,0.0,41.262135922330096,0.970873786407767,3.3980582524271843,1.4563106796116505,0.0,,,
03BNAR11,03BNAR,1981,,,,0,0,0,0.0,168,161,0,60,1,1,1,0,95.83333333333333,0.0,35.714285714285715,0.5952380952380952,0.5952380952380952,0.5952380952380952,0.0,,,
03BNAR12,03BNAR,1981,,,,0,0,0,0.0,166,150,0,46,0,4,0,0,90.36144578313252,0.0,27.710843373493976,0.0,2.4096385542168677,0.0,0.0,,,
03BNAR13,03BNAR,1981,,,,0,0,0,0.0,68,4,0,43,0,0,0,0,5.882352941176471,0.0,63.23529411764706,0.0,0.0,0.0,0.0,,,
03BNAR14,03BNAR,1981,,,,2,1,1,0.0,112,88,0,18,3,1,0,0,78.57142857142857,0.0,16.071428571428573,2.6785714285714284,0.8928571428571429,0.0,0.0,,,
03BNAR15,03BNAR,1981,,,,0,0,0,0.0,186,94,0,59,0,3,0,0,50.53763440860215,0.0,31.72043010752688,0.0,1.6129032258064515,0.0,0.0,,,
03BNAR16,03BNAR,1981,,,,0,0,0,0.0,152,148,0,37,0,0,0,0,97.36842105263158,0.0,24.342105263157894,0.0,0.0,0.0,0.0,,,
03BNAR17,03BNAR,1981,,,,0,0,0,0.0,166,124,0,67,0,2,1,0,74.6987951807229,0.0,40.36144578313253,0.0,1.2048192771084338,0.6024096385542169,0.0,,,
03BNAR18,03BNAR,1981,,,,4,1,3,0.0,151,71,1,86,2,1,7,14,47.019867549668874,0.6622516556291391,56.95364238410596,1.3245033112582782,0.6622516556291391,4.635761589403973,9.271523178807946,,,
03BNAR19,03BNAR,1981,,,,0,0,0,0.0,132,60,0,73,0,2,3,0,45.45454545454545,0.0,55.303030303030305,0.0,1.5151515151515151,2.272727272727273,0.0,,,
03BNAR20,03BNAR,1981,,,,0,0,0,0.0,102,50,0,62,0,2,4,10,49.01960784313726,0.0,60.78431372549019,0.0,1.9607843137254901,3.9215686274509802,9.803921568627452,,,
03BNAR21,03BNAR,1981,,,,0,0,0,0.0,151,99,0,57,0,1,0,0,65.56291390728477,0.0,37.74834437086093,0.0,0.6622516556291391,0.0,0.0,,,
03BNAR22,03BNAR,1981,,,,7,4,3,0.0,157,107,0,106,1,4,20,11,68.15286624203821,0.0,67.51592356687898,0.6369426751592356,2.5477707006369426,12.738853503184714,7.006369426751593,,,
03BNAR23,03BNAR,1981,,,,5,1,4,0.0,181,174,0,60,0,6,2,1,96.13259668508287,0.0,33.149171270718234,0.0,3.314917127071823,1.1049723756906078,0.5524861878453039,,,
03BNAR24,03BNAR,1981,,,,0,0,0,0.0,171,140,0,57,0,6,0,0,81.87134502923976,0.0,33.333333333333336,0.0,3.508771929824561,0.0,0.0,,,
03BNAR25,03BNAR,1981,,,,0,0,0,0.0,189,150,0,63,0,5,0,0,79.36507936507937,0.0,33.333333333333336,0.0,2.6455026455026456,0.0,0.0,,,
03BNAR26,03BNAR,1981,,,,2,0,2,0.0,124,94,0,32,0,0,0,0,75.80645161290323,0.0,25.806451612903224,0.0,0.0,0.0,0.0,,,
03BNAR27,03BNAR,1981,,,,5,2,3,0.0,156,148,0,36,1,1,0,0,94.87179487179488,0.0,23.076923076923077,0.6410256410256411,0.6410256410256411,0.0,0.0,,,
03BNAR28,03BNAR,1981,,,,0,0,0,0.0,156,144,0,24,0,1,0,0,92.3076923076923,0.0,15.384615384615385,0.0,0.6410256410256411,0.0,0.0,,,
03BNAR29,03BNAR,1981,,,,0,0,0,0.0,162,117,0,76,0,1,0,0,72.22222222222223,0.0,46.91358024691358,0.0,0.6172839506172839,0.0,0.0,,,
03BNAR30,03BNAR,1981,,,,3,1,2,0.0,188,132,0,40,0,3,2,0,70.2127659574468,0.0,21.27659574468085,0.0,1.5957446808510638,1.0638297872340425,0.0,,,
03BNAR31,03BNAR,1981,,,,0,0,0,0.0,153,150,0,31,0,0,0,0,98.03921568627452,0.0,20.26143790849673,0.0,0.0,0.0,0.0,,,
03BNAR32,03BNAR,1981,,,,0,0,0,0.0,178,164,0,72,0,1,0,0,92.13483146067416,0.0,40.449438202247194,0.0,0.5617977528089888,0.0,0.0,,,
03BNAR33,03BNAR,1981,,,,7,4,3,0.0,211,184,0,38,2,4,1,0,87.20379146919431,0.0,18.009478672985782,0.9478672985781991,1.8957345971563981,0.47393364928909953,0.0,,,
03BNAR34,03BNAR,1981,,,,0,0,0,0.0,208,165,0,56,0,4,0,0,79.32692307692308,0.0,26.923076923076923,0.0,1.9230769230769231,0.0,0.0,,,
03BNAR35,03BNAR,1981,,,,1,1,0,0.0,216,172,0,62,2,1,0,0,79.62962962962963,0.0,28.703703703703702,0.9259259259259259,0.46296296296296297,0.0,0.0,,,
03BNAR36,03BNAR,1981,,,,0,0,0,0.0,0,0,0,0,0,0,0,0,,,,,,,,,,
03BNAR37,03BNAR,1981,,,,0,0,0,0.0,0,0,0,0,0,0,0,0,,,,,,,,,,
03BNAS01,03BNAS,1981,,,,0,0,0,0.0,164,14,0,103,1,6,3,9,8.536585365853659,0.0,62.80487804878049,0.6097560975609756,3.658536585365854,1.829268292682927,5.487804878048781,,,
03BNAS02,03BNAS,1981,,,,0,0,0,0.0,88,0,0,72,1,4,0,0,0.0,0.0,81.81818181818181,1.1363636363636365,4.545454545454546,0.0,0.0,,,
03BNAS03,03BNAS,1981,,,,0,0,0,0.0,67,0,0,61,1,2,0,0,0.0,0.0,91.04477611940298,1.492537313432836,2.985074626865672,0.0,0.0,,,
03BNAS04,03BNAS,1981,,,,0,0,0,0.0,111,0,0,79,0,4,0,0,0.0,0.0,71.17117117117117,0.0,3.6036036036036037,0.0,0.0,,,
03BNAS05,03BNAS,1981,,,,0,0,0,0.0,90,78,0,59,0,2,0,0,86.66666666666667,0.0,65.55555555555556,0.0,2.2222222222222223,0.0,0.0,,,
03BNAS06,03BNAS,1981,,,,0,0,0,0.0,157,13,0,128,1,21,2,0,8.280254777070065,0.0,81.52866242038216,0.6369426751592356,13.375796178343949,1.2738853503184713,0.0,,,
03BNAS07,03BNAS,1981,,,,0,0,0,0.0,172,14,1,137,4,12,6,1,8.13953488372093,0.5813953488372093,79.65116279069767,2.3255813953488373,6.976744186046512,3.488372093023256,0.5813953488372093,,,
03BNAS08,03BNAS,1981,,,,0,0,0,0.0,160,112,0,87,0,2,0,0,70.0,0.0,54.375,0.0,1.25,0.0,0.0,,,
03BNAS09,03BNAS,1981,,,,0,0,0,0.0,161,116,2,77,0,7,37,0,72.04968944099379,1.2422360248447204,47.82608695652174,0.0,4.3478260869565215,22.981366459627328,0.0,,,
03BNAS10,03BNAS,1981,,,,0,0,0,0.0,178,33,0,162,2,7,18,2,18.53932584269663,0.0,91.01123595505618,1.1235955056179776,3.932584269662921,10.112359550561798,1.1235955056179776,,,
03BNAS11,03BNAS,1981,,,,0,0,0,0.0,124,81,2,77,2,4,17,6,65.3225806451613,1.6129032258064515,62.096774193548384,1.6129032258064515,3.225806451612903,13.709677419354838,4.838709677419355,,,
03BNAS12,03BNAS,1981,,,,1,1,0,0.0,212,88,0,142,0,4,4,0,41.509433962264154,0.0,66.98113207547169,0.0,1.8867924528301887,1.8867924528301887,0.0,,,
03BNAS13,03BNAS,1981,,,,2,1,1,0.0,177,145,0,80,1,4,30,2,81.92090395480226,0.0,45.19774011299435,0.5649717514124294,2.2598870056497176,16.949152542372882,1.1299435028248588,,,
03BNAS14,03BNAS,1981,,,,1,0,1,0.0,132,83,2,96,0,8,43,1,62.878787878787875,1.5151515151515151,72.72727272727273,0.0,6.0606060606060606,32.57575757575758,0.7575757575757576,,,
03BNAS15,03BNAS,1981,,,,0,0,0,0.0,142,92,0,91,0,2,30,5,64.78873239436619,0.0,64.08450704225352,0.0,1.408450704225352,21.12676056338028,3.5211267605633805,,,
03BNAS16,03BNAS,1981,,,,0,0,0,0.0,148,73,0,112,0,3,10,9,49.32432432432432,0.0,75.67567567567568,0.0,2.027027027027027,6.756756756756757,6.081081081081081,,,
03BNAS17,03BNAS,1981,,,,0,0,0,0.0,177,119,2,109,0,6,23,22,67.2316384180791,1.1299435028248588,61.5819209039548,0.0,3.389830508474576,12.994350282485875,12.429378531073446,,,
03BNAS18,03BNAS,1981,,,,3,2,1,0.0,140,115,0,61,0,5,3,6,82.14285714285714,0.0,43.57142857142857,0.0,3.5714285714285716,2.142857142857143,4.285714285714286,,,
03BNAS19,03BNAS,1981,,,,0,0,0,0.0,173,103,2,123,0,4,33,12,59.53757225433526,1.1560693641618498,71.09826589595376,0.0,2.3121387283236996,19.07514450867052,6.936416184971098,,,
03BNAS20,03BNAS,1981,,,,0,0,0,0.0,148,1,0,127,1,2,0,0,0.6756756756756757,0.0,85.8108108108108,0.6756756756756757,1.3513513513513513,0.0,0.0,,,
03BNAS21,03BNAS,1981,,,,0,0,0,0.0,174,113,1,109,0,12,23,34,64.94252873563218,0.5747126436781609,62.64367816091954,0.0,6.896551724137931,13.218390804597702,19.54022988505747,,,
03BNAS22,03BNAS,1981,,,,0,0,0,0.0,204,172,0,73,0,8,5,1,84.31372549019608,0.0,35.78431372549019,0.0,3.9215686274509802,2.450980392156863,0.49019607843137253,,,
03BNAS23,03BNAS,1981,,,,1,1,0,0.0,162,128,0,92,1,5,35,4,79.01234567901234,0.0,56.79012345679013,0.6172839506172839,3.0864197530864197,21.604938271604937,2.4691358024691357,,,
03BNAS24,03BNAS,1981,,,,1,1,0,0.0,183,131,0,122,0,15,48,0,71.5846994535519,0.0,66.66666666666667,0.0,8.19672131147541,26.229508196721312,0.0,,,
03BNAS25,03BNAS,1981,,,,0,0,0,0.0,175,130,0,115,0,6,42,3,74.28571428571429,0.0,65.71428571428571,0.0,3.4285714285714284,24.0,1.7142857142857142,,,
03BNAS26,03BNAS,1981,,,,0,0,0,0.0,159,120,0,79,1,12,24,14,75.47169811320755,0.0,49.685534591194966,0.6289308176100629,7.547169811320755,15.09433962264151,8.80503144654088,,,
03BNAS27,03BNAS,1981,,,,0,0,0,0.0,163,101,0,89,1,8,15,2,61.96319018404908,0.0,54.60122699386503,0.6134969325153374,4.9079754601226995,9.202453987730062,1.2269938650306749,,,
03BNAS28,03BNAS,1981,,,,4,3,1,0.0,165,127,0,91,0,0,3,7,76.96969696969697,0.0,55.15151515151515,0.0,0.0,1.8181818181818181,4.242424242424242,,,
03BNAT01,03BNAT,1981,,,,1,1,0,0.0,171,112,0,113,0,6,25,26,65.49707602339181,0.0,66.08187134502924,0.0,3.508771929824561,14.619883040935672,15.2046783625731,,,
03BNAT02,03BNAT,1981,,,,0,0,0,0.0,184,5,0,130,2,12,0,0,2.717391304347826,0.0,70.65217391304348,1.0869565217391304,6.521739130434782,0.0,0.0,,,
03BNAT03,03BNAT,1981,,,,12,6,6,0.0,184,119,2,122,0,9,23,40,64.67391304347827,1.0869565217391304,66.30434782608695,0.0,4.891304347826087,12.5,21.73913043478261,,,
03BNAT04,03BNAT,1981,,,,0,0,0,0.0,192,130,0,120,0,10,29,8,67.70833333333333,0.0,62.5,0.0,5.208333333333333,15.104166666666666,4.166666666666667,,,
03BNAT05,03BNAT,1981,,,,0,0,0,0.0,144,99,0,79,0,4,32,1,68.75,0.0,54.861111111111114,0.0,2.7777777777777777,22.22222222222222,0.6944444444444444,,,
03BNAT06,03BNAT,1981,,,,0,0,0,0.0,136,45,0,98,0,1,3,1,33.088235294117645,0.0,72.05882352941177,0.0,0.7352941176470589,2.2058823529411766,0.7352941176470589,,,
03BNAT07,03BNAT,1981,,,,0,0,0,0.0,112,18,5,84,0,6,12,5,16.071428571428573,4.464285714285714,75.0,0.0,5.357142857142857,10.714285714285714,4.464285714285714,,,
03BNAT08,03BNAT,1981,,,,4,3,1,0.0,149,80,3,87,0,11,20,18,53.691275167785236,2.0134228187919465,58.38926174496644,0.0,7.382550335570469,13.422818791946309,12.080536912751677,,,
03BNAT09,03BNAT,1981,,,,0,0,0,0.0,155,64,0,90,1,5,23,9,41.29032258064516,0.0,58.064516129032256,0.6451612903225806,3.225806451612903,14.838709677419354,5.806451612903226,,,
03BNAT10,03BNAT,1981,,,,0,0,0,0.0,150,143,0,40,0,4,1,0,95.33333333333333,0.0,26.666666666666668,0.0,2.6666666666666665,0.6666666666666666,0.0,,,
03BNAT11,03BNAT,1981,,,,0,0,0,0.0,53,51,0,21,0,0,0,0,96.22641509433963,0.0,39.62264150943396,0.0,0.0,0.0,0.0,,,
03BNAT12,03BNAT,1981,,,,0,0,0,0.0,153,113,0,60,0,3,0,0,73.85620915032679,0.0,39.21568627450981,0.0,1.9607843137254901,0.0,0.0,,,
03BNAT13,03BNAT,1981,,,,0,0,0,0.0,171,41,1,112,8,12,11,3,23.976608187134502,0.5847953216374269,65.49707602339181,4.678362573099415,7.017543859649122,6.432748538011696,1.7543859649122806,,,
03BNAT14,03BNAT,1981,,,,2,2,0,0.0,200,126,0,142,1,11,28,20,63.0,0.0,71.0,0.5,5.5,14.0,10.0,,,
03BNAT15,03BNAT,1981,,,,0,0,0,0.0,186,5,0,145,4,9,1,0,2.6881720430107525,0.0,77.95698924731182,2.150537634408602,4.838709677419355,0.5376344086021505,0.0,,,
03BNAT16,03BNAT,1981,,,,0,0,0,0.0,138,5,0,97,0,8,1,0,3.6231884057971016,0.0,70.28985507246377,0.0,5.797101449275362,0.7246376811594203,0.0,,,
03BNAT17,03BNAT,1981,,,,0,0,0,0.0,168,147,0,102,0,7,19,14,87.5,0.0,60.714285714285715,0.0,4.166666666666667,11.30952380952381,8.333333333333334,,,
03BNAT18,03BNAT,1981,,,,6,4,2,0.0,183,107,0,113,4,6,15,4,58.46994535519126,0.0,61.74863387978142,2.185792349726776,3.278688524590164,8.19672131147541,2.185792349726776,,,
03BNAT19,03BNAT,1981,,,,0,0,0,0.0,199,140,0,108,0,4,14,0,70.35175879396985,0.0,54.2713567839196,0.0,2.0100502512562812,7.035175879396985,0.0,,,
03BNAT20,03BNAT,1981,,,,0,0,0,0.0,133,103,0,56,0,6,1,0,77.44360902255639,0.0,42.10526315789474,0.0,4.511278195488722,0.7518796992481203,0.0,,,
03BNAT21,03BNAT,1981,,,,0,0,0,0.0,182,24,0,125,3,16,0,0,13.186813186813186,0.0,68.68131868131869,1.6483516483516483,8.791208791208792,0.0,0.0,,,
03BNAT22,03BNAT,1981,,,,2,0,2,0.0,166,1,0,120,1,10,0,0,0.6024096385542169,0.0,72.28915662650603,0.6024096385542169,6.024096385542169,0.0,0.0,,,
03BNAT23,03BNAT,1981,,,,0,0,0,0.0,170,14,0,128,0,3,0,0,8.235294117647058,0.0,75.29411764705883,0.0,1.7647058823529411,0.0,0.0,,,
03BNAT24,03BNAT,1981,,,,0,0,0,0.0,161,1,0,125,0,6,0,0,0.6211180124223602,0.0,77.63975155279503,0.0,3.7267080745341614,0.0,0.0,,,
03BNAT25,03BNAT,1981,,,,0,0,0,0.0,131,0,0,103,2,8,0,0,0.0,0.0,78.62595419847328,1.5267175572519085,6.106870229007634,0.0,0.0,,,
03BNAT26,03BNAT,1981,,,,0,0,0,0.0,168,3,0,127,5,7,0,0,1.7857142857142858,0.0,75.5952380952381,2.9761904761904763,4.166666666666667,0.0,0.0,,,
03BNAU01,03BNAU,1981,,,,0,0,0,0.0,228,55,0,172,0,8,0,0,24.12280701754386,0.0,75.43859649122807,0.0,3.508771929824561,0.0,0.0,,,
03BNAU02,03BNAU,1981,,,,4,2,2,0.0,175,45,0,117,3,7,11,4,25.714285714285715,0.0,66.85714285714286,1.7142857142857142,4.0,6.285714285714286,2.2857142857142856,,,
03BNAU03,03BNAU,1981,,,,1,0,1,0.0,197,7,0,147,0,4,16,0,3.553299492385787,0.0,74.61928934010152,0.0,2.030456852791878,8.121827411167512,0.0,,,
03BNAU04,03BNAU,1981,,,,13,7,6,0.0,165,54,2,105,5,7,30,2,32.72727272727273,1.2121212121212122,63.63636363636363,3.0303030303030303,4.242424242424242,18.181818181818183,1.2121212121212122,,,
03BNAU05,03BNAU,1981,,,,0,0,0,0.0,226,53,0,167,2,13,17,9,23.451327433628318,0.0,73.89380530973452,0.8849557522123894,5.752212389380531,7.522123893805309,3.982300884955752,,,
03BNAU06,03BNAU,1981,,,,0,0,0,0.0,193,86,0,129,2,8,6,0,44.55958549222798,0.0,66.83937823834196,1.0362694300518134,4.1450777202072535,3.1088082901554404,0.0,,,
03BNAU07,03BNAU,1981,,,,0,0,0,0.0,184,0,0,152,3,15,0,0,0.0,0.0,82.6086956521739,1.6304347826086956,8.152173913043478,0.0,0.0,,,
03BNAU08,03BNAU,1981,,,,0,0,0,0.0,198,40,0,158,1,12,15,3,20.2020202020202,0.0,79.79797979797979,0.5050505050505051,6.0606060606060606,7.575757575757576,1.5151515151515151,,,
03BNAU09,03BNAU,1981,,,,0,0,0,0.0,162,3,0,128,3,10,0,0,1.8518518518518519,0.0,79.01234567901234,1.8518518518518519,6.172839506172839,0.0,0.0,,,
03BNAU10,03BNAU,1981,,,,0,0,0,0.0,173,0,0,161,1,7,0,0,0.0,0.0,93.0635838150289,0.5780346820809249,4.046242774566474,0.0,0.0,,,
03BNAU11,03BNAU,1981,,,,6,5,1,0.0,179,0,0,157,1,12,0,0,0.0,0.0,87.70949720670392,0.5586592178770949,6.70391061452514,0.0,0.0,,,
03BNAU12,03BNAU,1981,,,,8,3,5,0.0,128,23,1,107,1,4,1,1,17.96875,0.78125,83.59375,0.78125,3.125,0.78125,0.78125,,,
03BNAU13,03BNAU,1981,,,,5,2,3,0.0,158,0,0,141,1,14,0,0,0.0,0.0,89.24050632911393,0.6329113924050633,8.860759493670885,0.0,0.0,,,
03BNAU14,03BNAU,1981,,,,1,1,0,0.0,159,0,0,133,1,17,0,0,0.0,0.0,83.64779874213836,0.6289308176100629,10.69182389937107,0.0,0.0,,,
03BNAU15,03BNAU,1981,,,,0,0,0,0.0,130,1,0,102,1,8,0,0,0.7692307692307693,0.0,78.46153846153847,0.7692307692307693,6.153846153846154,0.0,0.0,,,
03BNAU16,03BNAU,1981,,,,0,0,0,0.0,140,34,0,96,1,13,6,7,24.285714285714285,0.0,68.57142857142857,0.7142857142857143,9.285714285714286,4.285714285714286,5.0,,,
03BNAU17,03BNAU,1981,,,,0,0,0,0.0,147,0,0,119,1,5,0,0,0.0,0.0,80.95238095238095,0.6802721088435374,3.401360544217687,0.0,0.0,,,
03BNAU18,03BNAU,1981,,,,0,0,0,0.0,161,0,0,143,0,6,0,0,0.0,0.0,88.81987577639751,0.0,3.7267080745341614,0.0,0.0,,,
03BNAU19,03BNAU,1981,,,,0,0,0,0.0,159,76,2,103,0,13,30,1,47.79874213836478,1.2578616352201257,64.77987421383648,0.0,8.176100628930818,18.867924528301888,0.6289308176100629,,,
03BNAU20,03BNAU,1981,,,,0,0,0,0.0,151,73,5,104,0,9,20,1,48.34437086092715,3.3112582781456954,68.87417218543047,0.0,5.960264900662252,13.245033112582782,0.6622516556291391,,,
03BNAU21,03BNAU,1981,,,,0,0,0,0.0,7,0,0,0,0,0,0,0,0.0,0.0,0.0,0.0,0.0,0.0,0.0,,,
03BNAW01,03BNAW,1981,,,,0,0,0,0.0,142,0,0,127,3,2,0,0,0.0,0.0,89.43661971830986,2.112676056338028,1.408450704225352,0.0,0.0,,,
03BNAW02,03BNAW,1981,,,,1,1,0,0.0,153,1,0,138,0,4,0,0,0.6535947712418301,0.0,90.19607843137256,0.0,2.6143790849673203,0.0,0.0,,,
03BNAW03,03BNAW,1981,,,,12,6,6,0.0,184,0,0,151,4,14,0,0,0.0,0.0,82.06521739130434,2.1739130434782608,7.608695652173913,0.0,0.0,,,
03BNAW04,03BNAW,1981,,,,12,9,3,0.0,219,1,1,187,5,13,1,0,0.45662100456621,0.45662100456621,85.38812785388127,2.2831050228310503,5.936073059360731,0.45662100456621,0.0,,,
03BNAW05,03BNAW,1981,,,,0,0,0,0.0,183,1,1,155,1,9,1,0,0.546448087431694,0.546448087431694,84.69945355191257,0.546448087431694,4.918032786885246,0.546448087431694,0.0,,,
03BNAW06,03BNAW,1981,,,,4,4,0,0.0,209,0,0,171,4,14,1,0,0.0,0.0,81.81818181818181,1.9138755980861244,6.698564593301436,0.4784688995215311,0.0,,,
03BNAW07,03BNAW,1981,,,,8,8,0,0.0,168,3,0,140,3,7,1,0,1.7857142857142858,0.0,83.33333333333333,1.7857142857142858,4.166666666666667,0.5952380952380952,0.0,,,
03BNAW08,03BNAW,1981,,,,10,8,2,0.0,178,1,0,157,2,6,2,0,0.5617977528089888,0.0,88.20224719101124,1.1235955056179776,3.3707865168539324,1.1235955056179776,0.0,,,
03BNAW09,03BNAW,1981,,,,23,22,1,0.0,180,0,0,152,10,13,1,0,0.0,0.0,84.44444444444444,5.555555555555555,7.222222222222222,0.5555555555555556,0.0,,,
03BNAW10,03BNAW,1981,,,,0,0,0,0.0,243,3,0,200,4,12,0,1,1.2345679012345678,0.0,82.3045267489712,1.646090534979424,4.938271604938271,0.0,0.411522633744856,,,
03BNAW11,03BNAW,1981,,,,76,65,11,0.0,211,3,0,181,5,9,0,0,1.4218009478672986,0.0,85.78199052132702,2.3696682464454977,4.265402843601896,0.0,0.0,,,
03BNAW12,03BNAW,1981,,,,28,18,10,0.0,215,3,0,187,5,10,0,0,1.3953488372093024,0.0,86.97674418604652,2.3255813953488373,4.651162790697675,0.0,0.0,,,
03BNAW13,03BNAW,1981,,,,26,19,7,0.0,210,1,0,174,0,8,0,0,0.47619047619047616,0.0,82.85714285714286,0.0,3.8095238095238093,0.0,0.0,,,
03BNAW14,03BNAW,1981,,,,73,58,15,0.0,188,2,0,161,3,6,0,0,1.0638297872340425,0.0,85.63829787234043,1.5957446808510638,3.1914893617021276,0.0,0.0,,,
03BNAW15,03BNAW,1981,,,,19,12,7,0.0,178,2,0,159,1,5,0,0,1.1235955056179776,0.0,89.32584269662921,0.5617977528089888,2.808988764044944,0.0,0.0,,,
03BNAW16,03BNAW,1981,,,,43,35,8,0.0,179,3,1,150,2,12,2,0,1.675977653631285,0.5586592178770949,83.79888268156425,1.1173184357541899,6.70391061452514,1.1173184357541899,0.0,,,
03BNAW17,03BNAW,1981,,,,19,13,6,0.0,135,1,0,110,0,1,1,0,0.7407407407407407,0.0,81.48148148148148,0.0,0.7407407407407407,0.7407407407407407,0.0,,,
03BNAW18,03BNAW,1981,,,,51,37,14,0.0,195,5,0,144,3,10,0,0,2.5641025641025643,0.0,73.84615384615384,1.5384615384615385,5.128205128205129,0.0,0.0,,,
03BNAW19,03BNAW,1981,,,,0,0,0,0.0,176,0,0,141,0,8,0,0,0.0,0.0,80.11363636363636,0.0,4.545454545454546,0.0,0.0,,,
03BNAW20,03BNAW,1981,,,,12,12,0,0.0,166,0,0,142,0,5,1,0,0.0,0.0,85.5421686746988,0.0,3.0120481927710845,0.6024096385542169,0.0,,,
03BNAW21,03BNAW,1981,,,,58,43,15,0.0,231,5,0,187,7,15,0,0,2.1645021645021645,0.0,80.95238095238095,3.0303030303030303,6.4935064935064934,0.0,0.0,,,
03BNAW22,03BNAW,1981,,,,32,23,9,0.0,42,3,0,37,2,0,0,0,7.142857142857143,0.0,88.0952380952381,4.761904761904762,0.0,0.0,0.0,,,
03BNAW23,03BNAW,1981,,,,4,3,1,0.0,155,0,0,103,4,19,0,0,0.0,0.0,66.45161290322581,2.5806451612903225,12.258064516129032,0.0,0.0,,,
03BNAW24,03BNAW,1981,,,,0,0,0,0.0,0,0,0,0,0,0,0,0,,,,,,,,,,
03BNAW25,03BNAW,1981,,,,18,11,7,0.0,0,0,0,0,0,0,0,0,,,,,,,,,,
03BNAW26,03BNAW,1981,,,,6,6,0,0.0,0,0,0,0,0,0,0,0,,,,,,,,,,
03BNAW27,03BNAW,1981,,,,0,0,0,0.0,0,0,0,0,0,0,0,0,,,,,,,,,,
03BNAW28,03BNAW,1981,,,,0,0,0,0.0,0,0,0,0,0,0,0,0,,,,,,,,,,
03BNAX01,03BNAX,1981,,,,0,0,0,0.0,156,73,0,89,2,9,39,4,46.794871794871796,0.0,57.05128205128205,1.2820512820512822,5.769230769230769,25.0,2.5641025641025643,,,
03BNAX02,03BNAX,1981,,,,0,0,0,0.0,140,22,0,107,1,3,0,0,15.714285714285714,0.0,76.42857142857143,0.7142857142857143,2.142857142857143,0.0,0.0,,,
03BNAX03,03BNAX,1981,,,,0,0,0,0.0,153,103,0,84,0,10,69,8,67.3202614379085,0.0,54.90196078431372,0.0,6.5359477124183005,45.09803921568628,5.228758169934641,,,
03BNAX04,03BNAX,1981,,,,6,3,3,0.0,153,118,2,68,6,11,33,10,77.12418300653594,1.3071895424836601,44.44444444444444,3.9215686274509802,7.189542483660131,21.568627450980394,6.5359477124183005,,,
03BNAX05,03BNAX,1981,,,,1,0,1,0.0,174,132,0,94,0,13,39,8,75.86206896551724,0.0,54.02298850574713,0.0,7.471264367816092,22.413793103448278,4.597701149425287,,,
03BNAX06,03BNAX,1981,,,,1,0,1,0.0,167,98,0,61,2,10,0,0,58.68263473053892,0.0,36.52694610778443,1.1976047904191616,5.9880239520958085,0.0,0.0,,,
03BNAX07,03BNAX,1981,,,,0,0,0,0.0,123,78,0,74,1,10,12,12,63.41463414634146,0.0,60.16260162601626,0.8130081300813008,8.130081300813009,9.75609756097561,9.75609756097561,,,
03BNAX08,03BNAX,1981,,,,0,0,0,0.0,162,96,0,119,2,9,54,25,59.25925925925926,0.0,73.45679012345678,1.2345679012345678,5.555555555555555,33.333333333333336,15.432098765432098,,,
03BNAX09,03BNAX,1981,,,,0,0,0,0.0,170,99,0,114,3,9,24,16,58.23529411764706,0.0,67.05882352941177,1.7647058823529411,5.294117647058823,14.117647058823529,9.411764705882353,,,
03BNAX10,03BNAX,1981,,,,3,2,1,0.0,149,110,0,96,2,2,30,24,73.8255033557047,0.0,64.42953020134229,1.342281879194631,1.342281879194631,20.13422818791946,16.107382550335572,,,
03BNAX11,03BNAX,1981,,,,1,1,0,0.0,206,129,0,129,2,12,12,11,62.62135922330097,0.0,62.62135922330097,0.970873786407767,5.825242718446602,5.825242718446602,5.339805825242719,,,
03BNAX12,03BNAX,1981,,,,1,1,0,0.0,222,170,0,129,3,7,31,1,76.57657657657657,0.0,58.108108108108105,1.3513513513513513,3.1531531531531534,13.963963963963964,0.45045045045045046,,,
03BNAX13,03BNAX,1981,,,,0,0,0,0.0,165,119,0,98,0,6,21,0,72.12121212121212,0.0,59.39393939393939,0.0,3.6363636363636362,12.727272727272727,0.0,,,
03BNAX14,03BNAX,1981,,,,0,0,0,0.0,107,51,1,72,1,4,15,2,47.66355140186916,0.9345794392523364,67.28971962616822,0.9345794392523364,3.7383177570093458,14.018691588785046,1.8691588785046729,,,
03BNAX15,03BNAX,1981,,,,0,0,0,0.0,173,131,0,78,0,6,21,2,75.72254335260115,0.0,45.08670520231214,0.0,3.468208092485549,12.138728323699421,1.1560693641618498,,,
03BNAX16,03BNAX,1981,,,,0,0,0,0.0,121,54,0,75,4,3,5,0,44.62809917355372,0.0,61.98347107438016,3.3057851239669422,2.479338842975207,4.132231404958677,0.0,,,
03BNAX17,03BNAX,1981,,,,1,0,1,0.0,180,110,2,101,1,8,10,3,61.111111111111114,1.1111111111111112,56.111111111111114,0.5555555555555556,4.444444444444445,5.555555555555555,1.6666666666666667,,,
03BNAX18,03BNAX,1981,,,,2,2,0,0.0,210,133,0,133,2,1,14,8,63.333333333333336,0.0,63.333333333333336,0.9523809523809523,0.47619047619047616,6.666666666666667,3.8095238095238093,,,
03BNAX19,03BNAX,1981,,,,1,0,1,0.0,130,44,0,87,1,0,0,0,33.84615384615385,0.0,66.92307692307692,0.7692307692307693,0.0,0.0,0.0,,,
03BNAX20,03BNAX,1981,,,,6,3,3,0.0,160,76,0,84,4,5,12,17,47.5,0.0,52.5,2.5,3.125,7.5,10.625,,,
03BNAX21,03BNAX,1981,,,,1,1,0,0.0,153,109,0,83,3,7,20,20,71.24183006535948,0.0,54.248366013071895,1.9607843137254901,4.57516339869281,13.071895424836601,13.071895424836601,,,
03BNAX22,03BNAX,1981,,,,1,1,0,0.0,183,141,3,111,0,10,25,9,77.04918032786885,1.639344262295082,60.65573770491803,0.0,5.46448087431694,13.66120218579235,4.918032786885246,,,
03BNAX23,03BNAX,1981,,,,2,1,1,0.0,216,148,3,133,2,5,50,3,68.51851851851852,1.3888888888888888,61.574074074074076,0.9259259259259259,2.314814814814815,23.14814814814815,1.3888888888888888,,,
03BNAX24,03BNAX,1981,,,,1,0,1,0.0,186,30,1,143,1,5,7,3,16.129032258064516,0.5376344086021505,76.88172043010752,0.5376344086021505,2.6881720430107525,3.763440860215054,1.6129032258064515,,,
03BNAX25,03BNAX,1981,,,,5,2,3,0.0,187,49,0,131,6,0,1,0,26.203208556149733,0.0,70.05347593582887,3.2085561497326203,0.0,0.5347593582887701,0.0,,,
03BNAX26,03BNAX,1981,,,,0,0,0,0.0,124,80,1,73,1,4,14,0,64.51612903225806,0.8064516129032258,58.87096774193548,0.8064516129032258,3.225806451612903,11.290322580645162,0.0,,,
03BNAX27,03BNAX,1981,,,,1,0,1,0.0,150,102,1,81,0,11,16,9,68.0,0.6666666666666666,54.0,0.0,7.333333333333333,10.666666666666666,6.0,,,
03BNAX28,03BNAX,1981,,,,0,0,0,0.0,202,80,0,124,1,3,0,0,39.603960396039604,0.0,61.386138613861384,0.49504950495049505,1.4851485148514851,0.0,0.0,,,
03BNAX29,03BNAX,1981,,,,2,1,1,0.0,186,104,0,93,2,6,1,0,55.913978494623656,0.0,50.0,1.075268817204301,3.225806451612903,0.5376344086021505,0.0,,,
03BNAX30,03BNAX,1981,,,,5,5,0,0.0,197,150,1,104,3,11,18,1,76.14213197969544,0.5076142131979695,52.79187817258883,1.5228426395939085,5.583756345177665,9.137055837563452,0.5076142131979695,,,
03BNAX31,03BNAX,1981,,,,3,1,2,0.0,139,107,0,77,0,8,19,3,76.97841726618705,0.0,55.39568345323741,0.0,5.755395683453237,13.66906474820144,2.158273381294964,,,
03BNAX32,03BNAX,1981,,,,1,0,1,0.0,132,79,2,86,0,6,13,4,59.84848484848485,1.5151515151515151,65.15151515151516,0.0,4.545454545454546,9.848484848484848,3.0303030303030303,,,
03BNAX33,03BNAX,1981,,,,6,0,6,0.0,141,86,0,92,0,5,6,10,60.99290780141844,0.0,65.2482269503546,0.0,3.5460992907801416,4.25531914893617,7.092198581560283,,,
03BNAX34,03BNAX,1981,,,,0,0,0,0.0,173,118,2,113,1,6,11,34,68.20809248554913,1.1560693641618498,65.3179190751445,0.5780346820809249,3.468208092485549,6.358381502890174,19.653179190751445,,,
03BNAX35,03BNAX,1981,,,,0,0,0,0.0,184,116,0,105,0,6,3,1,63.04347826086956,0.0,57.06521739130435,0.0,3.260869565217391,1.6304347826086956,0.5434782608695652,,,
03BNAX36,03BNAX,1981,,,,0,0,0,0.0,144,102,0,73,1,6,22,0,70.83333333333333,0.0,50.69444444444444,0.6944444444444444,4.166666666666667,15.277777777777779,0.0,,,
03BNAX37,03BNAX,1981,,,,6,3,3,0.0,163,139,0,68,1,7,5,0,85.2760736196319,0.0,41.717791411042946,0.6134969325153374,4.294478527607362,3.067484662576687,0.0,,,
03BNAX38,03BNAX,1981,,,,0,0,0,0.0,194,180,0,53,0,11,0,0,92.78350515463917,0.0,27.31958762886598,0.0,5.670103092783505,0.0,0.0,,,
03BNAY01,03BNAY,1981,,,,0,0,0,0.0,167,125,0,105,0,4,38,18,74.8502994011976,0.0,62.874251497005986,0.0,2.395209580838323,22.75449101796407,10.778443113772456,,,
03BNAY02,03BNAY,1981,,,,0,0,0,0.0,213,59,1,143,0,7,31,3,27.699530516431924,0.4694835680751174,67.13615023474179,0.0,3.2863849765258215,14.553990610328638,1.408450704225352,,,
03BNAY03,03BNAY,1981,,,,0,0,0,0.0,159,103,2,108,0,5,32,5,64.77987421383648,1.2578616352201257,67.9245283018868,0.0,3.1446540880503147,20.12578616352201,3.1446540880503147,,,
03BNAY04,03BNAY,1981,,,,0,0,0,0.0,218,194,0,89,2,14,6,0,88.9908256880734,0.0,40.825688073394495,0.9174311926605505,6.422018348623853,2.7522935779816513,0.0,,,
03BNAY05,03BNAY,1981,,,,2,1,1,0.0,157,103,0,102,0,3,25,8,65.60509554140127,0.0,64.96815286624204,0.0,1.910828025477707,15.92356687898089,5.095541401273885,,,
03BNAY06,03BNAY,1981,,,,0,0,0,0.0,174,137,0,85,0,7,13,5,78.73563218390805,0.0,48.85057471264368,0.0,4.022988505747127,7.471264367816092,2.8735632183908044,,,
03BNAY07,03BNAY,1981,,,,0,0,0,0.0,187,153,0,108,3,8,36,2,81.81818181818181,0.0,57.75401069518717,1.6042780748663101,4.278074866310161,19.25133689839572,1.0695187165775402,,,
03BNAY08,03BNAY,1981,,,,1,1,0,0.0,189,154,0,123,0,9,32,5,81.48148148148148,0.0,65.07936507936508,0.0,4.761904761904762,16.93121693121693,2.6455026455026456,,,
03BNAY09,03BNAY,1981,,,,0,0,0,0.0,165,57,1,115,0,12,29,0,34.54545454545455,0.6060606060606061,69.6969696969697,0.0,7.2727272727272725,17.575757575757574,0.0,,,
03BNAY10,03BNAY,1981,,,,2,1,1,0.0,166,94,0,116,1,8,48,8,56.626506024096386,0.0,69.87951807228916,0.6024096385542169,4.819277108433735,28.91566265060241,4.819277108433735,,,
03BNAY11,03BNAY,1981,,,,6,4,2,0.0,193,130,0,126,0,8,28,0,67.35751295336787,0.0,65.28497409326425,0.0,4.1450777202072535,14.507772020725389,0.0,,,
03BNAY12,03BNAY,1981,,,,2,1,1,0.0,173,134,0,101,0,6,36,1,77.45664739884393,0.0,58.38150289017341,0.0,3.468208092485549,20.809248554913296,0.5780346820809249,,,
03BNAY13,03BNAY,1981,,,,2,1,1,0.0,164,107,0,107,1,8,62,2,65.2439024390244,0.0,65.2439024390244,0.6097560975609756,4.878048780487805,37.80487804878049,1.2195121951219512,,,
03BNAY14,03BNAY,1981,,,,0,0,0,0.0,159,141,1,78,0,9,29,0,88.67924528301887,0.6289308176100629,49.056603773584904,0.0,5.660377358490566,18.238993710691823,0.0,,,
03BNAY15,03BNAY,1981,,,,0,0,0,0.0,181,135,0,110,2,3,38,0,74.58563535911603,0.0,60.773480662983424,1.1049723756906078,1.6574585635359116,20.994475138121548,0.0,,,
03BNAY16,03BNAY,1981,,,,0,0,0,0.0,181,145,0,98,1,8,29,6,80.11049723756906,0.0,54.14364640883978,0.5524861878453039,4.419889502762431,16.022099447513813,3.314917127071823,,,
03BNAY17,03BNAY,1981,,,,0,0,0,0.0,160,107,0,88,0,6,12,1,66.875,0.0,55.0,0.0,3.75,7.5,0.625,,,
03BNAY18,03BNAY,1981,,,,1,1,0,0.0,151,86,1,92,0,3,13,4,56.95364238410596,0.6622516556291391,60.9271523178808,0.0,1.9867549668874172,8.609271523178808,2.6490066225165565,,,
03BNAY19,03BNAY,1981,,,,0,0,0,0.0,192,155,0,109,0,5,33,1,80.72916666666667,0.0,56.770833333333336,0.0,2.6041666666666665,17.1875,0.5208333333333334,,,
03BNAY20,03BNAY,1981,,,,4,4,0,0.0,153,125,0,78,1,7,19,0,81.69934640522875,0.0,50.98039215686274,0.6535947712418301,4.57516339869281,12.418300653594772,0.0,,,
03BNAY21,03BNAY,1981,,,,0,0,0,0.0,173,139,4,94,0,1,34,0,80.34682080924856,2.3121387283236996,54.335260115606935,0.0,0.5780346820809249,19.653179190751445,0.0,,,
03BNAY22,03BNAY,1981,,,,0,0,0,0.0,189,43,0,132,0,9,8,0,22.75132275132275,0.0,69.84126984126983,0.0,4.761904761904762,4.232804232804233,0.0,,,
03BNAY23,03BNAY,1981,,,,0,0,0,0.0,202,98,0,135,0,6,17,6,48.51485148514851,0.0,66.83168316831683,0.0,2.9702970297029703,8.415841584158416,2.9702970297029703,,,
03BNAY24,03BNAY,1981,,,,0,0,0,0.0,177,0,0,148,1,13,0,0,0.0,0.0,83.61581920903954,0.5649717514124294,7.344632768361582,0.0,0.0,,,
03BNAY25,03BNAY,1981,,,,0,0,0,0.0,167,81,9,89,2,4,36,8,48.50299401197605,5.389221556886228,53.293413173652695,1.1976047904191616,2.395209580838323,21.55688622754491,4.790419161676646,,,
03BNAY26,03BNAY,1981,,,,0,0,0,0.0,134,51,6,99,0,5,18,3,38.059701492537314,4.477611940298507,73.88059701492537,0.0,3.7313432835820897,13.432835820895523,2.2388059701492535,,,
03BNAY27,03BNAY,1981,,,,0,0,0,0.0,167,127,0,95,0,9,1,1,76.04790419161677,0.0,56.88622754491018,0.0,5.389221556886228,0.5988023952095808,0.5988023952095808,,,
03BNAY28,03BNAY,1981,,,,0,0,0,0.0,168,24,2,141,0,3,23,4,14.285714285714286,1.1904761904761905,83.92857142857143,0.0,1.7857142857142858,13.69047619047619,2.380952380952381,,,
03BNAY29,03BNAY,1981,,,,0,0,0,0.0,182,29,6,122,1,13,5,8,15.934065934065934,3.2967032967032965,67.03296703296704,0.5494505494505495,7.142857142857143,2.7472527472527473,4.395604395604396,,,
03BNAY30,03BNAY,1981,,,,0,0,0,0.0,176,0,0,110,0,12,0,0,0.0,0.0,62.5,0.0,6.818181818181818,0.0,0.0,,,
03BNAY31,03BNAY,1981,,,,0,0,0,0.0,120,85,1,72,0,8,1,3,70.83333333333333,0.8333333333333334,60.0,0.0,6.666666666666667,0.8333333333333334,2.5,,,
03BNAZ01,03BNAZ,1981,,,,2,2,0,0.0,140,63,0,98,4,6,12,1,45.0,0.0,70.0,2.857142857142857,4.285714285714286,8.571428571428571,0.7142857142857143,,,
03BNAZ02,03BNAZ,1981,,,,0,0,0,0.0,162,70,1,112,3,16,13,1,43.20987654320987,0.6172839506172839,69.1358024691358,1.8518518518518519,9.876543209876543,8.024691358024691,0.6172839506172839,,,
03BNAZ03,03BNAZ,1981,,,,5,2,3,0.0,108,45,0,82,3,10,6,1,41.666666666666664,0.0,75.92592592592592,2.7777777777777777,9.25925925925926,5.555555555555555,0.9259259259259259,,,
03BNAZ04,03BNAZ,1981,,,,18,9,9,0.0,130,65,1,94,3,7,7,0,50.0,0.7692307692307693,72.3076923076923,2.3076923076923075,5.384615384615385,5.384615384615385,0.0,,,
03BNAZ05,03BNAZ,1981,,,,1,1,0,0.0,197,0,1,158,3,13,0,1,0.0,0.5076142131979695,80.20304568527919,1.5228426395939085,6.598984771573604,0.0,0.5076142131979695,,,
03BNAZ06,03BNAZ,1981,,,,0,0,0,0.0,162,50,1,119,5,13,33,0,30.864197530864196,0.6172839506172839,73.45679012345678,3.0864197530864197,8.024691358024691,20.37037037037037,0.0,,,
03BNAZ07,03BNAZ,1981,,,,10,7,3,0.0,174,112,1,104,4,20,32,2,64.36781609195403,0.5747126436781609,59.770114942528735,2.2988505747126435,11.494252873563218,18.39080459770115,1.1494252873563218,,,
03BNAZ08,03BNAZ,1981,,,,0,0,0,0.0,156,49,0,124,1,17,17,1,31.41025641025641,0.0,79.48717948717949,0.6410256410256411,10.897435897435898,10.897435897435898,0.6410256410256411,,,
03BNAZ09,03BNAZ,1981,,,,3,2,1,0.0,140,58,3,99,1,8,34,61,41.42857142857143,2.142857142857143,70.71428571428571,0.7142857142857143,5.714285714285714,24.285714285714285,43.57142857142857,,,
03BNAZ10,03BNAZ,1981,,,,3,2,1,0.0,127,78,0,89,2,6,12,0,61.41732283464567,0.0,70.07874015748031,1.5748031496062993,4.724409448818897,9.448818897637794,0.0,,,
03BNAZ11,03BNAZ,1981,,,,0,0,0,0.0,124,63,1,93,3,2,8,3,50.806451612903224,0.8064516129032258,75.0,2.4193548387096775,1.6129032258064515,6.451612903225806,2.4193548387096775,,,
03BNAZ12,03BNAZ,1981,,,,0,0,0,0.0,160,50,1,121,5,10,29,40,31.25,0.625,75.625,3.125,6.25,18.125,25.0,,,
03BNAZ13,03BNAZ,1981,,,,0,0,0,0.0,163,85,0,103,2,8,41,4,52.147239263803684,0.0,63.190184049079754,1.2269938650306749,4.9079754601226995,25.153374233128833,2.4539877300613497,,,
03BNAZ14,03BNAZ,1981,,,,8,5,3,0.0,175,79,0,113,5,12,57,2,45.142857142857146,0.0,64.57142857142857,2.857142857142857,6.857142857142857,32.57142857142857,1.1428571428571428,,,
03BNAZ15,03BNAZ,1981,,,,2,0,2,0.0,169,141,0,98,0,8,22,1,83.4319526627219,0.0,57.98816568047337,0.0,4.733727810650888,13.017751479289942,0.591715976331361,,,
03BNAZ16,03BNAZ,1981,,,,0,0,0,0.0,164,104,0,100,2,7,26,0,63.41463414634146,0.0,60.97560975609756,1.2195121951219512,4.2682926829268295,15.853658536585366,0.0,,,
03BNAZ17,03BNAZ,1981,,,,0,0,0,0.0,177,113,0,112,1,11,16,0,63.84180790960452,0.0,63.27683615819209,0.5649717514124294,6.214689265536723,9.03954802259887,0.0,,,
03BNAZ18,03BNAZ,1981,,,,0,0,0,0.0,163,75,0,110,1,7,100,1,46.012269938650306,0.0,67.48466257668711,0.6134969325153374,4.294478527607362,61.34969325153374,0.6134969325153374,,,
03BNAZ19,03BNAZ,1981,,,,0,0,0,0.0,159,3,0,92,1,14,0,0,1.8867924528301887,0.0,57.861635220125784,0.6289308176100629,8.80503144654088,0.0,0.0,,,
03BNAZ20,03BNAZ,1981,,,,0,0,0,0.0,189,59,0,129,4,17,0,0,31.21693121693122,0.0,68.25396825396825,2.1164021164021163,8.994708994708995,0.0,0.0,,,
03BNAZ21,03BNAZ,1981,,,,3,1,2,0.0,186,118,0,126,0,2,0,0,63.44086021505376,0.0,67.74193548387096,0.0,1.075268817204301,0.0,0.0,,,
03BNAZ22,03BNAZ,1981,,,,1,1,0,0.0,182,142,0,100,4,8,3,0,78.02197802197803,0.0,54.94505494505494,2.197802197802198,4.395604395604396,1.6483516483516483,0.0,,,
03BNAZ23,03BNAZ,1981,,,,0,0,0,0.0,144,107,0,103,2,10,38,0,74.30555555555556,0.0,71.52777777777777,1.3888888888888888,6.944444444444445,26.38888888888889,0.0,,,
03BNAZ24,03BNAZ,1981,,,,0,0,0,0.0,176,3,0,123,2,24,0,0,1.7045454545454546,0.0,69.88636363636364,1.1363636363636365,13.636363636363637,0.0,0.0,,,
03BNAZ25,03BNAZ,1981,,,,10,7,3,0.0,134,19,0,77,5,2,0,0,14.17910447761194,0.0,57.46268656716418,3.7313432835820897,1.492537313432836,0.0,0.0,,,
03BNAZ26,03BNAZ,1981,,,,0,0,0,0.0,207,40,0,146,0,6,1,0,19.32367149758454,0.0,70.53140096618357,0.0,2.898550724637681,0.4830917874396135,0.0,,,
03BNAZ27,03BNAZ,1981,,,,0,0,0,0.0,172,83,0,121,1,4,0,0,48.25581395348837,0.0,70.34883720930233,0.5813953488372093,2.3255813953488373,0.0,0.0,,,
03BNAZ28,03BNAZ,1981,,,,0,0,0,0.0,184,4,0,154,0,7,1,0,2.1739130434782608,0.0,83.69565217391305,0.0,3.8043478260869565,0.5434782608695652,0.0,,,
03BNAZ29,03BNAZ,1981,,,,0,0,0,0.0,154,6,0,104,1,12,0,0,3.896103896103896,0.0,67.53246753246754,0.6493506493506493,7.792207792207792,0.0,0.0,,,
03BNAZ30,03BNAZ,1981,,,,0,0,0,0.0,155,5,0,105,4,23,0,0,3.225806451612903,0.0,67.74193548387096,2.5806451612903225,14.838709677419354,0.0,0.0,,,
03BNAZ31,03BNAZ,1981,,,,4,4,0,0.0,232,13,0,141,0,12,0,0,5.603448275862069,0.0,60.775862068965516,0.0,5.172413793103448,0.0,0.0,,,
03BNAZ32,03BNAZ,1981,,,,0,0,0,0.0,179,9,0,110,3,21,2,0,5.027932960893855,0.0,61.452513966480446,1.675977653631285,11.731843575418994,1.1173184357541899,0.0,,,
03BNAZ33,03BNAZ,1981,,,,2,1,1,0.0,154,3,0,100,3,5,0,0,1.948051948051948,0.0,64.93506493506493,1.948051948051948,3.2467532467532467,0.0,0.0,,,
03BNAZ34,03BNAZ,1981,,,,0,0,0,0.0,156,11,0,113,1,5,0,0,7.051282051282051,0.0,72.43589743589743,0.6410256410256411,3.2051282051282053,0.0,0.0,,,
03BNBA01,03BNBA,1981,,,,0,0,0,0.0,144,45,0,107,0,9,20,22,31.25,0.0,74.30555555555556,0.0,6.25,13.88888888888889,15.277777777777779,,,
03BNBA02,03BNBA,1981,,,,3,3,0,0.0,174,38,13,122,1,14,49,59,21.839080459770116,7.471264367816092,70.11494252873563,0.5747126436781609,8.045977011494253,28.160919540229884,33.9080459770115,,,
03BNBA03,03BNBA,1981,,,,0,0,0,0.0,157,56,0,110,0,5,35,44,35.6687898089172,0.0,70.06369426751593,0.0,3.1847133757961785,22.29299363057325,28.02547770700637,,,
03BNBA04,03BNBA,1981,,,,5,4,1,0.0,191,77,0,142,7,10,9,4,40.31413612565445,0.0,74.3455497382199,3.6649214659685865,5.2356020942408374,4.712041884816754,2.094240837696335,,,
03BNBA05,03BNBA,1981,,,,11,9,2,0.0,128,68,0,68,9,11,2,2,53.125,0.0,53.125,7.03125,8.59375,1.5625,1.5625,,,
03BNBA06,03BNBA,1981,,,,2,2,0,0.0,136,24,0,94,9,9,0,0,17.647058823529413,0.0,69.11764705882354,6.617647058823529,6.617647058823529,0.0,0.0,,,
03BNBA07,03BNBA,1981,,,,0,0,0,0.0,161,85,2,119,5,7,20,15,52.79503105590062,1.2422360248447204,73.91304347826087,3.1055900621118013,4.3478260869565215,12.422360248447205,9.316770186335404,,,
03BNBA08,03BNBA,1981,,,,0,0,0,0.0,150,28,0,109,3,6,7,4,18.666666666666668,0.0,72.66666666666667,2.0,4.0,4.666666666666667,2.6666666666666665,,,
03BNBA09,03BNBA,1981,,,,5,2,3,0.0,133,6,0,100,1,10,1,0,4.511278195488722,0.0,75.18796992481202,0.7518796992481203,7.518796992481203,0.7518796992481203,0.0,,,
03BNBA10,03BNBA,1981,,,,5,1,4,0.0,112,28,0,62,14,3,1,0,25.0,0.0,55.357142857142854,12.5,2.6785714285714284,0.8928571428571429,0.0,,,
03BNBA11,03BNBA,1981,,,,3,2,1,0.0,131,62,0,72,8,7,0,2,47.32824427480916,0.0,54.961832061068705,6.106870229007634,5.343511450381679,0.0,1.5267175572519085,,,
03BNBA12,03BNBA,1981,,,,5,3,2,0.0,177,80,0,114,3,16,1,0,45.19774011299435,0.0,64.40677966101696,1.694915254237288,9.03954802259887,0.5649717514124294,0.0,,,
03BNBA13,03BNBA,1981,,,,2,1,1,0.0,150,75,0,96,12,13,0,0,50.0,0.0,64.0,8.0,8.666666666666666,0.0,0.0,,,
03BNBA14,03BNBA,1981,,,,0,0,0,0.0,176,97,0,98,2,13,1,0,55.11363636363637,0.0,55.68181818181818,1.1363636363636365,7.386363636363637,0.5681818181818182,0.0,,,
03BNBA15,03BNBA,1981,,,,0,0,0,0.0,144,56,0,101,2,8,23,0,38.888888888888886,0.0,70.13888888888889,1.3888888888888888,5.555555555555555,15.972222222222221,0.0,,,
03BNBA16,03BNBA,1981,,,,0,0,0,0.0,180,75,0,119,12,10,5,1,41.666666666666664,0.0,66.11111111111111,6.666666666666667,5.555555555555555,2.7777777777777777,0.5555555555555556,,,
03BNBA17,03BNBA,1981,,,,1,0,1,0.0,139,80,0,95,9,8,7,0,57.55395683453237,0.0,68.34532374100719,6.474820143884892,5.755395683453237,5.0359712230215825,0.0,,,
03BNBA18,03BNBA,1981,,,,15,7,8,0.0,204,132,0,110,14,26,3,0,64.70588235294117,0.0,53.92156862745098,6.862745098039215,12.745098039215685,1.4705882352941178,0.0,,,
03BNBA19,03BNBA,1981,,,,0,0,0,0.0,117,72,0,67,4,20,10,0,61.53846153846154,0.0,57.26495726495727,3.4188034188034186,17.094017094017094,8.547008547008547,0.0,,,
03BNBA20,03BNBA,1981,,,,0,0,0,0.0,171,106,0,100,9,12,42,15,61.98830409356725,0.0,58.47953216374269,5.2631578947368425,7.017543859649122,24.56140350877193,8.771929824561404,,,
03BNBA21,03BNBA,1981,,,,0,0,0,0.0,151,3,0,129,0,8,0,0,1.9867549668874172,0.0,85.43046357615894,0.0,5.298013245033113,0.0,0.0,,,
03BNBA22,03BNBA,1981,,,,0,0,0,0.0,189,98,13,139,10,14,47,40,51.851851851851855,6.878306878306878,73.54497354497354,5.291005291005291,7.407407407407407,24.867724867724867,21.164021164021165,,,
03BNBA23,03BNBA,1981,,,,3,2,1,0.0,174,108,0,121,4,7,18,21,62.06896551724138,0.0,69.54022988505747,2.2988505747126435,4.022988505747127,10.344827586206897,12.068965517241379,,,
03BNBA24,03BNBA,1981,,,,4,4,0,0.0,195,88,4,139,2,7,40,40,45.12820512820513,2.051282051282051,71.28205128205128,1.0256410256410255,3.58974358974359,20.512820512820515,20.512820512820515,,,
03BNBA25,03BNBA,1981,,,,0,0,0,0.0,199,141,2,116,3,18,18,5,70.85427135678393,1.0050251256281406,58.29145728643216,1.5075376884422111,9.045226130653266,9.045226130653266,2.512562814070352,,,
03BNBA26,03BNBA,1981,,,,7,5,2,0.0,174,128,0,80,9,30,1,1,73.5632183908046,0.0,45.97701149425287,5.172413793103448,17.24137931034483,0.5747126436781609,0.5747126436781609,,,
03BNBA27,03BNBA,1981,,,,2,2,0,0.0,201,68,0,139,3,11,3,0,33.830845771144276,0.0,69.1542288557214,1.492537313432836,5.472636815920398,1.492537313432836,0.0,,,
03BNBA28,03BNBA,1981,,,,2,1,1,0.0,164,105,0,94,2,12,0,0,64.02439024390245,0.0,57.31707317073171,1.2195121951219512,7.317073170731708,0.0,0.0,,,
03BNBA29,03BNBA,1981,,,,0,0,0,0.0,214,173,0,95,8,28,0,0,80.8411214953271,0.0,44.39252336448598,3.7383177570093458,13.08411214953271,0.0,0.0,,,
03BNBB01,03BNBB,1981,,,,0,0,0,0.0,0,0,0,0,0,0,0,0,,,,,,,,,,
03BNBB02,03BNBB,1981,,,,0,0,0,0.0,25,0,0,23,0,2,0,0,0.0,0.0,92.0,0.0,8.0,0.0,0.0,,,
03BNBB03,03BNBB,1981,,,,5,3,2,0.0,123,1,0,103,8,9,0,4,0.8130081300813008,0.0,83.73983739837398,6.504065040650406,7.317073170731708,0.0,3.252032520325203,,,
03BNBB04,03BNBB,1981,,,,0,0,0,0.0,166,2,0,142,4,8,0,0,1.2048192771084338,0.0,85.5421686746988,2.4096385542168677,4.819277108433735,0.0,0.0,,,
03BNBB05,03BNBB,1981,,,,0,0,0,0.0,171,0,0,133,2,9,0,0,0.0,0.0,77.77777777777777,1.1695906432748537,5.2631578947368425,0.0,0.0,,,
03BNBB06,03BNBB,1981,,,,4,4,0,0.0,217,0,1,179,8,23,0,1,0.0,0.4608294930875576,82.48847926267281,3.686635944700461,10.599078341013826,0.0,0.4608294930875576,,,
03BNBB07,03BNBB,1981,,,,0,0,0,0.0,174,2,0,159,1,7,0,0,1.1494252873563218,0.0,91.37931034482759,0.5747126436781609,4.022988505747127,0.0,0.0,,,
03BNBB08,03BNBB,1981,,,,0,0,0,0.0,156,4,0,119,2,18,0,0,2.5641025641025643,0.0,76.28205128205128,1.2820512820512822,11.538461538461538,0.0,0.0,,,
03BNBB09,03BNBB,1981,,,,0,0,0,0.0,91,1,0,88,0,9,0,0,1.098901098901099,0.0,96.7032967032967,0.0,9.89010989010989,0.0,0.0,,,
03BNBB10,03BNBB,1981,,,,1,0,1,0.0,222,0,0,196,3,20,0,0,0.0,0.0,88.28828828828829,1.3513513513513513,9.00900900900901,0.0,0.0,,,
03BNBB11,03BNBB,1981,,,,1,0,1,0.0,166,0,0,145,3,11,0,3,0.0,0.0,87.34939759036145,1.8072289156626506,6.626506024096385,0.0,1.8072289156626506,,,
03BNBB12,03BNBB,1981,,,,0,0,0,0.0,146,0,0,135,1,9,0,0,0.0,0.0,92.46575342465754,0.684931506849315,6.164383561643835,0.0,0.0,,,
03BNBB13,03BNBB,1981,,,,0,0,0,0.0,160,1,0,143,2,17,0,0,0.625,0.0,89.375,1.25,10.625,0.0,0.0,,,
03BNBB14,03BNBB,1981,,,,0,0,0,0.0,83,34,9,58,2,2,24,6,40.963855421686745,10.843373493975903,69.87951807228916,2.4096385542168677,2.4096385542168677,28.91566265060241,7.228915662650603,,,
03BNBB15,03BNBB,1981,,,,0,0,0,0.0,175,0,2,163,3,0,2,0,0.0,1.1428571428571428,93.14285714285714,1.7142857142857142,0.0,1.1428571428571428,0.0,,,
03BNBB16,03BNBB,1981,,,,0,0,0,0.0,158,0,0,144,5,17,0,0,0.0,0.0,91.13924050632912,3.1645569620253164,10.759493670886076,0.0,0.0,,,
03BNBB17,03BNBB,1981,,,,0,0,0,0.0,154,0,0,133,1,8,1,0,0.0,0.0,86.36363636363636,0.6493506493506493,5.194805194805195,0.6493506493506493,0.0,,,
03BNBB18,03BNBB,1981,,,,0,0,0,0.0,116,39,2,94,2,11,9,14,33.62068965517241,1.7241379310344827,81.03448275862068,1.7241379310344827,9.482758620689655,7.758620689655173,12.068965517241379,,,
03BNBB19,03BNBB,1981,,,,0,0,0,0.0,201,1,0,178,3,16,0,0,0.4975124378109453,0.0,88.55721393034825,1.492537313432836,7.960199004975125,0.0,0.0,,,
03BNBB20,03BNBB,1981,,,,0,0,0,0.0,199,0,0,171,1,20,0,0,0.0,0.0,85.92964824120602,0.5025125628140703,10.050251256281408,0.0,0.0,,,
03BNBB21,03BNBB,1981,,,,0,0,0,0.0,145,0,0,122,3,16,0,0,0.0,0.0,84.13793103448276,2.0689655172413794,11.03448275862069,0.0,0.0,,,
03BNBB22,03BNBB,1981,,,,0,0,0,0.0,208,2,0,181,3,13,1,0,0.9615384615384616,0.0,87.01923076923077,1.4423076923076923,6.25,0.4807692307692308,0.0,,,
03BNBB23,03BNBB,1981,,,,0,0,0,0.0,176,0,0,145,2,17,0,0,0.0,0.0,82.38636363636364,1.1363636363636365,9.659090909090908,0.0,0.0,,,
03BNBC01,03BNBC,1981,,,,108,74,34,0.0,166,0,0,138,1,18,0,0,0.0,0.0,83.13253012048193,0.6024096385542169,10.843373493975903,0.0,0.0,,,
03BNBC02,03BNBC,1981,,,,138,98,40,0.0,192,1,0,162,3,11,0,0,0.5208333333333334,0.0,84.375,1.5625,5.729166666666667,0.0,0.0,,,
03BNBC03,03BNBC,1981,,,,112,83,29,0.0,189,0,0,165,3,14,0,0,0.0,0.0,87.3015873015873,1.5873015873015872,7.407407407407407,0.0,0.0,,,
03BNBC04,03BNBC,1981,,,,0,0,0,0.0,208,1,1,175,5,18,1,1,0.4807692307692308,0.4807692307692308,84.13461538461539,2.4038461538461537,8.653846153846153,0.4807692307692308,0.4807692307692308,,,
03BNBC05,03BNBC,1981,,,,0,0,0,0.0,154,97,1,110,0,13,8,1,62.98701298701299,0.6493506493506493,71.42857142857143,0.0,8.441558441558442,5.194805194805195,0.6493506493506493,,,
03BNBC06,03BNBC,1981,,,,9,7,2,0.0,30,3,0,25,0,2,0,0,10.0,0.0,83.33333333333333,0.0,6.666666666666667,0.0,0.0,,,
03BNBC07,03BNBC,1981,,,,0,0,0,0.0,160,2,0,133,8,21,2,0,1.25,0.0,83.125,5.0,13.125,1.25,0.0,,,
03BNBC08,03BNBC,1981,,,,1,1,0,0.0,222,1,0,178,5,30,1,0,0.45045045045045046,0.0,80.18018018018019,2.2522522522522523,13.513513513513514,0.45045045045045046,0.0,,,
03BNBC09,03BNBC,1981,,,,0,0,0,0.0,155,11,0,120,12,18,2,0,7.096774193548387,0.0,77.41935483870968,7.741935483870968,11.612903225806452,1.2903225806451613,0.0,,,
03BNBC10,03BNBC,1981,,,,0,0,0,0.0,180,2,0,147,5,20,0,0,1.1111111111111112,0.0,81.66666666666667,2.7777777777777777,11.11111111111111,0.0,0.0,,,
03BNBC11,03BNBC,1981,,,,1,1,0,0.0,187,2,0,157,5,28,2,0,1.0695187165775402,0.0,83.9572192513369,2.6737967914438503,14.973262032085561,1.0695187165775402,0.0,,,
03BNBC12,03BNBC,1981,,,,1,0,1,0.0,227,1,0,188,14,28,0,0,0.44052863436123346,0.0,82.81938325991189,6.167400881057269,12.334801762114537,0.0,0.0,,,
03BNBC13,03BNBC,1981,,,,0,0,0,0.0,150,1,0,122,2,24,0,0,0.6666666666666666,0.0,81.33333333333333,1.3333333333333333,16.0,0.0,0.0,,,
03BNBC14,03BNBC,1981,,,,1,0,1,0.0,162,43,0,120,4,16,6,0,26.54320987654321,0.0,74.07407407407408,2.4691358024691357,9.876543209876543,3.7037037037037037,0.0,,,
03BNBC15,03BNBC,1981,,,,0,0,0,0.0,163,64,0,131,6,8,8,0,39.263803680981596,0.0,80.3680981595092,3.6809815950920246,4.9079754601226995,4.9079754601226995,0.0,,,
03BNBC16,03BNBC,1981,,,,0,0,0,0.0,137,50,0,100,20,17,6,0,36.496350364963504,0.0,72.99270072992701,14.598540145985401,12.408759124087592,4.37956204379562,0.0,,,
03BNBC17,03BNBC,1981,,,,9,7,2,0.0,158,58,1,114,5,10,12,0,36.70886075949367,0.6329113924050633,72.15189873417721,3.1645569620253164,6.329113924050633,7.594936708860759,0.0,,,
03BNBC18,03BNBC,1981,,,,0,0,0,0.0,83,12,0,58,2,7,0,0,14.457831325301205,0.0,69.87951807228916,2.4096385542168677,8.433734939759036,0.0,0.0,,,
03BNBC19,03BNBC,1981,,,,2,0,2,0.0,0,0,0,0,0,0,0,0,,,,,,,,,,
03BNBC20,03BNBC,1981,,,,0,0,0,0.0,0,0,0,0,0,0,0,0,,,,,,,,,,
03BNBC21,03BNBC,1981,,,,1,0,1,0.0,0,0,0,0,0,0,0,0,,,,,,,,,,
03BNBC22,03BNBC,1981,,,,7,4,3,0.0,27,1,0,23,0,2,0,0,3.7037037037037037,0.0,85.18518518518519,0.0,7.407407407407407,0.0,0.0,,,
03BNBC23,03BNBC,1981,,,,11,10,1,0.0,33,0,0,30,0,0,0,0,0.0,0.0,90.9090909090909,0.0,0.0,0.0,0.0,,,
03BNBC24,03BNBC,1981,,,,5,5,0,0.0,23,2,0,15,1,0,2,0,8.695652173913043,0.0,65.21739130434783,4.3478260869565215,0.0,8.695652173913043,0.0,,,
03BNBD01,03BNBD,1981,,,,2,2,0,0.0,189,172,0,65,3,5,0,0,91.005291005291,0.0,34.39153439153439,1.5873015873015872,2.6455026455026456,0.0,0.0,,,
03BNBD02,03BNBD,1981,,,,0,0,0,0.0,215,24,0,151,3,6,4,0,11.162790697674419,0.0,70.23255813953489,1.3953488372093024,2.7906976744186047,1.8604651162790697,0.0,,,
03BNBD03,03BNBD,1981,,,,0,0,0,0.0,184,7,0,126,1,6,0,0,3.8043478260869565,0.0,68.47826086956522,0.5434782608695652,3.260869565217391,0.0,0.0,,,
03BNBD04,03BNBD,1981,,,,5,3,2,0.0,226,39,0,137,2,17,0,0,17.256637168141594,0.0,60.61946902654867,0.8849557522123894,7.522123893805309,0.0,0.0,,,
03BNBD05,03BNBD,1981,,,,0,0,0,0.0,229,67,0,139,4,10,0,0,29.25764192139738,0.0,60.698689956331876,1.7467248908296944,4.366812227074236,0.0,0.0,,,
03BNBD06,03BNBD,1981,,,,0,0,0,0.0,210,204,0,49,0,2,0,0,97.14285714285714,0.0,23.333333333333332,0.0,0.9523809523809523,0.0,0.0,,,
03BNBD07,03BNBD,1981,,,,1,1,0,0.0,212,173,0,84,0,6,7,0,81.60377358490567,0.0,39.62264150943396,0.0,2.830188679245283,3.30188679245283,0.0,,,
03BNBD08,03BNBD,1981,,,,0,0,0,0.0,187,11,0,136,2,23,0,0,5.882352941176471,0.0,72.72727272727273,1.0695187165775402,12.29946524064171,0.0,0.0,,,
03BNBD09,03BNBD,1981,,,,0,0,0,0.0,217,80,0,118,0,8,0,0,36.866359447004605,0.0,54.3778801843318,0.0,3.686635944700461,0.0,0.0,,,
03BNBD10,03BNBD,1981,,,,0,0,0,0.0,198,0,0,142,1,17,0,0,0.0,0.0,71.71717171717172,0.5050505050505051,8.585858585858587,0.0,0.0,,,
03BNBD11,03BNBD,1981,,,,0,0,0,0.0,248,130,0,155,4,5,0,0,52.41935483870968,0.0,62.5,1.6129032258064515,2.0161290322580645,0.0,0.0,,,
03BNBD12,03BNBD,1981,,,,0,0,0,0.0,204,106,0,118,1,10,8,4,51.96078431372549,0.0,57.84313725490196,0.49019607843137253,4.901960784313726,3.9215686274509802,1.9607843137254901,,,
03BNBD13,03BNBD,1981,,,,5,5,0,0.0,176,4,1,116,2,12,1,0,2.272727272727273,0.5681818181818182,65.9090909090909,1.1363636363636365,6.818181818181818,0.5681818181818182,0.0,,,
03BNBD14,03BNBD,1981,,,,1,1,0,0.0,128,13,0,63,1,7,3,0,10.15625,0.0,49.21875,0.78125,5.46875,2.34375,0.0,,,
03BNBD15,03BNBD,1981,,,,0,0,0,0.0,244,16,0,179,3,16,0,0,6.557377049180328,0.0,73.36065573770492,1.2295081967213115,6.557377049180328,0.0,0.0,,,
03BNBD16,03BNBD,1981,,,,7,4,3,0.0,234,229,0,44,0,10,0,0,97.86324786324786,0.0,18.803418803418804,0.0,4.273504273504273,0.0,0.0,,,
03BNBD17,03BNBD,1981,,,,0,0,0,0.0,214,212,0,34,2,2,0,0,99.06542056074767,0.0,15.88785046728972,0.9345794392523364,0.9345794392523364,0.0,0.0,,,
03BNBD18,03BNBD,1981,,,,1,1,0,0.0,222,202,0,90,0,6,19,0,90.990990990991,0.0,40.54054054054054,0.0,2.7027027027027026,8.558558558558559,0.0,,,
03BNBD19,03BNBD,1981,,,,0,0,0,0.0,174,141,0,72,0,4,4,1,81.03448275862068,0.0,41.37931034482759,0.0,2.2988505747126435,2.2988505747126435,0.5747126436781609,,,
03BNBD20,03BNBD,1981,,,,0,0,0,0.0,216,215,0,55,1,6,0,0,99.53703703703704,0.0,25.462962962962962,0.46296296296296297,2.7777777777777777,0.0,0.0,,,
03BNBD21,03BNBD,1981,,,,0,0,0,0.0,225,173,0,84,2,3,9,0,76.88888888888889,0.0,37.333333333333336,0.8888888888888888,1.3333333333333333,4.0,0.0,,,
03BNBD22,03BNBD,1981,,,,0,0,0,0.0,241,231,0,73,0,3,0,1,95.850622406639,0.0,30.29045643153527,0.0,1.2448132780082988,0.0,0.4149377593360996,,,
03BNBD23,03BNBD,1981,,,,1,0,1,0.0,196,192,0,58,0,6,0,0,97.95918367346938,0.0,29.591836734693878,0.0,3.061224489795918,0.0,0.0,,,
03BNBD24,03BNBD,1981,,,,2,1,1,0.0,188,170,0,78,0,3,14,0,90.42553191489361,0.0,41.48936170212766,0.0,1.5957446808510638,7.446808510638298,0.0,,,
03BNBD25,03BNBD,1981,,,,4,2,2,0.0,123,94,0,64,0,5,4,1,76.42276422764228,0.0,52.03252032520325,0.0,4.065040650406504,3.252032520325203,0.8130081300813008,,,
03BNBD26,03BNBD,1981,,,,0,0,0,0.0,155,88,0,87,0,13,0,0,56.774193548387096,0.0,56.12903225806452,0.0,8.387096774193548,0.0,0.0,,,
03BNBD27,03BNBD,1981,,,,4,2,2,0.0,234,229,0,41,0,12,2,0,97.86324786324786,0.0,17.521367521367523,0.0,5.128205128205129,0.8547008547008547,0.0,,,
03BNBE01,03BNBE,1981,,,,2,1,1,0.0,133,77,2,63,4,8,19,2,57.89473684210526,1.5037593984962405,47.36842105263158,3.007518796992481,6.015037593984962,14.285714285714286,1.5037593984962405,,,
03BNBE02,03BNBE,1981,,,,1,1,0,0.0,169,7,0,126,1,8,2,1,4.1420118343195265,0.0,74.55621301775147,0.591715976331361,4.733727810650888,1.183431952662722,0.591715976331361,,,
03BNBE03,03BNBE,1981,,,,4,3,1,0.0,248,0,0,187,3,17,0,0,0.0,0.0,75.40322580645162,1.2096774193548387,6.854838709677419,0.0,0.0,,,
03BNBE04,03BNBE,1981,,,,0,0,0,0.0,168,57,0,115,5,8,29,0,33.92857142857143,0.0,68.45238095238095,2.9761904761904763,4.761904761904762,17.261904761904763,0.0,,,
03BNBE05,03BNBE,1981,,,,0,0,0,0.0,157,55,0,92,0,5,1,0,35.031847133757964,0.0,58.59872611464968,0.0,3.1847133757961785,0.6369426751592356,0.0,,,
03BNBE06,03BNBE,1981,,,,4,1,3,0.0,139,75,1,87,1,4,38,30,53.9568345323741,0.7194244604316546,62.589928057553955,0.7194244604316546,2.8776978417266186,27.33812949640288,21.58273381294964,,,
03BNBE07,03BNBE,1981,,,,0,0,0,0.0,166,39,2,116,2,14,16,3,23.49397590361446,1.2048192771084338,69.87951807228916,1.2048192771084338,8.433734939759036,9.63855421686747,1.8072289156626506,,,
03BNBE08,03BNBE,1981,,,,0,0,0,0.0,200,155,0,116,0,6,12,7,77.5,0.0,58.0,0.0,3.0,6.0,3.5,,,
03BNBE09,03BNBE,1981,,,,0,0,0,0.0,188,126,0,120,0,5,15,7,67.02127659574468,0.0,63.829787234042556,0.0,2.6595744680851063,7.9787234042553195,3.723404255319149,,,
03BNBE10,03BNBE,1981,,,,0,0,0,0.0,184,3,0,145,1,15,0,0,1.6304347826086956,0.0,78.80434782608695,0.5434782608695652,8.152173913043478,0.0,0.0,,,
03BNBE11,03BNBE,1981,,,,0,0,0,0.0,183,8,1,139,0,12,2,1,4.371584699453552,0.546448087431694,75.95628415300547,0.0,6.557377049180328,1.092896174863388,0.546448087431694,,,
03BNBE12,03BNBE,1981,,,,0,0,0,0.0,194,156,1,134,0,6,20,17,80.41237113402062,0.5154639175257731,69.0721649484536,0.0,3.0927835051546393,10.309278350515465,8.762886597938145,,,
03BNBE13,03BNBE,1981,,,,0,0,0,0.0,214,14,0,160,1,18,0,0,6.542056074766355,0.0,74.76635514018692,0.4672897196261682,8.411214953271028,0.0,0.0,,,
03BNBE14,03BNBE,1981,,,,0,0,0,0.0,166,103,0,101,0,3,2,2,62.04819277108434,0.0,60.8433734939759,0.0,1.8072289156626506,1.2048192771084338,1.2048192771084338,,,
03BNBE15,03BNBE,1981,,,,0,0,0,0.0,191,91,0,118,0,5,1,7,47.64397905759162,0.0,61.78010471204188,0.0,2.6178010471204187,0.5235602094240838,3.6649214659685865,,,
03BNBE16,03BNBE,1981,,,,0,0,0,0.0,233,4,0,166,4,15,0,0,1.7167381974248928,0.0,71.24463519313305,1.7167381974248928,6.437768240343348,0.0,0.0,,,
03BNBE17,03BNBE,1981,,,,1,0,1,0.0,185,4,0,121,0,17,0,0,2.1621621621621623,0.0,65.4054054054054,0.0,9.18918918918919,0.0,0.0,,,
03BNBE18,03BNBE,1981,,,,0,0,0,0.0,227,12,0,171,4,17,1,1,5.286343612334802,0.0,75.33039647577093,1.7621145374449338,7.488986784140969,0.44052863436123346,0.44052863436123346,,,
03BNBE19,03BNBE,1981,,,,0,0,0,0.0,193,149,0,96,0,6,1,1,77.20207253886011,0.0,49.740932642487046,0.0,3.1088082901554404,0.5181347150259067,0.5181347150259067,,,
03BNBE20,03BNBE,1981,,,,0,0,0,0.0,136,101,0,55,1,2,4,0,74.26470588235294,0.0,40.44117647058823,0.7352941176470589,1.4705882352941178,2.9411764705882355,0.0,,,
03BNBE21,03BNBE,1981,,,,0,0,0,0.0,142,12,0,104,3,9,9,3,8.450704225352112,0.0,73.2394366197183,2.112676056338028,6.338028169014085,6.338028169014085,2.112676056338028,,,
03BNBE22,03BNBE,1981,,,,0,0,0,0.0,201,0,0,169,2,8,0,0,0.0,0.0,84.07960199004975,0.9950248756218906,3.9800995024875623,0.0,0.0,,,
03BNBE23,03BNBE,1981,,,,0,0,0,0.0,194,32,0,149,0,7,7,17,16.49484536082474,0.0,76.80412371134021,0.0,3.6082474226804124,3.6082474226804124,8.762886597938145,,,
03BNBE24,03BNBE,1981,,,,0,0,0,0.0,174,153,0,47,0,1,4,1,87.93103448275862,0.0,27.011494252873565,0.0,0.5747126436781609,2.2988505747126435,0.5747126436781609,,,
03BNBE25,03BNBE,1981,,,,0,0,0,0.0,221,8,0,171,0,4,2,0,3.6199095022624435,0.0,77.37556561085972,0.0,1.8099547511312217,0.9049773755656109,0.0,,,
03BNBE26,03BNBE,1981,,,,0,0,0,0.0,157,35,0,115,0,6,27,21,22.29299363057325,0.0,73.2484076433121,0.0,3.821656050955414,17.197452229299362,13.375796178343949,,,
03BNBE27,03BNBE,1981,,,,0,0,0,0.0,151,19,5,101,1,11,10,1,12.582781456953642,3.3112582781456954,66.88741721854305,0.6622516556291391,7.28476821192053,6.622516556291391,0.6622516556291391,,,
03BNBE28,03BNBE,1981,,,,0,0,0,0.0,157,84,10,112,2,7,66,8,53.503184713375795,6.369426751592357,71.3375796178344,1.2738853503184713,4.45859872611465,42.038216560509554,5.095541401273885,,,
03BNBE29,03BNBE,1981,,,,4,2,2,0.0,156,20,0,114,0,8,0,0,12.820512820512821,0.0,73.07692307692308,0.0,5.128205128205129,0.0,0.0,,,
03BNBF01,03BNBF,1981,,,,0,0,0,0.0,139,64,0,62,2,4,0,0,46.0431654676259,0.0,44.60431654676259,1.4388489208633093,2.8776978417266186,0.0,0.0,,,
03BNBF02,03BNBF,1981,,,,6,4,2,0.0,172,147,0,50,2,1,3,1,85.46511627906976,0.0,29.069767441860463,1.1627906976744187,0.5813953488372093,1.744186046511628,0.5813953488372093,,,
03BNBF03,03BNBF,1981,,,,0,0,0,0.0,219,114,0,83,0,11,0,0,52.054794520547944,0.0,37.89954337899543,0.0,5.0228310502283104,0.0,0.0,,,
03BNBF04,03BNBF,1981,,,,3,2,1,0.0,182,89,0,77,0,0,2,0,48.9010989010989,0.0,42.30769230769231,0.0,0.0,1.098901098901099,0.0,,,
03BNBF05,03BNBF,1981,,,,5,2,3,0.0,174,122,0,88,0,2,3,7,70.11494252873563,0.0,50.57471264367816,0.0,1.1494252873563218,1.7241379310344827,4.022988505747127,,,
03BNBF06,03BNBF,1981,,,,2,1,1,0.0,201,197,0,34,0,4,0,0,98.00995024875621,0.0,16.915422885572138,0.0,1.9900497512437811,0.0,0.0,,,
03BNBF07,03BNBF,1981,,,,0,0,0,0.0,120,116,0,28,0,1,0,0,96.66666666666667,0.0,23.333333333333332,0.0,0.8333333333333334,0.0,0.0,,,
03BNBF08,03BNBF,1981,,,,0,0,0,0.0,188,167,0,62,2,4,5,0,88.82978723404256,0.0,32.97872340425532,1.0638297872340425,2.127659574468085,2.6595744680851063,0.0,,,
03BNBF09,03BNBF,1981,,,,0,0,0,0.0,180,156,0,53,0,4,2,1,86.66666666666667,0.0,29.444444444444443,0.0,2.2222222222222223,1.1111111111111112,0.5555555555555556,,,
03BNBF10,03BNBF,1981,,,,0,0,0,0.0,145,57,1,76,2,5,1,0,39.310344827586206,0.6896551724137931,52.41379310344828,1.3793103448275863,3.4482758620689653,0.6896551724137931,0.0,,,
03BNBF11,03BNBF,1981,,,,2,2,0,0.0,147,2,0,112,1,2,1,2,1.3605442176870748,0.0,76.19047619047619,0.6802721088435374,1.3605442176870748,0.6802721088435374,1.3605442176870748,,,
03BNBF12,03BNBF,1981,,,,1,0,1,0.0,208,191,0,65,0,3,0,0,91.82692307692308,0.0,31.25,0.0,1.4423076923076923,0.0,0.0,,,
03BNBF13,03BNBF,1981,,,,0,0,0,0.0,226,53,0,150,0,3,0,5,23.451327433628318,0.0,66.3716814159292,0.0,1.3274336283185841,0.0,2.2123893805309733,,,
03BNBF14,03BNBF,1981,,,,0,0,0,0.0,154,5,0,122,0,1,0,0,3.2467532467532467,0.0,79.22077922077922,0.0,0.6493506493506493,0.0,0.0,,,
03BNBF15,03BNBF,1981,,,,2,2,0,0.0,153,1,0,113,1,13,0,0,0.6535947712418301,0.0,73.85620915032679,0.6535947712418301,8.49673202614379,0.0,0.0,,,
03BNBF16,03BNBF,1981,,,,0,0,0,0.0,172,23,0,115,1,13,1,0,13.372093023255815,0.0,66.86046511627907,0.5813953488372093,7.558139534883721,0.5813953488372093,0.0,,,
03BNBF17,03BNBF,1981,,,,1,1,0,0.0,233,3,0,158,2,24,0,0,1.2875536480686696,0.0,67.81115879828326,0.8583690987124464,10.300429184549357,0.0,0.0,,,
03BNBF18,03BNBF,1981,,,,1,1,0,0.0,162,151,0,21,0,0,0,0,93.20987654320987,0.0,12.962962962962964,0.0,0.0,0.0,0.0,,,
03BNBF19,03BNBF,1981,,,,1,1,0,0.0,166,1,0,105,1,20,0,0,0.6024096385542169,0.0,63.25301204819277,0.6024096385542169,12.048192771084338,0.0,0.0,,,
03BNBF20,03BNBF,1981,,,,1,1,0,0.0,198,3,0,137,6,19,0,0,1.5151515151515151,0.0,69.1919191919192,3.0303030303030303,9.595959595959595,0.0,0.0,,,
03BNBF21,03BNBF,1981,,,,0,0,0,0.0,232,4,0,158,3,27,1,0,1.7241379310344827,0.0,68.10344827586206,1.293103448275862,11.637931034482758,0.43103448275862066,0.0,,,
03BNBF22,03BNBF,1981,,,,0,0,0,0.0,190,4,0,125,3,20,0,0,2.1052631578947367,0.0,65.78947368421052,1.5789473684210527,10.526315789473685,0.0,0.0,,,
03BNBF23,03BNBF,1981,,,,2,0,2,0.0,197,11,0,131,2,10,0,0,5.583756345177665,0.0,66.49746192893402,1.015228426395939,5.0761421319796955,0.0,0.0,,,
03BNBF24,03BNBF,1981,,,,0,0,0,0.0,202,128,0,75,1,5,0,0,63.366336633663366,0.0,37.12871287128713,0.49504950495049505,2.4752475247524752,0.0,0.0,,,
03BNBF25,03BNBF,1981,,,,4,3,1,0.0,205,192,0,42,0,3,0,0,93.65853658536585,0.0,20.48780487804878,0.0,1.4634146341463414,0.0,0.0,,,
03BNBF26,03BNBF,1981,,,,0,0,0,0.0,222,2,0,163,1,17,0,0,0.9009009009009009,0.0,73.42342342342343,0.45045045045045046,7.657657657657658,0.0,0.0,,,
03BNBF27,03BNBF,1981,,,,0,0,0,0.0,205,0,0,146,2,21,0,0,0.0,0.0,71.21951219512195,0.975609756097561,10.24390243902439,0.0,0.0,,,
03BNBF28,03BNBF,1981,,,,0,0,0,0.0,235,3,1,162,6,23,1,0,1.2765957446808511,0.425531914893617,68.93617021276596,2.5531914893617023,9.787234042553191,0.425531914893617,0.0,,,
03BNBF29,03BNBF,1981,,,,4,1,3,0.0,206,5,0,157,2,10,1,0,2.4271844660194173,0.0,76.2135922330097,0.970873786407767,4.854368932038835,0.4854368932038835,0.0,,,
03BNBF30,03BNBF,1981,,,,0,0,0,0.0,240,6,1,180,2,3,2,0,2.5,0.4166666666666667,75.0,0.8333333333333334,1.25,0.8333333333333334,0.0,,,
03BNBF31,03BNBF,1981,,,,1,0,1,0.0,184,179,0,40,0,0,0,0,97.28260869565217,0.0,21.73913043478261,0.0,0.0,0.0,0.0,,,
03BNBF32,03BNBF,1981,,,,0,0,0,0.0,0,0,0,0,0,0,0,0,,,,,,,,,,
03BNBG01,03BNBG,1981,,,,1,0,1,0.0,123,117,0,24,0,2,0,0,95.1219512195122,0.0,19.51219512195122,0.0,1.6260162601626016,0.0,0.0,,,
03BNBG02,03BNBG,1981,,,,3,2,1,0.0,201,71,0,107,1,18,0,0,35.32338308457712,0.0,53.233830845771145,0.4975124378109453,8.955223880597014,0.0,0.0,,,
03BNBG03,03BNBG,1981,,,,2,1,1,0.0,175,152,0,65,1,3,0,0,86.85714285714286,0.0,37.142857142857146,0.5714285714285714,1.7142857142857142,0.0,0.0,,,
03BNBG04,03BNBG,1981,,,,5,3,2,0.0,157,80,0,78,3,1,0,0,50.955414012738856,0.0,49.681528662420384,1.910828025477707,0.6369426751592356,0.0,0.0,,,
03BNBG05,03BNBG,1981,,,,0,0,0,0.0,140,74,0,66,1,0,3,0,52.857142857142854,0.0,47.142857142857146,0.7142857142857143,0.0,2.142857142857143,0.0,,,
03BNBG06,03BNBG,1981,,,,0,0,0,0.0,192,3,0,123,2,9,0,0,1.5625,0.0,64.0625,1.0416666666666667,4.6875,0.0,0.0,,,
03BNBG07,03BNBG,1981,,,,0,0,0,0.0,183,6,0,120,0,8,0,0,3.278688524590164,0.0,65.57377049180327,0.0,4.371584699453552,0.0,0.0,,,
03BNBG08,03BNBG,1981,,,,0,0,0,0.0,197,100,0,98,1,12,0,0,50.76142131979695,0.0,49.746192893401016,0.5076142131979695,6.091370558375634,0.0,0.0,,,
03BNBG09,03BNBG,1981,,,,2,1,1,0.0,152,131,0,44,2,10,3,0,86.1842105263158,0.0,28.94736842105263,1.3157894736842106,6.578947368421052,1.9736842105263157,0.0,,,
03BNBG10,03BNBG,1981,,,,14,11,3,0.0,160,46,0,83,3,1,0,0,28.75,0.0,51.875,1.875,0.625,0.0,0.0,,,
03BNBG11,03BNBG,1981,,,,0,0,0,0.0,180,2,0,125,0,10,0,0,1.1111111111111112,0.0,69.44444444444444,0.0,5.555555555555555,0.0,0.0,,,
03BNBG12,03BNBG,1981,,,,4,3,1,0.0,191,9,0,122,2,13,2,0,4.712041884816754,0.0,63.87434554973822,1.0471204188481675,6.806282722513089,1.0471204188481675,0.0,,,
03BNBG13,03BNBG,1981,,,,0,0,0,0.0,166,5,0,114,3,21,0,0,3.0120481927710845,0.0,68.67469879518072,1.8072289156626506,12.650602409638553,0.0,0.0,,,
03BNBG14,03BNBG,1981,,,,0,0,0,0.0,169,32,0,98,0,8,1,0,18.93491124260355,0.0,57.98816568047337,0.0,4.733727810650888,0.591715976331361,0.0,,,
03BNBG15,03BNBG,1981,,,,3,2,1,0.0,116,42,0,79,4,1,0,0,36.206896551724135,0.0,68.10344827586206,3.4482758620689653,0.8620689655172413,0.0,0.0,,,
03BNBG16,03BNBG,1981,,,,3,2,1,0.0,185,93,0,105,2,5,2,0,50.270270270270274,0.0,56.75675675675676,1.0810810810810811,2.7027027027027026,1.0810810810810811,0.0,,,
03BNBG17,03BNBG,1981,,,,2,1,1,0.0,140,14,0,99,1,4,4,0,10.0,0.0,70.71428571428571,0.7142857142857143,2.857142857142857,2.857142857142857,0.0,,,
03BNBG18,03BNBG,1981,,,,1,0,1,0.0,193,49,0,111,5,7,0,0,25.38860103626943,0.0,57.512953367875646,2.5906735751295336,3.626943005181347,0.0,0.0,,,
03BNBG19,03BNBG,1981,,,,4,2,2,0.0,140,39,0,82,3,8,3,1,27.857142857142858,0.0,58.57142857142857,2.142857142857143,5.714285714285714,2.142857142857143,0.7142857142857143,,,
03BNBG20,03BNBG,1981,,,,0,0,0,0.0,50,5,0,34,0,0,0,0,10.0,0.0,68.0,0.0,0.0,0.0,0.0,,,
03BNBG21,03BNBG,1981,,,,1,0,1,0.0,183,8,0,118,4,15,0,0,4.371584699453552,0.0,64.48087431693989,2.185792349726776,8.19672131147541,0.0,0.0,,,
03BNBG22,03BNBG,1981,,,,0,0,0,0.0,196,0,0,144,2,7,0,0,0.0,0.0,73.46938775510205,1.0204081632653061,3.5714285714285716,0.0,0.0,,,
03BNBG23,03BNBG,1981,,,,2,2,0,0.0,184,64,0,84,3,3,1,0,34.78260869565217,0.0,45.65217391304348,1.6304347826086956,1.6304347826086956,0.5434782608695652,0.0,,,
03BNBG24,03BNBG,1981,,,,1,1,0,0.0,179,16,0,112,1,11,0,0,8.938547486033519,0.0,62.56983240223464,0.5586592178770949,6.145251396648045,0.0,0.0,,,
03BNBG25,03BNBG,1981,,,,2,1,1,0.0,178,73,0,76,10,0,0,0,41.01123595505618,0.0,42.69662921348315,5.617977528089888,0.0,0.0,0.0,,,
03BNBG26,03BNBG,1981,,,,4,3,1,0.0,216,79,0,123,10,1,1,0,36.574074074074076,0.0,56.94444444444444,4.62962962962963,0.46296296296296297,0.46296296296296297,0.0,,,
03BNBG27,03BNBG,1981,,,,0,0,0,0.0,179,64,0,89,1,2,0,0,35.754189944134076,0.0,49.720670391061454,0.5586592178770949,1.1173184357541899,0.0,0.0,,,
03BNBG28,03BNBG,1981,,,,1,1,0,0.0,149,64,0,79,6,3,1,0,42.95302013422819,0.0,53.02013422818792,4.026845637583893,2.0134228187919465,0.6711409395973155,0.0,,,
03BNBG29,03BNBG,1981,,,,4,2,2,0.0,155,124,0,40,1,0,0,0,80.0,0.0,25.806451612903224,0.6451612903225806,0.0,0.0,0.0,,,
03BNBG30,03BNBG,1981,,,,3,2,1,0.0,129,25,0,85,1,2,0,0,19.37984496124031,0.0,65.89147286821705,0.7751937984496124,1.550387596899225,0.0,0.0,,,
03BNBH01,03BNBH,1981,,,,1,1,0,0.0,147,47,0,100,4,11,4,12,31.972789115646258,0.0,68.02721088435374,2.7210884353741496,7.482993197278912,2.7210884353741496,8.16326530612245,,,
03BNBH02,03BNBH,1981,,,,0,0,0,0.0,206,20,1,168,7,23,6,1,9.70873786407767,0.4854368932038835,81.55339805825243,3.3980582524271843,11.16504854368932,2.912621359223301,0.4854368932038835,,,
03BNBH03,03BNBH,1981,,,,1,1,0,0.0,164,71,3,116,3,11,25,3,43.292682926829265,1.829268292682927,70.73170731707317,1.829268292682927,6.7073170731707314,15.24390243902439,1.829268292682927,,,
03BNBH04,03BNBH,1981,,,,0,0,0,0.0,176,105,0,108,0,9,64,0,59.65909090909091,0.0,61.36363636363637,0.0,5.113636363636363,36.36363636363637,0.0,,,
03BNBH05,03BNBH,1981,,,,1,0,1,0.0,157,111,0,95,0,4,1,0,70.70063694267516,0.0,60.50955414012739,0.0,2.5477707006369426,0.6369426751592356,0.0,,,
03BNBH06,03BNBH,1981,,,,1,0,1,0.0,150,24,1,111,8,9,2,0,16.0,0.6666666666666666,74.0,5.333333333333333,6.0,1.3333333333333333,0.0,,,
03BNBH07,03BNBH,1981,,,,4,3,1,0.0,125,60,0,63,0,8,0,0,48.0,0.0,50.4,0.0,6.4,0.0,0.0,,,
03BNBH08,03BNBH,1981,,,,19,11,8,0.0,127,82,0,61,3,2,0,0,64.56692913385827,0.0,48.031496062992126,2.3622047244094486,1.5748031496062993,0.0,0.0,,,
03BNBH09,03BNBH,1981,,,,9,7,2,0.0,100,61,0,51,0,3,4,0,61.0,0.0,51.0,0.0,3.0,4.0,0.0,,,
03BNBH10,03BNBH,1981,,,,1,0,1,0.0,156,58,0,73,1,5,1,0,37.17948717948718,0.0,46.794871794871796,0.6410256410256411,3.2051282051282053,0.6410256410256411,0.0,,,
03BNBH11,03BNBH,1981,,,,13,6,7,0.0,158,91,0,73,0,9,1,0,57.59493670886076,0.0,46.20253164556962,0.0,5.69620253164557,0.6329113924050633,0.0,,,
03BNBH12,03BNBH,1981,,,,6,1,5,0.0,142,64,0,72,3,7,0,0,45.070422535211264,0.0,50.70422535211268,2.112676056338028,4.929577464788732,0.0,0.0,,,
03BNBH13,03BNBH,1981,,,,13,6,7,0.0,96,60,0,50,2,2,0,0,62.5,0.0,52.083333333333336,2.0833333333333335,2.0833333333333335,0.0,0.0,,,
03BNBH14,03BNBH,1981,,,,7,2,5,0.0,128,40,0,92,1,3,1,0,31.25,0.0,71.875,0.78125,2.34375,0.78125,0.0,,,
03BNBH15,03BNBH,1981,,,,0,0,0,0.0,188,89,0,99,4,4,0,0,47.340425531914896,0.0,52.659574468085104,2.127659574468085,2.127659574468085,0.0,0.0,,,
03BNBH16,03BNBH,1981,,,,1,0,1,0.0,195,35,0,155,1,3,9,0,17.94871794871795,0.0,79.48717948717949,0.5128205128205128,1.5384615384615385,4.615384615384615,0.0,,,
03BNBH17,03BNBH,1981,,,,1,0,1,0.0,199,108,0,107,13,4,1,0,54.2713567839196,0.0,53.768844221105525,6.532663316582915,2.0100502512562812,0.5025125628140703,0.0,,,
03BNBH18,03BNBH,1981,,,,1,1,0,0.0,203,28,0,139,9,9,1,0,13.793103448275861,0.0,68.47290640394088,4.433497536945813,4.433497536945813,0.49261083743842365,0.0,,,
03BNBH19,03BNBH,1981,,,,0,0,0,0.0,158,95,0,77,1,1,0,0,60.12658227848101,0.0,48.734177215189874,0.6329113924050633,0.6329113924050633,0.0,0.0,,,
03BNBH20,03BNBH,1981,,,,2,0,2,0.0,216,166,0,69,2,15,0,0,76.85185185185185,0.0,31.944444444444443,0.9259259259259259,6.944444444444445,0.0,0.0,,,
03BNBH21,03BNBH,1981,,,,5,1,4,0.0,146,85,0,77,2,6,1,0,58.21917808219178,0.0,52.73972602739726,1.36986301369863,4.109589041095891,0.684931506849315,0.0,,,
03BNBH22,03BNBH,1981,,,,2,1,1,0.0,172,112,0,102,0,8,2,0,65.11627906976744,0.0,59.30232558139535,0.0,4.651162790697675,1.1627906976744187,0.0,,,
03BNBH23,03BNBH,1981,,,,0,0,0,0.0,167,108,1,83,2,8,5,4,64.67065868263474,0.5988023952095808,49.70059880239521,1.1976047904191616,4.790419161676646,2.9940119760479043,2.395209580838323,,,
03BNBH24,03BNBH,1981,,,,0,0,0,0.0,188,175,0,82,3,14,0,0,93.08510638297872,0.0,43.61702127659574,1.5957446808510638,7.446808510638298,0.0,0.0,,,
03BNBH25,03BNBH,1981,,,,3,2,1,0.0,189,137,0,76,2,9,0,0,72.48677248677248,0.0,40.21164021164021,1.0582010582010581,4.761904761904762,0.0,0.0,,,
03BNBH26,03BNBH,1981,,,,7,4,3,0.0,194,163,0,85,2,7,0,0,84.02061855670104,0.0,43.81443298969072,1.0309278350515463,3.6082474226804124,0.0,0.0,,,
03BNBH27,03BNBH,1981,,,,2,2,0,0.0,204,46,0,125,8,10,0,2,22.54901960784314,0.0,61.27450980392157,3.9215686274509802,4.901960784313726,0.0,0.9803921568627451,,,
03BNBH28,03BNBH,1981,,,,4,1,3,0.0,201,46,0,118,4,26,0,0,22.885572139303484,0.0,58.70646766169154,1.9900497512437811,12.935323383084578,0.0,0.0,,,
03BNBH29,03BNBH,1981,,,,0,0,0,0.0,198,33,0,147,2,21,0,0,16.666666666666668,0.0,74.24242424242425,1.0101010101010102,10.606060606060606,0.0,0.0,,,
03BNBH30,03BNBH,1981,,,,0,0,0,0.0,220,10,0,161,5,21,0,0,4.545454545454546,0.0,73.18181818181819,2.272727272727273,9.545454545454545,0.0,0.0,,,
03BNBH31,03BNBH,1981,,,,0,0,0,0.0,204,26,0,147,6,22,0,0,12.745098039215685,0.0,72.05882352941177,2.9411764705882355,10.784313725490197,0.0,0.0,,,
03BNBH32,03BNBH,1981,,,,1,1,0,0.0,0,0,0,0,0,0,0,0,,,,,,,,,,
03BNBH33,03BNBH,1981,,,,2,2,0,0.0,0,0,0,0,0,0,0,0,,,,,,,,,,
03BNBH34,03BNBH,1981,,,,0,0,0,0.0,0,0,0,0,0,0,0,0,,,,,,,,,,
03BNBH35,03BNBH,1981,,,,2,0,2,0.0,0,0,0,0,0,0,0,0,,,,,,,,,,
03BNBJ01,03BNBJ,1981,,,,4,2,2,0.0,135,44,0,78,6,1,1,1,32.592592592592595,0.0,57.77777777777778,4.444444444444445,0.7407407407407407,0.7407407407407407,0.7407407407407407,,,
03BNBJ02,03BNBJ,1981,,,,3,1,2,0.0,226,111,0,109,8,7,4,6,49.11504424778761,0.0,48.230088495575224,3.5398230088495577,3.0973451327433628,1.7699115044247788,2.6548672566371683,,,
03BNBJ03,03BNBJ,1981,,,,1,1,0,0.0,120,32,0,74,5,3,0,0,26.666666666666668,0.0,61.666666666666664,4.166666666666667,2.5,0.0,0.0,,,
03BNBJ04,03BNBJ,1981,,,,5,4,1,0.0,126,52,0,61,5,4,0,0,41.26984126984127,0.0,48.41269841269841,3.9682539682539684,3.1746031746031744,0.0,0.0,,,
03BNBJ05,03BNBJ,1981,,,,1,1,0,0.0,122,33,2,70,0,2,4,2,27.049180327868854,1.639344262295082,57.377049180327866,0.0,1.639344262295082,3.278688524590164,1.639344262295082,,,
03BNBJ06,03BNBJ,1981,,,,7,5,2,0.0,147,47,0,79,6,0,0,0,31.972789115646258,0.0,53.74149659863946,4.081632653061225,0.0,0.0,0.0,,,
03BNBJ07,03BNBJ,1981,,,,15,9,6,0.0,171,44,0,114,6,3,0,0,25.730994152046783,0.0,66.66666666666667,3.508771929824561,1.7543859649122806,0.0,0.0,,,
03BNBJ08,03BNBJ,1981,,,,0,0,0,0.0,86,38,0,38,1,0,0,0,44.18604651162791,0.0,44.18604651162791,1.1627906976744187,0.0,0.0,0.0,,,
03BNBJ09,03BNBJ,1981,,,,0,0,0,0.0,163,111,0,68,1,5,0,0,68.09815950920246,0.0,41.717791411042946,0.6134969325153374,3.067484662576687,0.0,0.0,,,
03BNBJ10,03BNBJ,1981,,,,0,0,0,0.0,183,164,0,56,0,5,0,0,89.61748633879782,0.0,30.601092896174862,0.0,2.73224043715847,0.0,0.0,,,
03BNBJ11,03BNBJ,1981,,,,1,1,0,0.0,114,33,0,57,2,2,0,0,28.94736842105263,0.0,50.0,1.7543859649122806,1.7543859649122806,0.0,0.0,,,
03BNBJ12,03BNBJ,1981,,,,0,0,0,0.0,166,109,0,73,0,6,0,0,65.66265060240964,0.0,43.975903614457835,0.0,3.6144578313253013,0.0,0.0,,,
03BNBJ13,03BNBJ,1981,,,,3,1,2,0.0,167,45,0,92,2,4,0,0,26.94610778443114,0.0,55.08982035928144,1.1976047904191616,2.395209580838323,0.0,0.0,,,
03BNBJ14,03BNBJ,1981,,,,4,4,0,0.0,197,172,0,65,1,2,1,0,87.30964467005076,0.0,32.994923857868024,0.5076142131979695,1.015228426395939,0.5076142131979695,0.0,,,
03BNBJ15,03BNBJ,1981,,,,6,2,4,0.0,215,185,0,73,0,6,0,0,86.04651162790698,0.0,33.95348837209303,0.0,2.7906976744186047,0.0,0.0,,,
03BNBJ16,03BNBJ,1981,,,,5,2,3,0.0,216,208,0,82,2,7,0,0,96.29629629629629,0.0,37.96296296296296,0.9259259259259259,3.240740740740741,0.0,0.0,,,
03BNBJ17,03BNBJ,1981,,,,3,1,2,0.0,216,198,0,68,1,7,2,0,91.66666666666667,0.0,31.48148148148148,0.46296296296296297,3.240740740740741,0.9259259259259259,0.0,,,
03BNBJ18,03BNBJ,1981,,,,0,0,0,0.0,163,3,0,113,2,12,0,0,1.8404907975460123,0.0,69.32515337423312,1.2269938650306749,7.361963190184049,0.0,0.0,,,
03BNBJ19,03BNBJ,1981,,,,2,1,1,0.0,171,89,0,72,4,5,2,1,52.046783625730995,0.0,42.10526315789474,2.3391812865497075,2.9239766081871346,1.1695906432748537,0.5847953216374269,,,
03BNBJ20,03BNBJ,1981,,,,8,4,4,0.0,180,85,0,85,2,5,4,3,47.22222222222222,0.0,47.22222222222222,1.1111111111111112,2.7777777777777777,2.2222222222222223,1.6666666666666667,,,
03BNBJ21,03BNBJ,1981,,,,0,0,0,0.0,161,14,0,95,0,12,0,0,8.695652173913043,0.0,59.006211180124225,0.0,7.453416149068323,0.0,0.0,,,
03BNBJ22,03BNBJ,1981,,,,1,1,0,0.0,204,11,0,134,2,12,0,0,5.392156862745098,0.0,65.68627450980392,0.9803921568627451,5.882352941176471,0.0,0.0,,,
03BNBJ23,03BNBJ,1981,,,,1,1,0,0.0,173,2,0,125,3,10,0,0,1.1560693641618498,0.0,72.25433526011561,1.7341040462427746,5.780346820809249,0.0,0.0,,,
03BNBJ24,03BNBJ,1981,,,,7,3,4,0.0,176,84,0,65,3,6,0,0,47.72727272727273,0.0,36.93181818181818,1.7045454545454546,3.409090909090909,0.0,0.0,,,
03BNBJ25,03BNBJ,1981,,,,0,0,0,0.0,204,152,0,71,5,1,0,0,74.50980392156863,0.0,34.80392156862745,2.450980392156863,0.49019607843137253,0.0,0.0,,,
03BNBJ26,03BNBJ,1981,,,,4,0,4,0.0,194,104,0,74,6,3,0,0,53.608247422680414,0.0,38.144329896907216,3.0927835051546393,1.5463917525773196,0.0,0.0,,,
03BNBJ27,03BNBJ,1981,,,,0,0,0,0.0,183,148,0,48,1,1,0,0,80.8743169398907,0.0,26.229508196721312,0.546448087431694,0.546448087431694,0.0,0.0,,,
03BNBJ28,03BNBJ,1981,,,,0,0,0,0.0,197,111,0,102,0,0,0,0,56.34517766497462,0.0,51.776649746192895,0.0,0.0,0.0,0.0,,,
03BNBJ29,03BNBJ,1981,,,,1,0,1,0.0,171,128,0,55,0,0,0,0,74.85380116959064,0.0,32.16374269005848,0.0,0.0,0.0,0.0,,,
03BNBJ30,03BNBJ,1981,,,,0,0,0,0.0,162,34,0,94,0,13,0,0,20.987654320987655,0.0,58.02469135802469,0.0,8.024691358024691,0.0,0.0,,,
03BNBJ31,03BNBJ,1981,,,,0,0,0,0.0,161,3,0,113,5,15,0,0,1.8633540372670807,0.0,70.1863354037267,3.1055900621118013,9.316770186335404,0.0,0.0,,,
03BNBJ32,03BNBJ,1981,,,,0,0,0,0.0,159,7,0,116,3,4,0,0,4.40251572327044,0.0,72.95597484276729,1.8867924528301887,2.5157232704402515,0.0,0.0,,,
03BNBJ33,03BNBJ,1981,,,,0,0,0,0.0,217,6,0,145,1,10,0,0,2.7649769585253456,0.0,66.82027649769586,0.4608294930875576,4.608294930875576,0.0,0.0,,,
03BNBJ34,03BNBJ,1981,,,,0,0,0,0.0,0,0,0,0,0,0,0,0,,,,,,,,,,
03BNBK01,03BNBK,1981,,,,0,0,0,0.0,214,9,0,105,2,16,0,0,4.205607476635514,0.0,49.06542056074766,0.9345794392523364,7.4766355140186915,0.0,0.0,,,
03BNBK02,03BNBK,1981,,,,0,0,0,0.0,162,0,0,105,0,6,0,0,0.0,0.0,64.81481481481481,0.0,3.7037037037037037,0.0,0.0,,,
03BNBK03,03BNBK,1981,,,,2,2,0,0.0,195,7,1,112,3,8,1,0,3.58974358974359,0.5128205128205128,57.43589743589744,1.5384615384615385,4.102564102564102,0.5128205128205128,0.0,,,
03BNBK04,03BNBK,1981,,,,0,0,0,0.0,172,2,0,97,2,6,0,0,1.1627906976744187,0.0,56.395348837209305,1.1627906976744187,3.488372093023256,0.0,0.0,,,
03BNBK05,03BNBK,1981,,,,0,0,0,0.0,194,9,0,99,0,6,0,0,4.639175257731959,0.0,51.03092783505155,0.0,3.0927835051546393,0.0,0.0,,,
03BNBK06,03BNBK,1981,,,,0,0,0,0.0,189,5,0,114,2,16,0,0,2.6455026455026456,0.0,60.317460317460316,1.0582010582010581,8.465608465608465,0.0,0.0,,,
03BNBK07,03BNBK,1981,,,,3,0,3,0.0,142,5,0,86,0,8,0,0,3.5211267605633805,0.0,60.563380281690144,0.0,5.633802816901408,0.0,0.0,,,
03BNBK08,03BNBK,1981,,,,1,0,1,0.0,170,4,0,105,2,11,1,0,2.3529411764705883,0.0,61.76470588235294,1.1764705882352942,6.470588235294118,0.5882352941176471,0.0,,,
03BNBK09,03BNBK,1981,,,,4,1,3,0.0,175,6,0,93,3,5,0,0,3.4285714285714284,0.0,53.142857142857146,1.7142857142857142,2.857142857142857,0.0,0.0,,,
03BNBK10,03BNBK,1981,,,,0,0,0,0.0,181,8,0,98,0,10,0,0,4.419889502762431,0.0,54.14364640883978,0.0,5.524861878453039,0.0,0.0,,,
03BNBK11,03BNBK,1981,,,,0,0,0,0.0,163,3,0,100,0,11,0,0,1.8404907975460123,0.0,61.34969325153374,0.0,6.748466257668712,0.0,0.0,,,
03BNBK12,03BNBK,1981,,,,0,0,0,0.0,155,6,1,87,0,5,1,0,3.870967741935484,0.6451612903225806,56.12903225806452,0.0,3.225806451612903,0.6451612903225806,0.0,,,
03BNBK13,03BNBK,1981,,,,0,0,0,0.0,160,5,0,107,0,8,0,0,3.125,0.0,66.875,0.0,5.0,0.0,0.0,,,
03BNBK14,03BNBK,1981,,,,0,0,0,0.0,100,0,0,76,5,14,0,0,0.0,0.0,76.0,5.0,14.0,0.0,0.0,,,
03BNBK15,03BNBK,1981,,,,2,0,2,0.0,156,4,0,136,1,1,0,0,2.5641025641025643,0.0,87.17948717948718,0.6410256410256411,0.6410256410256411,0.0,0.0,,,
03BNBK16,03BNBK,1981,,,,2,2,0,0.0,194,8,2,116,0,6,2,0,4.123711340206185,1.0309278350515463,59.79381443298969,0.0,3.0927835051546393,1.0309278350515463,0.0,,,
03BNBK17,03BNBK,1981,,,,0,0,0,0.0,191,12,0,116,0,5,0,0,6.282722513089006,0.0,60.73298429319372,0.0,2.6178010471204187,0.0,0.0,,,
03BNBK18,03BNBK,1981,,,,0,0,0,0.0,175,6,0,93,0,10,0,0,3.4285714285714284,0.0,53.142857142857146,0.0,5.714285714285714,0.0,0.0,,,
03BNBK19,03BNBK,1981,,,,0,0,0,0.0,188,8,0,98,1,5,0,0,4.25531914893617,0.0,52.12765957446808,0.5319148936170213,2.6595744680851063,0.0,0.0,,,
03BNBK20,03BNBK,1981,,,,0,0,0,0.0,173,2,0,110,0,11,0,0,1.1560693641618498,0.0,63.58381502890173,0.0,6.358381502890174,0.0,0.0,,,
03BNBK21,03BNBK,1981,,,,0,0,0,0.0,180,10,0,121,1,6,0,0,5.555555555555555,0.0,67.22222222222223,0.5555555555555556,3.3333333333333335,0.0,0.0,,,
03BNBK22,03BNBK,1981,,,,1,0,1,0.0,159,16,1,88,1,6,4,5,10.062893081761006,0.6289308176100629,55.34591194968554,0.6289308176100629,3.7735849056603774,2.5157232704402515,3.1446540880503147,,,
03BNBK23,03BNBK,1981,,,,0,0,0,0.0,163,2,0,76,1,1,0,0,1.2269938650306749,0.0,46.625766871165645,0.6134969325153374,0.6134969325153374,0.0,0.0,,,
03BNBK24,03BNBK,1981,,,,0,0,0,0.0,179,1,0,126,2,9,0,0,0.5586592178770949,0.0,70.39106145251397,1.1173184357541899,5.027932960893855,0.0,0.0,,,
03BNBK25,03BNBK,1981,,,,0,0,0,0.0,172,2,0,97,2,7,0,0,1.1627906976744187,0.0,56.395348837209305,1.1627906976744187,4.069767441860465,0.0,0.0,,,
03BNBK26,03BNBK,1981,,,,0,0,0,0.0,146,3,0,95,0,4,0,0,2.0547945205479454,0.0,65.06849315068493,0.0,2.73972602739726,0.0,0.0,,,
03BNBK27,03BNBK,1981,,,,0,0,0,0.0,133,112,0,50,0,2,1,0,84.21052631578948,0.0,37.59398496240601,0.0,1.5037593984962405,0.7518796992481203,0.0,,,
03BNBK28,03BNBK,1981,,,,0,0,0,0.0,52,0,0,29,0,1,0,0,0.0,0.0,55.76923076923077,0.0,1.9230769230769231,0.0,0.0,,,
03BNBK29,03BNBK,1981,,,,0,0,0,0.0,43,26,1,19,0,0,0,2,60.46511627906977,2.3255813953488373,44.18604651162791,0.0,0.0,0.0,4.651162790697675,,,
03BNBK30,03BNBK,1981,,,,0,0,0,0.0,49,33,0,8,0,2,3,4,67.34693877551021,0.0,16.3265306122449,0.0,4.081632653061225,6.122448979591836,8.16326530612245,,,
03BNBK31,03BNBK,1981,,,,0,0,0,0.0,0,0,0,0,0,0,0,0,,,,,,,,,,
03BNSS01,03BNSS,1981,,,,0,0,0,0.0,0,0,0,0,0,0,0,0,,,,,,,,,,
