"ukcas_table_name","table_code","table_label","table_title","table_full_title","table_universe","table_counts"
AF001EW,AF001,Armed Forces Table 1,Residents in Employment in Armed Forces,AF001: Residents in Employment in Armed Forces,All Residents  in Armed Forces,Persons
AF002EW,AF002,Armed Forces Table 2,Residents in Households with Household Reference Person in Armed Forces,AF002: Residents in Households with Household Reference Person in Armed Forces,All People Resident in Households with Armed FOrces Personnel ,Persons
AF003EW,AF003,Armed Forces Table 3,Economic Activity of People Resident in Households Where Household Reference Person in Armed Forces,AF003: Economic Activity of People Resident in Households Where Household Reference Person in Armed Forces,All Associated People Resident Armed Forces Personnel,Persons
AF004EW,AF004,Armed Forces Table 4,UK and Foreign Armed Forces by Residence and Workplace,AF004: UK and Foreign Armed Forces by Residence and Workplace,All People in Armed Forces,Persons
CS001S,CS001,Census Area Statistics Table 1,Age by Sex and Resident Type,CS001: Age by Sex and Resident Type,All People,Persons
CS001NI,CS001,Census Area Statistics Table 1,Age by Sex and Whether Living in a Household or Communal Establishment,CS001: Age by Sex and Whether Living in a Household or Communal Establishment,All People,Persons
CS001EW,CS001,Census Area Statistics Table 1,Age by Sex and Resident Type,CS001: Age by Sex and Resident Type,All People,People
CS002S,CS002,Census Area Statistics Table 2,Age by Sex and Marital Status,CS002: Age by Sex and Marital Status,All People,Persons
CS002NI,CS002,Census Area Statistics Table 2,Age by Sex and Marital Status,CS002: Age by Sex and Marital Status,All People,Persons
CS002EW,CS002,Census Area Statistics Table 2,Age by Sex and Marital Status,CS002: Age by Sex and Marital Status,All People,People
CS003S,CS003,Census Area Statistics Table 3,Age of Household Reference Person (HRP) by Sex and Marital Status (Headship),CS003: Age of Household Reference Person (HRP) by Sex and Marital Status (Headship),All Households,Households
CS003NI,CS003,Census Area Statistics Table 3,Age of Household Reference Person (HRP) by Sex and Marital Status (Headship),CS003: Age of Household Reference Person (HRP) by Sex and Marital Status (Headship),All Households,Households
CS003EW,CS003,Census Area Statistics Table 3,Age of Household Reference Person (HRP) by Sex and Marital Status (Headship),CS003: Age of Household Reference Person (HRP) by Sex and Marital Status (Headship),All Households,Households
CS004S,CS004,Census Area Statistics Table 4,Age by Sex and Living Arrangements,CS004: Age by Sex and Living Arrangements,All People in Households,Persons
CS004EW,CS004,Census Area Statistics Table 4,Age by Sex and Living Arrangements,CS004: Age by Sex and Living Arrangements,All People in Households,People
CS005S,CS005,Census Area Statistics Table 5,Age of Household Reference Person (HRP) by Sex and Living Arrangements,CS005: Age of Household Reference Person (HRP) by Sex and Living Arrangements,All HRPs in Households,Persons
CS005NI,CS005,Census Area Statistics Table 5,Age of Household Reference Person (HRP) by Sex and Living Arrangements,CS005: Age of Household Reference Person (HRP) by Sex and Living Arrangements,All HRPs in Households,Persons
CS005EW,CS005,Census Area Statistics Table 5,Age of Household Reference Person (HRP) by Sex and Living Arrangements,CS005: Age of Household Reference Person (HRP) by Sex and Living Arrangements,All HRPs in Households,People
CS007S,CS007,Census Area Statistics Table 7,Age of Family Reference Person (FRP) and Number and Age of Dependent Children by Family Type,CS007: Age of Family Reference Person (FRP) and Number and Age of Dependent Children by Family Type,All Families,Families
CS007NI,CS007,Census Area Statistics Table 7,Age of Family Reference Person (FRP) and Number and Age of Dependent Children by Family Type,CS007: Age of Family Reference Person (FRP) and Number and Age of Dependent Children by Family Type,All Families,Families
CS007EW,CS007,Census Area Statistics Table 7,Age of Family Reference Person (FRP) and Number and Age of Dependent Children by Family Type,CS007: Age of Family Reference Person (FRP) and Number and Age of Dependent Children by Family Type,All Families,Families
CS011S,CS011,Census Area Statistics Table 11,Family Composition by Age of Family Reference Person (FRP),CS011: Family Composition by Age of Family Reference Person (FRP),All Families,Families
CS011NI,CS011,Census Area Statistics Table 11,Family Composition by Age of Family Reference Person (FRP),CS011: Family Composition by Age of Family Reference Person (FRP),All Families,Families
CS011EW,CS011,Census Area Statistics Table 11,Family Composition by Age of Family Reference Person (FRP),CS011: Family Composition by Age of Family Reference Person (FRP),All Families,Families
CS012S,CS012,Census Area Statistics Table 12,Schoolchildren and Students in Full-Time Education Living Away from Home in Term-Time by Age,CS012: Schoolchildren and Students in Full-Time Education Living Away from Home in Term-Time by Age,All Schoolchildren and Students in FT Education who would Reside in the Area were they not Living Away from Home During Term-Time,Persons
CS012NI,CS012,Census Area Statistics Table 12,Schoolchildren and Students in Full-Time Education Living Away from Home in Term-Time by Age,CS012: Schoolchildren and Students in Full-Time Education Living Away from Home in Term-Time by Age,All Schoolchildren and Students in FT Education who would Reside in the Area were they not Living Away from Home During Term-Time,Persons
CS012EW,CS012,Census Area Statistics Table 12,Schoolchildren and Students in Full-Time Education Living Away from Home in Term-Time by Age,CS012: Schoolchildren and Students in Full-Time Education Living Away from Home in Term-Time by Age,All Schoolchildren and Students in Full-Time Education who Would Reside in the Area were they not Living Away from Home During Term-Time,People
CS013S,CS013,Census Area Statistics Table 13,Age of Household Reference Person (HRP) and Tenure by Economic Activity of HRP,CS013: Age of Household Reference Person (HRP) and Tenure by Economic Activity of HRP,All Households with HRP Aged 16 to 74,Households
CS013EW,CS013,Census Area Statistics Table 13,Age of Household Reference Person (HRP) and Tenure by Economic Activity of HRP,CS013: Age of Household Reference Person (HRP) and Tenure by Economic Activity of HRP,All Households with HRP Aged 16 to 74,Households
CS014S,CS014,Census Area Statistics Table 14,Age and Dependent Children by Household Type (Adults),CS014: Age and Dependent Children by Household Type (Adults),All Adults in Households,Persons
CS014NI,CS014,Census Area Statistics Table 14,Age and Dependent Children by Household Type (Adults),CS014: Age and Dependent Children by Household Type (Adults),All Adults in Households,Persons
CS014EW,CS014,Census Area Statistics Table 14,Age and Dependent Children by Household Type (Adults),CS014: Age and Dependent Children by Household Type (Adults),All Adults in Households,People
CS015S,CS015,Census Area Statistics Table 15,Country of Birth by Sex,CS015: Country of Birth by Sex,All People,Persons
CS015NI,CS015,Census Area Statistics Table 15,Country of Birth by Gender,CS015: Country of Birth by Gender,All People,Persons
CS015EW,CS015,Census Area Statistics Table 15,Country of Birth by Sex,CS015: Country of Birth by Sex,All People,People
CS016S,CS016,Census Area Statistics Table 16,Sex and Age by General Health and Limiting Long-Term Illness (LLTI),CS016: Sex and Age by General Health and Limiting Long-Term Illness (LLTI),All People in Households,Persons
CS016NI,CS016,Census Area Statistics Table 16,Sex and Age by General Health and Limiting Long-Term Illness (LLTI),CS016: Sex and Age by General Health and Limiting Long-Term Illness (LLTI),All People in Households,Persons
CS016EW,CS016,Census Area Statistics Table 16,Sex and Age by General Health and Limiting Long-Term Illness (LLTI),CS016: Sex and Age by General Health and Limiting Long-Term Illness (LLTI),All People in Households,People
CS017S,CS017,Census Area Statistics Table 17,Tenure and Age by General Health and Limiting Long-Term Illness (LLTI),CS017: Tenure and Age by General Health and Limiting Long-Term Illness (LLTI),All People in Households,Persons
CS017EW,CS017,Census Area Statistics Table 17,Tenure and Age by General Health and Limiting Long-Term Illness (LLTI),CS017: Tenure and Age by General Health and Limiting Long-Term Illness (LLTI),All People in Households,People
CS018S,CS018,Census Area Statistics Table 18,"Sex, Amenities and Central Heating by General Health and Limiting Long-Term Illness (LLTI)","CS018: Sex, Amenities and Central Heating by General Health and Limiting Long-Term Illness (LLTI)",All People in Households,Persons
CS018NI,CS018,Census Area Statistics Table 18,"Sex, Amenities and Central Heating by General Health and Limiting Long-Term Illness (LLTI)","CS018: Sex, Amenities and Central Heating by General Health and Limiting Long-Term Illness (LLTI)",All People in Households,Persons
CS018EW,CS018,Census Area Statistics Table 18,"Sex, Amenities and Central Heating by General Health and Limiting Long-Term Illness (LLTI)","CS018: Sex, Amenities and Central Heating by General Health and Limiting Long-Term Illness (LLTI)",All People in Households,People
CS019S,CS019,Census Area Statistics Table 19,"General Health, Limiting Long-Term Illness (LLTI) and Occupancy Rating by Age","CS019: General Health, Limiting Long-Term Illness (LLTI) and Occupancy Rating by Age",All People in Households,Persons
CS019NI,CS019,Census Area Statistics Table 19,"General Health, Limiting Long-Term Illness (LLTI) and Occupancy Rating by Age","CS019: General Health, Limiting Long-Term Illness (LLTI) and Occupancy Rating by Age",All People in Households,Persons
CS019EW,CS019,Census Area Statistics Table 19,"General Health, Limiting Long-Term Illness (LLTI) and Occupancy Rating by Age","CS019: General Health, Limiting Long-Term Illness (LLTI) and Occupancy Rating by Age",All People in Households,People
CS020S,CS020,Census Area Statistics Table 20,Limiting Long-Term Illness (LLTI) and Age by Accommodation Type and Lowest Floor Level of Accommodation,CS020: Limiting Long-Term Illness (LLTI) and Age by Accommodation Type and Lowest Floor Level of Accommodation,All People in Households,Persons
CS020NI,CS020,Census Area Statistics Table 20,Limiting Long-Term Illness (LLTI) and Age by Accommodation Type and Lowest Floor Level of Accommodation,CS020: Limiting Long-Term Illness (LLTI) and Age by Accommodation Type and Lowest Floor Level of Accommodation,All People in Households,Persons
CS020EW,CS020,Census Area Statistics Table 20,Limiting Long-Term Illness (LLTI) and Age by Accommodation Type and Lowest Floor Level of Accommodation,CS020: Limiting Long-Term Illness (LLTI) and Age by Accommodation Type and Lowest Floor Level of Accommodation,All People in Households,People
CS021S,CS021,Census Area Statistics Table 21,Economic Activity by Sex and Limiting Long-Term Illness (LLTI),CS021: Economic Activity by Sex and Limiting Long-Term Illness (LLTI),All People Aged 16 to 74,Persons
CS021NI,CS021,Census Area Statistics Table 21,Economic Activity by Sex and Limiting Long-Term Illness (LLTI),CS021: Economic Activity by Sex and Limiting Long-Term Illness (LLTI),All People Aged 16 to 74,Persons
CS021EW,CS021,Census Area Statistics Table 21,Economic Activity by Sex and Limiting Long-Term Illness (LLTI),CS021: Economic Activity by Sex and Limiting Long-Term Illness (LLTI),All People Aged 16 to 74,People
CS022S,CS022,Census Area Statistics Table 22,Sex and Number of Cars or Vans in Household by General Health and Limiting Long-Term Illness (LLTI),CS022: Sex and Number of Cars or Vans in Household by General Health and Limiting Long-Term Illness (LLTI),All People in Households,Persons
CS022NI,CS022,Census Area Statistics Table 22,Sex and Number of Cars or Vans in Household by General Health and Limiting Long-Term Illness (LLTI),CS022: Sex and Number of Cars or Vans in Household by General Health and Limiting Long-Term Illness (LLTI),All People in Households,Persons
CS022EW,CS022,Census Area Statistics Table 22,Sex and Number of Cars or Vans in Household by General Health and Limiting Long-Term Illness (LLTI),CS022: Sex and Number of Cars or Vans in Household by General Health and Limiting Long-Term Illness (LLTI),All People in Households,People
CS023S,CS023,Census Area Statistics Table 23,Age and General Health by NS-SeC,CS023: Age and General Health by NS-SeC,All People Aged 16 to 74,Persons
CS023EW,CS023,Census Area Statistics Table 23,Age and General Health by NS-SeC,CS023: Age and General Health by NS-SeC,All People Aged 16 to 74,People
CS024S,CS024,Census Area Statistics Table 24,"Sex, Age and Limiting Long-Term Illness (LLTI) by NS-SeC","CS024: Sex, Age and Limiting Long-Term Illness (LLTI) by NS-SeC",All People Aged 16 to 74,Persons
CS024EW,CS024,Census Area Statistics Table 24,"Sex, Age and Limiting Long-Term Illness (LLTI) by NS-SeC","CS024: Sex, Age and Limiting Long-Term Illness (LLTI) by NS-SeC",All People Aged 16 to 74,People
CS025S,CS025,Census Area Statistics Table 25,Sex and Age by General Health and Provision of Unpaid Care,CS025: Sex and Age by General Health and Provision of Unpaid Care,All People in Households,Persons
CS025NI,CS025,Census Area Statistics Table 25,Sex and Age by Provision of Unpaid Care,CS025: Sex and Age by Provision of Unpaid Care,All People Aged 16 to 74 in Households,Persons
CS025EW,CS025,Census Area Statistics Table 25,Sex and Age by General Health and Provision of Unpaid Care,CS025: Sex and Age by General Health and Provision of Unpaid Care,All People in Households,People
CS026S,CS026,Census Area Statistics Table 26,Sex and Economic Activity by General Health and Provision of Unpaid Care,CS026: Sex and Economic Activity by General Health and Provision of Unpaid Care,All People Aged 16 to 74 in Households,Persons
CS026NI,CS026,Census Area Statistics Table 26,Economic Activity by Provision of Unpaid Care,CS026: Economic Activity by Provision of Unpaid Care,All People Aged 16 to 74 in Households,Persons
CS026EW,CS026,Census Area Statistics Table 26,Sex and Economic Activity by General Health and Provision of Unpaid Care,CS026: Sex and Economic Activity by General Health and Provision of Unpaid Care,All People Aged 16 to 74 in Households,People
CS027S,CS027,Census Area Statistics Table 27,Households with a Person with a Limiting Long-Term Illness (LLTI) and their Age by Number of Carers in Household and Economic Activity,CS027: Households with a Person with a Limiting Long-Term Illness (LLTI) and their Age by Number of Carers in Household and Economic Activity,All Households,Households
CS027NI,CS027,Census Area Statistics Table 27,Households with a Person with a Limiting Long-Term Illness (LLTI) by Number of Carers in Household and Economic Activity,CS027: Households with a Person with a Limiting Long-Term Illness (LLTI) by Number of Carers in Household and Economic Activity,All Households,Households
CS027EW,CS027,Census Area Statistics Table 27,Households with a Person with a Limiting Long-Term Illness (LLTI) and their Age by Number of Carers in Household and Economic Activity,CS027: Households with a Person with a Limiting Long-Term Illness (LLTI) and their Age by Number of Carers in Household and Economic Activity,All Households,Households
CS028S,CS028,Census Area Statistics Table 28,Sex and Age by Economic Activity,CS028: Sex and Age by Economic Activity,All People Aged 16 to 74,Persons
CS028NI,CS028,Census Area Statistics Table 28,Sex and Age by Economic Activity,CS028: Sex and Age by Economic Activity,All People Aged 16 to 74,Persons
CS028EW,CS028,Census Area Statistics Table 28,Sex and Age by Economic Activity,CS028: Sex and Age by Economic Activity,All People Aged 16 to 74,People
CS029S,CS029,Census Area Statistics Table 29,Sex and Age by Hours Worked,CS029: Sex and Age by Hours Worked,All People Aged 16 to 74 in Employment the Week Before the Census,Persons
CS029NI,CS029,Census Area Statistics Table 29,Sex and Age by Hours Worked,CS029: Sex and Age by Hours Worked,All People Aged 16 to 74 in Employment the Week Before the Census,Persons
CS029EW,CS029,Census Area Statistics Table 29,Sex and Age by Hours Worked,CS029: Sex and Age by Hours Worked,All People Aged 16 to 74 in Employment the Week Before the Census,People
CS030S,CS030,Census Area Statistics Table 30,Sex and Economic Activity by Living Arrangements,CS030: Sex and Economic Activity by Living Arrangements,All People Aged 16 to 74 in Households,Persons
CS030NI,CS030,Census Area Statistics Table 30,Sex and Economic Activity by Living Arrangements,CS030: Sex and Economic Activity by Living Arrangements,All People Aged 16 to 74 in Households,Persons
CS030EW,CS030,Census Area Statistics Table 30,Sex and Economic Activity by Living Arrangements,CS030: Sex and Economic Activity by Living Arrangements,All People Aged 16 to 74 in Households,People
CS031S,CS031,Census Area Statistics Table 31,Family Composition and Number of Dependent Children by Economic Activity,CS031: Family Composition and Number of Dependent Children by Economic Activity,All Parents Aged 16 to 74 with Dependent Children,Persons
CS031NI,CS031,Census Area Statistics Table 31,Family Composition and Number of Dependent Children by Economic Activity,CS031: Family Composition and Number of Dependent Children by Economic Activity,All Parents Aged 16 to 74 with Dependent Children,Persons
CS031EW,CS031,Census Area Statistics Table 31,Family Composition and Number of Dependent Children by Economic Activity,CS031: Family Composition and Number of Dependent Children by Economic Activity,All Parents Aged 16 to 74 with Dependent Children,People
CS032S,CS032,Census Area Statistics Table 32,"Sex, Age and Level of Qualifications by Economic Activity","CS032: Sex, Age and Level of Qualifications by Economic Activity",All People Aged 16 to 74,Persons
CS032NI,CS032,Census Area Statistics Table 32,Age and Level of Qualifications by Economic Activity,CS032: Age and Level of Qualifications by Economic Activity,All People Aged 16 to 74,Persons
CS032EW,CS032,Census Area Statistics Table 32,"Sex, Age and Level of Qualifications by Economic Activity","CS032: Sex, Age and Level of Qualifications by Economic Activity",All People Aged 16 to 74,People
CS033S,CS033,Census Area Statistics Table 33,Sex and Occupation by Age,CS033: Sex and Occupation by Age,All People Aged 16 to 74 in Employment the Week Before the Census,Persons
CS033NI,CS033,Census Area Statistics Table 33,Occupation by Age,CS033: Occupation by Age,All People Aged 16 to 74 in Employment the Week Before the Census,Persons
CS033EW,CS033,Census Area Statistics Table 33,Sex and Occupation by Age,CS033: Sex and Occupation by Age,All People Aged 16 to 74 in Employment the Week Before the Census,People
CS034S,CS034,Census Area Statistics Table 34,Former Occupation by Age,CS034: Former Occupation by Age,All People Aged 16 to 64 not in Employment the Week Before the Census,Persons
CS034NI,CS034,Census Area Statistics Table 34,Former Occupation (UK basis),CS034: Former Occupation (UK basis),All People Aged 16 to 64 not in Employment the Week Before the Census,Persons
CS034EW,CS034,Census Area Statistics Table 34,Former Occupation by Age,CS034: Former Occupation by Age,All People Aged 16 to 64 not in Employment the Week Before the Census,People
CS035S,CS035,Census Area Statistics Table 35,Sex and Occupation by Employment Status and Hours Worked,CS035: Sex and Occupation by Employment Status and Hours Worked,All People Aged 16 to 74 in Employment the Week Before the Census,Persons
CS035NI,CS035,Census Area Statistics Table 35,Sex and Occupation by Employment Status and Hours Worked,CS035: Sex and Occupation by Employment Status and Hours Worked,All People Aged 16 to 74 in Employment the Week Before the Census,Persons
CS035EW,CS035,Census Area Statistics Table 35,Sex and Occupation by Employment Status and Hours Worked,CS035: Sex and Occupation by Employment Status and Hours Worked,All People Aged 16 to 74 in Employment the Week Before the Census,People
CS036S,CS036,Census Area Statistics Table 36,Sex and Industry by Age,CS036: Sex and Industry by Age,All People Aged 16 to 74 in Employment the Week Before the Census,Persons
CS036NI,CS036,Census Area Statistics Table 36,Industry by Age,CS036: Industry by Age,All People Aged 16 to 74 in Employment the Week Before the Census,Persons
CS036EW,CS036,Census Area Statistics Table 36,Sex and Industry by Age,CS036: Sex and Industry by Age,All People Aged 16 to 74 in Employment the Week Before the Census,People
CS037S,CS037,Census Area Statistics Table 37,Former Industry by Age,CS037: Former Industry by Age,All People Aged 16 to 64 not in Employment the Week Before the Census,Persons
CS037NI,CS037,Census Area Statistics Table 37,Former Industry (UK basis),CS037: Former Industry (UK basis),All People Aged 16 to 64 not in Employment the Week Before the Census,Persons
CS037EW,CS037,Census Area Statistics Table 37,Former Industry by Age,CS037: Former Industry by Age,All People Aged 16 to 64 not in Employment the Week Before the Census,People
CS038S,CS038,Census Area Statistics Table 38,Sex and Industry by Employment Status and Hours Worked,CS038: Sex and Industry by Employment Status and Hours Worked,All People Aged 16 to 74 in Employment the Week Before the Census,Persons
CS038NI,CS038,Census Area Statistics Table 38,Sex and Industry by Employment Status and Hours Worked,CS038: Sex and Industry by Employment Status and Hours Worked,All People Aged 16 to 74 in Employment the Week Before the Census,Persons
CS038EW,CS038,Census Area Statistics Table 38,Sex and Industry by Employment Status and Hours Worked,CS038: Sex and Industry by Employment Status and Hours Worked,All People Aged 16 to 74 in Employment the Week Before the Census,People
CS039S,CS039,Census Area Statistics Table 39,Occupation by Industry,CS039: Occupation by Industry,All People Aged 16 to 74 in Employment the Week Before the Census,Persons
CS039EW,CS039,Census Area Statistics Table 39,Occupation by Industry,CS039: Occupation by Industry,All People Aged 16 to 74 in Employment the Week Before the Census,People
CS040S,CS040,Census Area Statistics Table 40,Sex and Occupation by Hours Worked,CS040: Sex and Occupation by Hours Worked,All People Aged 16 to 74 in Employment the Week Before the Census,Persons
CS040NI,CS040,Census Area Statistics Table 40,Occupation by Hours Worked,CS040: Occupation by Hours Worked,All People Aged 16 to 74 in Employment the Week Before the Census,Persons
CS040EW,CS040,Census Area Statistics Table 40,Sex and Occupation by Hours Worked,CS040: Sex and Occupation by Hours Worked,All People Aged 16 to 74 in Employment the Week Before the Census,People
CS041S,CS041,Census Area Statistics Table 41,Economic Activity and Time Since Last Worked by Age,CS041: Economic Activity and Time Since Last Worked by Age,All People Aged 16 to 74,Persons
CS041NI,CS041,Census Area Statistics Table 41,Economic Activity and Time Since Last Worked by Age,CS041: Economic Activity and Time Since Last Worked by Age,All People Aged 16 to 74,Persons
CS041EW,CS041,Census Area Statistics Table 41,Economic Activity and Time Since Last Worked by Age,CS041: Economic Activity and Time Since Last Worked by Age,All People Aged 16 to 74,People
CS042S,CS042,Census Area Statistics Table 42,NS-SeC by Age,CS042: NS-SeC by Age,All People Aged 16 to 74,Persons
CS042EW,CS042,Census Area Statistics Table 42,NS-SeC by Age,CS042: NS-SeC by Age,All People Aged 16 to 74,People
CS043S,CS043,Census Area Statistics Table 43,Sex and NS-SeC by Economic Activity,CS043: Sex and NS-SeC by Economic Activity,All People Aged 16 to 74,Persons
CS043EW,CS043,Census Area Statistics Table 43,Sex and NS-SeC by Economic Activity,CS043: Sex and NS-SeC by Economic Activity,All People Aged 16 to 74,People
CS044S,CS044,Census Area Statistics Table 44,NS-SeC of Household Reference Person (HRP) by Household Composition,CS044: NS-SeC of Household Reference Person (HRP) by Household Composition,All HRPs Aged 16 to 74,Persons
CS044EW,CS044,Census Area Statistics Table 44,NS-SeC of Household Reference Person (HRP) by Household Composition,CS044: NS-SeC of Household Reference Person (HRP) by Household Composition,All HRPs Aged 16 to 74,People
CS045S,CS045,Census Area Statistics Table 45,NS-SeC of Household Reference Person (HRP) by Age (of HRP),CS045: NS-SeC of Household Reference Person (HRP) by Age (of HRP),All HRPs Aged 16 to 74,Persons
CS045EW,CS045,Census Area Statistics Table 45,NS-SeC of Household Reference Person (HRP) by Age (of HRP),CS045: NS-SeC of Household Reference Person (HRP) by Age (of HRP),All HRPs Aged 16 to 74,People
CS046S,CS046,Census Area Statistics Table 46,NS-SeC of Household Reference Person (HRP) by Tenure,CS046: NS-SeC of Household Reference Person (HRP) by Tenure,All HRPs Aged 16 to 74,Persons
CS046EW,CS046,Census Area Statistics Table 46,NS-SeC of Household Reference Person (HRP) by Tenure,CS046: NS-SeC of Household Reference Person (HRP) by Tenure,All HRPs Aged 16 to 74,People
CS047S,CS047,Census Area Statistics Table 47,NS-Sec by Tenure,CS047: NS-Sec by Tenure,All People in Households Aged 16 to 74,Persons
CS047EW,CS047,Census Area Statistics Table 47,NS-Sec by Tenure,CS047: NS-Sec by Tenure,All People in Households Aged 16 to 74,People
CS048S,CS048,Census Area Statistics Table 48,Dwelling Type and Accommodation Type by Household Space Type,CS048: Dwelling Type and Accommodation Type by Household Space Type,All Household Spaces. All Dwellings,"Household Spaces, Dwellings"
CS048EW,CS048,Census Area Statistics Table 48,Dwelling Type and Accommodation Type by Household Space Type,CS048: Dwelling Type and Accommodation Type by Household Space Type,All Household Spaces. All Dwellings,"Household Spaces, Dwellings"
CS049S,CS049,Census Area Statistics Table 49,Dwelling Type and Accommodation Type by Tenure (Households and Dwellings),CS049: Dwelling Type and Accommodation Type by Tenure (Households and Dwellings),All Occupied Household Spaces. All Occupied Dwellings,"Household Spaces, Dwellings"
CS049EW,CS049,Census Area Statistics Table 49,Dwelling Type and Accommodation Type by Tenure (Households and Dwellings),CS049: Dwelling Type and Accommodation Type by Tenure (Households and Dwellings),All Occupied Household Spaces. All Occupied Dwellings,"Household Spaces, Dwellings"
CS050S,CS050,Census Area Statistics Table 50,Dwelling Type and Accommodation Type by Tenure (People),CS050: Dwelling Type and Accommodation Type by Tenure (People),All People in Households,Persons
CS050EW,CS050,Census Area Statistics Table 50,Dwelling Type and Accommodation Type by Tenure (People),CS050: Dwelling Type and Accommodation Type by Tenure (People),All People in Households,People
CS051S,CS051,Census Area Statistics Table 51,Tenure and Household Size by Number of Rooms,CS051: Tenure and Household Size by Number of Rooms,All Households,Households
CS051EW,CS051,Census Area Statistics Table 51,Tenure and Household Size by Number of Rooms,CS051: Tenure and Household Size by Number of Rooms,All Households,Households
CS052S,CS052,Census Area Statistics Table 52,Tenure and Persons Per Room by Accommodation Type,CS052: Tenure and Persons Per Room by Accommodation Type,All Households,Households
CS052EW,CS052,Census Area Statistics Table 52,Tenure and Persons Per Room by Accommodation Type,CS052: Tenure and Persons Per Room by Accommodation Type,All Households,Households
CS053S,CS053,Census Area Statistics Table 53,Household Composition by Tenure and Occupancy Rating,CS053: Household Composition by Tenure and Occupancy Rating,All Households,Households
CS053EW,CS053,Census Area Statistics Table 53,Household Composition by Tenure and Occupancy Rating,CS053: Household Composition by Tenure and Occupancy Rating,All Households,Households
CS054S,CS054,Census Area Statistics Table 54,"Shared/Unshared Dwelling, Central Heating and Occupancy Rating by Age","CS054: Shared/Unshared Dwelling, Central Heating and Occupancy Rating by Age",All People in Households,Persons
CS054EW,CS054,Census Area Statistics Table 54,"Shared/Unshared Dwelling, Central Heating and Occupancy Rating by Age","CS054: Shared/Unshared Dwelling, Central Heating and Occupancy Rating by Age",All People in Households,People
CS055S,CS055,Census Area Statistics Table 55,"Dwelling Type, Accommodation Type and Central Heating by Tenure","CS055: Dwelling Type, Accommodation Type and Central Heating by Tenure",All Households,Households
CS055EW,CS055,Census Area Statistics Table 55,"Dwelling Type, Accommodation Type and Central Heating by Tenure","CS055: Dwelling Type, Accommodation Type and Central Heating by Tenure",All Households,Households
CS056S,CS056,Census Area Statistics Table 56,Tenure and Amenities by Household Composition,CS056: Tenure and Amenities by Household Composition,All Households,Households
CS056EW,CS056,Census Area Statistics Table 56,Tenure and Amenities by Household Composition,CS056: Tenure and Amenities by Household Composition,All Households,Households
CS057S,CS057,Census Area Statistics Table 57,Tenure and Lowest Floor Level by Household Composition,CS057: Tenure and Lowest Floor Level by Household Composition,All Households,Households
CS057EW,CS057,Census Area Statistics Table 57,Tenure and Lowest Floor Level by Household Composition,CS057: Tenure and Lowest Floor Level by Household Composition,All Households,Households
CS059S,CS059,Census Area Statistics Table 59,Accommodation Type and Car or Van Availability by Number of People Aged 17 Or Over in the Household,CS059: Accommodation Type and Car or Van Availability by Number of People Aged 17 Or Over in the Household,All Households,Households
CS059NI,CS059,Census Area Statistics Table 59,Accommodation Type and Car or Van Availability by Number of People Aged 17 Or Over in the Household,CS059: Accommodation Type and Car or Van Availability by Number of People Aged 17 Or Over in the Household,All Households,Households
CS059EW,CS059,Census Area Statistics Table 59,Accommodation Type and Car or Van Availability by Number of People Aged 17 Or Over in the Household,CS059: Accommodation Type and Car or Van Availability by Number of People Aged 17 Or Over in the Household,All Households,Households
CS060S,CS060,Census Area Statistics Table 60,Tenure and Car or Van Availability by Number of People Aged 17 Or Over in the Household,CS060: Tenure and Car or Van Availability by Number of People Aged 17 Or Over in the Household,All Households,Households
CS060EW,CS060,Census Area Statistics Table 60,Tenure and Car or Van Availability by Number of People Aged 17 Or Over in the Household,CS060: Tenure and Car or Van Availability by Number of People Aged 17 Or Over in the Household,All Households,Households
CS061S,CS061,Census Area Statistics Table 61,Tenure and Car or Van Availability by Economic Activity,CS061: Tenure and Car or Van Availability by Economic Activity,All People Aged 16 to 74 in Households,Persons
CS061EW,CS061,Census Area Statistics Table 61,Tenure and Car or Van Availability by Economic Activity,CS061: Tenure and Car or Van Availability by Economic Activity,All People Aged 16 to 74 in Households,People
CS062S,CS062,Census Area Statistics Table 62,Household Composition by Number of Cars or Vans Available,CS062: Household Composition by Number of Cars or Vans Available,All Households,Households
CS062NI,CS062,Census Area Statistics Table 62,Household Composition by Number of Cars or Vans Available,CS062: Household Composition by Number of Cars or Vans Available,All Households,Households
CS062EW,CS062,Census Area Statistics Table 62,Household Composition by Number of Cars or Vans Available,CS062: Household Composition by Number of Cars or Vans Available,All Households,Households
CS063S,CS063,Census Area Statistics Table 63,Economic Activity and Age of Full-Time Students by Household Type,CS063: Economic Activity and Age of Full-Time Students by Household Type,All Full-Time Students and Schoolchildren at their Term-Time Address,Persons
CS063EW,CS063,Census Area Statistics Table 63,Economic Activity and Age of Full-Time Students by Household Type,CS063: Economic Activity and Age of Full-Time Students by Household Type,All Full-Time Students and Schoolchildren at their Term-Time Address,People
CS064S,CS064,Census Area Statistics Table 064,Households with Full Time Students Away from Home and Age of Student by Number of Students,CS064: Households with Full Time Students Away from Home and Age of Student by Number of Students,All Households with FT Students and Schoolchildren Living Away From Home During Term Time,"Persons; Students, Schoolchildren"
CS064EW,CS064,Census Area Statistics Table 64,Households with Full-Time Students Away from Home and Age of Student by Number of Students,CS064: Households with Full-Time Students Away from Home and Age of Student by Number of Students,All Households with Full-Time Students and Schoolchildren Living Away from Home During Term-Time,Households
CS065S,CS065,Census Area Statistics Table 065,Sex and Age by General Health and Limiting Long Term Illness,CS065: Sex and Age by General Health and Limiting Long Term Illness,All People in Communal Establishments,persons
CS065NI,CS065,Census Area Statistics Table 065,Sex and Age by General Health and Limiting Long Term Illness (Communal Establishment Residents),CS065: Sex and Age by General Health and Limiting Long Term Illness (Communal Establishment Residents),All People in Communal Establishments,persons
CS065EW,CS065,Census Area Statistics Table 65,Sex and Age by General Health and Limiting Long-Term Illness (LLTI),CS065: Sex and Age by General Health and Limiting Long-Term Illness (LLTI),All People Resident in Communal Establishments,People
CS066S,CS066,Census Area Statistics Table 66,Sex and Approximated Social Grade by Age,CS066: Sex and Approximated Social Grade by Age,All People Aged 16 and Over in Households,Persons
CS066NI,CS066,Census Area Statistics Table 66,Approximated Social Grade by Age,CS066: Approximated Social Grade by Age,All People Aged 16 and Over in Households,Persons
CS066EW,CS066,Census Area Statistics Table 66,Sex and Approximated Social Grade by Age,CS066: Sex and Approximated Social Grade by Age,All People Aged 16 and Over in Households,People
CS067S,CS067,Census Area Statistics Table 67,Age of Household Reference Person (HRP) and Dependent Children by Approximated Social Grade,CS067: Age of Household Reference Person (HRP) and Dependent Children by Approximated Social Grade,All Households,Households
CS067NI,CS067,Census Area Statistics Table 67,Age of Household Reference Person (HRP) and Dependent Children by Approximated Social Grade,CS067: Age of Household Reference Person (HRP) and Dependent Children by Approximated Social Grade,All Households,Households
CS067EW,CS067,Census Area Statistics Table 67,Age of Household Reference Person (HRP) and Dependent Children by Approximated Social Grade,CS067: Age of Household Reference Person (HRP) and Dependent Children by Approximated Social Grade,All Households,Households
CS068S,CS068,Census Area Statistics Table 68,Age and Dependent Children by Household Type (Household Reference Persons),CS068: Age and Dependent Children by Household Type (Household Reference Persons),All HRPs,Persons
CS068NI,CS068,Census Area Statistics Table 68,Age and Dependent Children by Household Type (Household Reference Persons),CS068: Age and Dependent Children by Household Type (Household Reference Persons),All HRPs,Persons
CS068EW,CS068,Census Area Statistics Table 68,Age and Dependent Children by Household Type (Household Reference Persons),CS068: Age and Dependent Children by Household Type (Household Reference Persons),All HRPs,People
CS103EW,CS103,Census Area Statistics Table 103,Sex and Age by Religion,CS103: Sex and Age by Religion,All People,People
CS105EW,CS105,Census Area Statistics Table 105,Age by Highest Level of Qualification,CS105: Age by Highest Level of Qualification,All People Aged 16 to 74,People
CS113EW,CS113,Census Area Statistics Table 113,Occupation by Highest Level of Qualification,CS113: Occupation by Highest Level of Qualification,All People Aged 16 to 74,People
CS114EW,CS114,Census Area Statistics Table 114,NS-SeC by Highest Level of Qualification,CS114: NS-SeC by Highest Level of Qualification,All People Aged 16 to 74,People
CS118NI,CS118,Census Area Statistics Table 118,Number of Employed People and Method of Travel to Work by Number of Cars or Vans in Households,CS118: Number of Employed People and Method of Travel to Work by Number of Cars or Vans in Households,All Households with at Least One Person Working in the Week Before the Census,Households
CS118EW,CS118,Census Area Statistics Table 118,Number of Employed People and Method of Travel to Work by Number of Cars or Vans in Households,CS118: Number of Employed People and Method of Travel to Work by Number of Cars or Vans in Households,All Households with at Least One Person Working in the Week Before the Census,Households
CS119EW,CS119,Census Area Statistics Table 119,Sex and Age by Method of Travel to Work,CS119: Sex and Age by Method of Travel to Work,All People Aged 16 to 74 Working in the Week Before the Census,People
CS122EW,CS122,Census Area Statistics Table 122,NS-SeC by Method of Travel to Work,CS122: NS-SeC by Method of Travel to Work,All People Aged 16 to 74 Working in the Week Before the Census,People
CS126EW,CS126,Census Area Statistics Table 126,Type of Communal Establishment by Resident Type and Sex,CS126: Type of Communal Establishment by Resident Type and Sex,All People in Communal Establishments,People
CS133W,CS133,Census Area Statistics Table 133,Sex and Age by Knowledge of Welsh,CS133: Sex and Age by Knowledge of Welsh,All People Aged 3 and Over,People
CS145W,CS145,Census Area Statistics Table 145,Type of Communal Establishment by Knowledge of Welsh,CS145: Type of Communal Establishment by Knowledge of Welsh,All People Aged 3 and Over in Communal Establishments,People
CS146W,CS146,Census Area Statistics Table 146,Sex and Age by Ability to Speak Welsh,CS146: Sex and Age by Ability to Speak Welsh,All People,People
CS147W,CS147,Census Area Statistics Table 147,Type of Communal Establishment by Ability to Speak Welsh,CS147: Type of Communal Establishment by Ability to Speak Welsh,All People Aged 3 and Over in Communal Establishments,People
CS203S,CS203,Census Area Statistics Table 203,Current Religion by Sex,CS203: Current Religion by Sex,All People,Persons
CS204S,CS204,Census Area Statistics Table 204,Age by Highest Level of Qualification,CS204: Age by Highest Level of Qualification,All People Aged 16 to 74,Persons
CS206S,CS206,Census Area Statistics Table 206,Sex and Age by Knowledge of Gaelic,CS206: Sex and Age by Knowledge of Gaelic,All People,Persons
CS217S,CS217,Census Area Statistics Table 217,Number of People Working or Studying and Method of Travel by Number of Cars or Vans in Households,CS217: Number of People Working or Studying and Method of Travel by Number of Cars or Vans in Households,All Households With at Least One Person Working or Studying in the Week Before the Census,Households
CS218S,CS218,Census Area Statistics Table 218,Whether Working or Studying and Age by Method of Travel to Work or Place of Study,CS218: Whether Working or Studying and Age by Method of Travel to Work or Place of Study,All People,Persons
CS219S,CS219,Census Area Statistics Table 219,Age by Method of Travel to Place of Study,CS219: Age by Method of Travel to Place of Study,Full-time Students Whether or not in Employment and Part-Time Students not in Employment,Persons; Students
CS224S,CS224,Census Area Statistics Table 224,NS-SeC by Method of Travel to Work,CS224: NS-SeC by Method of Travel to Work,All People Aged 16 to 74 in Employment but not Full-Time Students,Persons
CS230S,CS230,Census Area Statistics Table 230,"Tenure, Whether Rented Furnished and Number of Rooms by Household Size","CS230: Tenure, Whether Rented Furnished and Number of Rooms by Household Size",All Households,Households
CS231S,CS231,Census Area Statistics Table 231,"Type of Accommodation by Tenure, Whether Furnished and Central Heating","CS231: Type of Accommodation by Tenure, Whether Furnished and Central Heating",All Households,Households
CS232S,CS232,Census Area Statistics Table 232,Type of Communal Establishment by Type of Resident and Sex,CS232: Type of Communal Establishment by Type of Resident and Sex,All People in Communal Establishments,Persons
CS248S,CS248,Census Area Statistics Table 248,Age of Household Reference Person (HRP) by Household Composition (Scottish Household Survey Household Classification),CS248: Age of Household Reference Person (HRP) by Household Composition (Scottish Household Survey Household Classification),All Households,Households
CS301NI,CS301,Census Area Statistics Table 301,Type of Communal Establishment by Sex,CS301: Type of Communal Establishment by Sex,All People Resident in Communal Establishments,Persons
CS305NI,CS305,Census Area Statistics Table 305,Sex and Community Background (Religion or Religion Brought up in),CS305: Sex and Community Background (Religion or Religion Brought up in),All People,Persons
CS306NI,CS306,Census Area Statistics Table 306,Age by Community Background (Religion or Religion Brought up in),CS306: Age by Community Background (Religion or Religion Brought up in),All People,Persons
CS308NI,CS308,Census Area Statistics Table 308,Religion,CS308: Religion,All People,Persons
CS309NI,CS309,Census Area Statistics Table 309,Age by Sex and Living Arrangements,CS309: Age by Sex and Living Arrangements,All People Aged 16 and Over in Households,Persons
CS310NI,CS310,Census Area Statistics Table 310,Age of Full-time Schoolchildren and Students Aged 18 and Under by Household Type,CS310: Age of Full-time Schoolchildren and Students Aged 18 and Under by Household Type,All Full-Time Schoolchildren and Students Aged 18 and Under at Their Term-time Address,Persons
CS315NI,CS315,Census Area Statistics Table 315,Tenure and Age by General Health and Limiting Long-term Illness,CS315: Tenure and Age by General Health and Limiting Long-term Illness,All People in Households,Persons
CS316NI,CS316,Census Area Statistics Table 306,Limiting Long-term Illness and Age by Number of Floor Levels and Tenure,CS316: Limiting Long-term Illness and Age by Number of Floor Levels and Tenure,All People in Households,Persons
CS319NI,CS319,Census Area Statistics Table 309,Age and Limiting Long-term Illness by Community Background (Religion or Religion Brought up in),CS319: Age and Limiting Long-term Illness by Community Background (Religion or Religion Brought up in),All People,Persons
CS320NI,CS320,Census Area Statistics Table 320,Age by Highest Level of Qualification,CS320: Age by Highest Level of Qualification,All People Aged 16 to 74,Persons
CS324NI,CS324,Census Area Statistics Table 324,Highest Level of Qualification by Community Background (Religion or Religion Brought up in),CS324: Highest Level of Qualification by Community Background (Religion or Religion Brought up in),All People Aged 16 to 74,Persons
CS325NI,CS325,Census Area Statistics Table 325,Age and Highest Level of Qualification by Community Background (Religion or Religion Brought up in),CS325: Age and Highest Level of Qualification by Community Background (Religion or Religion Brought up in),All People Aged 16 to 74,Persons
CS327NI,CS327,Census Area Statistics Table 327,Age of Household Reference Person (HRP) and Tenure by Economic Activity of HRP,CS327: Age of Household Reference Person (HRP) and Tenure by Economic Activity of HRP,All Households with HRP Aged 16 to 74,Persons
CS329NI,CS329,Census Area Statistics Table 329,Sex and Economic Activity by Community Background (Religion or Religion Brought up in),CS329: Sex and Economic Activity by Community Background (Religion or Religion Brought up in),All People Aged 16 to 74,Persons
CS331NI,CS331,Census Area Statistics Table 331,Economic Activity and Age of Full-time Students,CS331: Economic Activity and Age of Full-time Students,All Full-Time Schoolchildren and Students Aged 16 and Over at Their Term-time Address,Persons
CS332NI,CS332,Census Area Statistics Table 332,Former Occupation by Age (NI basis),CS332: Former Occupation by Age (NI basis),All People Aged 16 to 74 Not in Employment the Week Before the Census,Persons
CS335NI,CS335,Census Area Statistics Table 335,Former Industry by Age (NI basis),CS335: Former Industry by Age (NI basis),All People Aged 16 to 74 Not in Employment the Week Before the Census,Persons
CS338NI,CS338,Census Area Statistics Table 338,NS-SeC by Age,CS338: NS-SeC by Age,All People Aged 16 to 74,Persons
CS339NI,CS339,Census Area Statistics Table 339,General Health by NS-SeC,CS339: General Health by NS-SeC,All People Aged 16 to 74,Persons
CS340NI,CS340,Census Area Statistics Table 340,Limiting Long-term Illness by NS-SeC,CS340: Limiting Long-term Illness by NS-SeC,All People Aged 16 to 74,Persons
CS341NI,CS341,Census Area Statistics Table 341,Sex and NS-SeC by Economic Activity,CS341: Sex and NS-SeC by Economic Activity,All People Aged 16 to 74,Persons
CS342NI,CS342,Census Area Statistics Table 342,NS-SeC by Method of Travel to Work,CS342: NS-SeC by Method of Travel to Work,All People Aged 16 to 74 in Employment the Week Before the Census,Persons
CS343NI,CS343,Census Area Statistics Table 343,NS-SeC by Tenure,CS343: NS-SeC by Tenure,All People in Households Aged 16 to 74,Persons
CS344NI,CS344,Census Area Statistics Table 344,NS-SeC of Household Reference Person (HRP) by Tenure,CS344: NS-SeC of Household Reference Person (HRP) by Tenure,All Household Reference Persons (HRPs) Aged 16 to 74,Persons
CS345NI,CS345,Census Area Statistics Table 345,NS-SeC of Household Reference Person (HRP) by Household Composition,CS345: NS-SeC of Household Reference Person (HRP) by Household Composition,All Household Reference Persons (HRPs) Aged 16 to 74,Persons
CS346NI,CS346,Census Area Statistics Table 346,NS-SeC of Household Reference Person (HRP) by Age (of HRP),CS346: NS-SeC of Household Reference Person (HRP) by Age (of HRP),All Household Reference Persons (HRPs) Aged 16 to 74,Persons
CS347NI,CS347,Census Area Statistics Table 347,Households With Full-time Students Living Away From Home and Age of Student by Number of Students,CS347: Households With Full-time Students Living Away From Home and Age of Student by Number of Students,"All Households with Students in Full-Time Education Whose Home Address is in the Area, but They Live Away From Home During Term-time.",Persons
CS350NI,CS350,Census Area Statistics Table 350,Age by Method of Travel to Work,CS350: Age by Method of Travel to Work,All People Aged 16 to 74 Working in the Week Before the Census,Persons
CS352NI,CS352,Census Area Statistics Table 352,Number of Cars or Vans by Community Background (Religion or Religion Brought up in) of Household Reference Person (HRP),CS352: Number of Cars or Vans by Community Background (Religion or Religion Brought up in) of Household Reference Person (HRP),All Households,Households
CS353NI,CS353,Census Area Statistics Table 353,Dwelling type and Accommodation Type by Tenure,CS353: Dwelling type and Accommodation Type by Tenure,All Occupied Household Spaces,Household Spaces
CS354NI,CS354,Census Area Statistics Table 354,Dwelling type and Accommodation Type by Tenure (persons),CS354: Dwelling type and Accommodation Type by Tenure (persons),All People in Households,Persons
CS355NI,CS355,Census Area Statistics Table 355,Household Size by Number of Rooms,CS355: Household Size by Number of Rooms,All Households,Households
CS356NI,CS356,Census Area Statistics Table 356,Tenure and Persons per Room by Accommodation Type,CS356: Tenure and Persons per Room by Accommodation Type,All Households,Households
CS357NI,CS357,Census Area Statistics Table 357,Household composition by Tenure and Occupancy Rating,CS357: Household composition by Tenure and Occupancy Rating,All Households,Households
CS358NI,CS358,Census Area Statistics Table 358,Dwelling type and Accommodation Type and Central Heating (and Amenities for Shared Dwellings) by Tenure,CS358: Dwelling type and Accommodation Type and Central Heating (and Amenities for Shared Dwellings) by Tenure,All Households,Households
CS359NI,CS359,Census Area Statistics Table 359,Amenities by Household Composition,CS359: Amenities by Household Composition,All Households,Households
CS361NI,CS361,Census Area Statistics Table 361,Tenure and Car or Van Availability by Number of Persons Aged 17 or Over in the Household,CS361: Tenure and Car or Van Availability by Number of Persons Aged 17 or Over in the Household,All Households,Households
CS362NI,CS362,Census Area Statistics Table 362,Car or Van Availability by Economic Activity,CS362: Car or Van Availability by Economic Activity,All People Aged 16 to 74 in Households,Persons
CS363NI,CS363,Census Area Statistics Table 363,Dwelling type and Accommodation Type by Household Space Type,CS363: Dwelling type and Accommodation Type by Household Space Type,All Household Spaces,Household Spaces
CS365NI,CS365,Census Area Statistics Table 365,Tenure by Community Background (Religion or Religion Brought up in),CS365: Tenure by Community Background (Religion or Religion Brought up in),All People in Households,Persons
CS366NI,CS366,Census Area Statistics Table 366,Tenure by Community Background (Religion or Religion Brought up in) of Household Reference Person (HRP),CS366: Tenure by Community Background (Religion or Religion Brought up in) of Household Reference Person (HRP),All Households,Households
CS367NI,CS367,Census Area Statistics Table 367,Central Heating and Occupancy Rating by Age,CS367: Central Heating and Occupancy Rating by Age,All People in Households,Persons
CS370NI,CS370,Census Area Statistics Table 370,Occupancy Rating by Community Background (Religion or Religion Brought up in),CS370: Occupancy Rating by Community Background (Religion or Religion Brought up in),All People in Households,Persons
CS371NI,CS371,Census Area Statistics Table 371,Occupancy Rating by Community Background (Religion or Religion Brought up in) of Household Reference Person (HRP),CS371: Occupancy Rating by Community Background (Religion or Religion Brought up in) of Household Reference Person (HRP),All Households,Households
CS372NI,CS372,Census Area Statistics Table 372,Age by knowledge of Irish,CS372: Age by knowledge of Irish,All People Aged 3 and Over,Persons
CS373NI,CS373,Census Area Statistics Table 373,Country of Birth by knowledge of Irish,CS373: Country of Birth by knowledge of Irish,All People Aged 3 and Over,Persons
CS374NI,CS374,Census Area Statistics Table 374,Highest Level of Qualification by knowledge of Irish,CS374: Highest Level of Qualification by knowledge of Irish,All People Aged 16 to 74,Persons
CS375NI,CS375,Census Area Statistics Table 375,Knowledge of Irish and Community Background (Religion or Religion Brought up in),CS375: Knowledge of Irish and Community Background (Religion or Religion Brought up in),All People Aged 3 and Over,Persons
CS376NI,CS376,Census Area Statistics Table 376,Sex and Age by Migration (Persons),CS376: Sex and Age by Migration (Persons),All Persons Resident in Northern Ireland and Those Having Moved From Northern Ireland to Elsewhere in the UK in the Past Year,Persons
CS377NI,CS377,Census Area Statistics Table 377,Whether Living in a Household or Communal Establishment and Age by Migration (Persons),CS377: Whether Living in a Household or Communal Establishment and Age by Migration (Persons),All Persons Resident in Northern Ireland and Those Having Moved From Northern Ireland to Elsewhere in the UK in the Past Year,Persons
CS378NI,CS378,Census Area Statistics Table 378,Age of Household Reference Person (HRP) and Number of Dependent Children by Migration of Households,CS378: Age of Household Reference Person (HRP) and Number of Dependent Children by Migration of Households,All Households in Northern Ireland and Those Having Moved From Northern Ireland to Elsewhere in the UK in the Past Year,Households
CS379NI,CS379,Census Area Statistics Table 379,Number of Dependent Children by Migration of Households,CS379: Number of Dependent Children by Migration of Households,All Households in Northern Ireland and Those Having Moved From Northern Ireland to Elsewhere in the UK in the Past Year,Households
CS380NI,CS380,Census Area Statistics Table 380,Households Composition by Migration of Households,CS380: Households Composition by Migration of Households,All Households in Northern Ireland and Those Having Moved From Northern Ireland to Elsewhere in the UK in the Past Year,Households
CS381NI,CS381,Census Area Statistics Table 381,Age by Distance to Place of Work,CS381: Age by Distance to Place of Work,All Persons aged 16 to 74 in Employment in the Week Before the Census,Persons
CS383NI,CS383,Census Area Statistics Table 383,Full-Time Student Status by Distance to Place of Work,CS383: Full-Time Student Status by Distance to Place of Work,All Persons aged 16 to 74 in Employment in the Week Before the Census,Persons
CS385NI,CS385,Census Area Statistics Table 385,Method of Travel,CS385: Method of Travel,All Persons aged 16 to 74 in Employment in the Week Before the Census,Persons
CT001S,CT001,CAS Theme Tables Table 1,Theme Table On All Dependent Children,CT001: Theme Table On All Dependent Children,All Dependent Children,People
CT001EW,CT001,CAS Theme Tables Table 1,Theme Table On All Dependent Children,CT001: Theme Table On All Dependent Children,All Dependent Children,People
CT002S,CT002,CAS Theme Tables Table 2,Theme Table On People Aged 50 and Over,CT002: Theme Table On People Aged 50 and Over,All People Aged 50 and Over,People
CT002EW,CT002,CAS Theme Tables Table 2,Theme Table On People Aged 50 and Over,CT002: Theme Table On People Aged 50 and Over,All People Aged 50 and Over,People
CT003EW,CT003,CAS Theme Tables Table 3,Theme Table On Ethnic Group - People,CT003: Theme Table On Ethnic Group - People,All People,People
CT004EW,CT004,CAS Theme Tables Table 4,Theme Table On Ethnic Group (of Household Reference Person) - Households,CT004: Theme Table On Ethnic Group (of Household Reference Person) - Households,Total Households,Households
CT005S,CT005,CAS Theme Tables Table 5,Theme Table On All People,CT005: Theme Table On All People,All People,People
CT005EW,CT005,CAS Theme Tables Table 5,Theme Table On All People,CT005: Theme Table On All People,All People,People
CT006W,CT006,CAS Theme Tables Table 6,Theme Table On Welsh Language,CT006: Theme Table On Welsh Language,All People,People
CT007S,CT007,CAS Theme Tables Table 7,Theme Table on Ethnic Group,CT007: Theme Table on Ethnic Group,All People,People
CT008S,CT008,CAS Theme Tables Table 8,Theme Table on Ethnic Group of Household Reference Person,CT008: Theme Table on Ethnic Group of Household Reference Person,All Households,Households
CT009W,CT009,CAS Theme Tables Table 9,Theme Table On Ability To Speak Welsh,CT009: Theme Table On Ability To Speak Welsh,All People,People
CT010EW,CT010,CAS Theme Tables Table 10,Theme Table On Religion - People,CT010: Theme Table On Religion - People,All People,People
CT011EW,CT011,CAS Theme Tables Table 11,Theme Table On Religion (of Household Reference Person) - Households,CT011: Theme Table On Religion (of Household Reference Person) - Households,All Households,Households
KS001S,KS001,Key Statistics Table 1,Usual Resident Population,KS001: Usual Resident Population,All people,Persons
KS001NI,KS001,Key Statistics Table 1,Usually Resident Population,KS001: Usually Resident Population,All People,Persons
KS001EW,KS001,Key Statistics Table 1,Usual resident population,KS001: Usual resident population,All people,Persons
KS002S,KS002,Key Statistics Table 2,Age Structure,KS002: Age Structure,All people,Persons
KS002NI,KS002,Key Statistics Table 2,Age Structure,KS002: Age Structure,All People,Persons
KS002EW,KS002,Key Statistics Table 2,Age structure,KS002: Age structure,All people,Persons
KS003S,KS003,Key Statistics Table 3,Living Arrangements,KS003: Living Arrangements,All people aged 16 or over in households,Persons
KS003NI,KS003,Key Statistics Table 3,Living Arrangements,KS003: Living Arrangements,All People Aged 16 and Over Living in Households,Persons
KS003EW,KS003,Key Statistics Table 3,Living arrangements,KS003: Living arrangements,All people aged 16 and over in households,Persons
KS004S,KS004,Key Statistics Table 4,Marital Status,KS004: Marital Status,All people aged 16 and over,Persons
KS004NI,KS004,Key Statistics Table 4,Marital Status,KS004: Marital Status,All People Aged 16 and Over,Persons
KS004EW,KS004,Key Statistics Table 4,Marital status,KS004: Marital status,All people aged 16 and over,Persons
KS005S,KS005,Key Statistics Table 5,Country of Birth,KS005: Country of Birth,All people,Persons
KS005NI,KS005,Key Statistics Table 5,Country of Birth,KS005: Country of Birth,All People,Persons
KS005EW,KS005,Key Statistics Table 5,Country of birth,KS005: Country of birth,All people,Persons
KS006S,KS006,Key Statistics Table 6,Ethnic Group and Language (Scotland),KS006: Ethnic Group and Language (Scotland),All people,Persons
KS006NI,KS006,Key Statistics Table 6,Ethnic Group,KS006: Ethnic Group,All People,Persons
KS006E,KS006,Key Statistics Table 6,Ethnic group,KS006: Ethnic group,All people,Persons
KS006aW,KS006a,Key Statistics Table 6A,Ethnic group (Wales),KS006a: Ethnic group (Wales),All people,Persons
KS007S,KS007,Key Statistics Table 7,Religion (Scotland),KS007: Religion (Scotland),All people,Persons
KS007EW,KS007,Key Statistics Table 7,Religion,KS007: Religion,All people,Persons
KS007aNI,KS007a,Key Statistics Table 7a,Religion,KS007a: Religion,All People,Persons
KS007bNI,KS007b,Key Statistics Table 7b,Community Background: Religion or Religion Brought Up In,KS007b: Community Background: Religion or Religion Brought Up In,All People,Persons
KS007cNI,KS007c,Key Statistics Table 7c,Religion,KS007c: Religion,All People,persons
KS008S,KS008,Key Statistics Table 8,Health and Provision of Unpaid Care,KS008: Health and Provision of Unpaid Care,All people,Persons
KS008NI,KS008,Key Statistics Table 8,Health and Provision of Unpaid Care,KS008: Health and Provision of Unpaid Care,All People,Persons
KS008EW,KS008,Key Statistics Table 8,Health and provision of unpaid care,KS008: Health and provision of unpaid care,All people,Persons
KS009aS,KS009a,Key Statistics Table 9a,Economic Activity,KS009a: Economic Activity,All people aged 16 to 74,Persons
KS009aNI,KS009a,Key Statistics Table 9a,Economic Activity - All People,KS009a: Economic Activity - All People,All People Aged 16 to 74,Persons
KS009aEW,KS009a,Key Statistics Table 9A,Economic activity - all persons,KS009a: Economic activity - all persons,All people aged 16-74,Persons
KS009bS,KS009b,Key Statistics Table 9b,Economic Activity,KS009b: Economic Activity,All males aged 16 to 74,Persons
KS009bNI,KS009b,Key Statistics Table 9b,Economic Activity - Males,KS009b: Economic Activity - Males,All Males Aged 16 to 74,Persons
KS009bEW,KS009b,Key Statistics Table 9B,Economic activity - males,KS009b: Economic activity - males,All males aged 16-74,Persons
KS009cS,KS009c,Key Statistics Table 9c,Economic Activity,KS009c: Economic Activity,All females aged 16 to 74,Persons
KS009cNI,KS009c,Key Statistics Table 9c,Economic Activity - Females,KS009c: Economic Activity - Females,All Females Aged 16 to 74,Persons
KS009cEW,KS009c,Key Statistics Table 9C,Economic activity - females,KS009c: Economic activity - females,All females aged 16-74,Persons
KS010S,KS010,Key Statistics Table 10,Hours worked,KS010: Hours worked,All people aged 16 to 74 in employment,Persons
KS010NI,KS010,Key Statistics Table 10,Hours Worked,KS010: Hours Worked,All Males and Females Aged 16 to 74 in Employment,Persons
KS010EW,KS010,Key Statistics Table 10,Hours worked,KS010: Hours worked,All people aged 16-74 in employment,Persons
KS011aS,KS011a,Key Statistics Table 11a,Industry of Employment - All People,KS011a: Industry of Employment - All People,All people aged 16 to 74 in employment,Persons
KS011aNI,KS011a,Key Statistics Table 11a,Industry of Employment - All People,KS011a: Industry of Employment - All People,All People Aged 16 to 74 in Employment,Persons
KS011aEW,KS011a,Key Statistics Table 11A,Industry of employment - all persons,KS011a: Industry of employment - all persons,All people aged 16-74 in employment,Persons
KS011bS,KS011b,Key Statistics Table 11b,Industry of Employment,KS011b: Industry of Employment,All males aged 16 to 74 in employent,Persons
KS011bNI,KS011b,Key Statistics Table 11b,Industry of Employment - Males,KS011b: Industry of Employment - Males,All Males Aged 16 to 74 in Employment,Persons
KS011bEW,KS011b,Key Statistics Table 11B,Industry of employment - males,KS011b: Industry of employment - males,All males aged 16-74 in employment,Persons
KS011cS,KS011c,Key Statistics Table 11c,Industry of Employment - All Females,KS011c: Industry of Employment - All Females,All females aged 16 to 74 in employment,Persons
KS011cNI,KS011c,Key Statistics Table 11c,Industry of Employment - Females,KS011c: Industry of Employment - Females,All Females Aged 16 to 74 in Employment,Persons
KS011cEW,KS011c,Key Statistics Table 11C,Industry of employment - females,KS011c: Industry of employment - females,All females aged 16-74 in employment,Persons
KS012aS,KS012a,Key Statistics Table 12a,Occupation Groups,KS012a: Occupation Groups,All people aged 16 to 74 in employment,Persons
KS012aNI,KS012a,Key Statistics Table 12a,Occupation Groups - All People,KS012a: Occupation Groups - All People,All People Aged 16 to 74 in Employment,Persons
KS012aEW,KS012a,Key Statistics Table 12A,Occupation groups - all persons,KS012a: Occupation groups - all persons,All people aged 16-74 in employment,Persons
KS012bS,KS012b,Key Statistics Table 12b,Occupation Groups,KS012b: Occupation Groups,All males aged 16 to 74 in employment,Persons
KS012bNI,KS012b,Key Statistics Table 12b,Occupation Groups - Males,KS012b: Occupation Groups - Males,All Males Aged 16 to 74 in Employment,Persons
KS012bEW,KS012b,Key Statistics Table 12B,Occupation groups - males,KS012b: Occupation groups - males,All males aged 16-74 in employment,Persons
KS012cS,KS012c,Key Statistics Table 12c,Occupation Groups,KS012c: Occupation Groups,All females aged 16 to 74 in employment,Persons
KS012cNI,KS012c,Key Statistics Table 12c,Occupation Groups - Females,KS012c: Occupation Groups - Females,All Females Aged 16 to 74 in Employment,Persons
KS012CEW,KS012C,Key Statistics Table 12C,Occupation groups - females,KS012C: Occupation groups - females,All females aged 16-74 in employment,Persons
KS013S,KS013,Key Statistics Table 13,Qualifications and Students (Scotland),KS013: Qualifications and Students (Scotland),All people aged 16 to 74,Persons
KS013NI,KS013,Key Statistics Table 13,Qualifications and Students,KS013: Qualifications and Students,All People Aged 16 to 74,Persons
KS013EW,KS013,Key Statistics Table 13,Qualifications and students,KS013: Qualifications and students,All people aged 16-74,Persons
KS014aS,KS014a,Key Statistics Table 14a,Socio-Economic Classifcation,KS014a: Socio-Economic Classifcation,All people aged 16 to 74,Persons
KS014aNI,KS014a,Key Statistics Table 14a,National Statistics - Socio-Economic Classification - All persons,KS014a: National Statistics - Socio-Economic Classification - All persons,All People Aged 16 to 74,Persons
KS014aEW,KS014a,Key Statistics Table 14A,National Statistics - Socio Economic Classification - all persons,KS014a: National Statistics - Socio Economic Classification - all persons,All people aged 16-74,Persons
KS014bS,KS014b,Key Statistics Table 14b,Socio-Economic Classifcation,KS014b: Socio-Economic Classifcation,All males aged 16 to 74,Persons
KS014bNI,KS014b,Key Statistics Table 14b,National Statistics - Socio-Economic Classification - Males,KS014b: National Statistics - Socio-Economic Classification - Males,All Males Aged 16 to 74,Persons
KS014bEW,KS014b,Key Statistics Table 14B,National Statistics - Socio Economic Classification - males,KS014b: National Statistics - Socio Economic Classification - males,All people aged 16-74,Persons
KS014cS,KS014c,Key Statistics Table 14c,Socio-Economic Classifcation,KS014c: Socio-Economic Classifcation,All females aged 16 to 74,Persons
KS014cNI,KS014c,Key Statistics Table 14c,National Statistics - Socio-Economic Classification - Females,KS014c: National Statistics - Socio-Economic Classification - Females,All Females Aged 16 to 74,Persons
KS014cEW,KS014c,Key Statistics Table 14C,National Statistics - Socio Economic Classification - females,KS014c: National Statistics - Socio Economic Classification - females,All people aged 16-74,Persons
KS015S,KS015,Key Statistics Table 15,Travel to Work and Place of Study (Scotland),KS015: Travel to Work and Place of Study (Scotland),All people aged 16 to 74 in employment or studying,Persons
KS015NI,KS015,Key Statistics Table 15,Travel to Work,KS015: Travel to Work,All People Aged 16 to 74 in Employment,Persons
KS015EW,KS015,Key Statistics Table 15,Travel to Work,KS015: Travel to Work,All people aged 16-74 in employment,Persons
KS016S,KS016,Key Statistics Table 16,"Dwellings, Household Spaces and Accommodation Type (Scotland)","KS016: Dwellings, Household Spaces and Accommodation Type (Scotland)",All households,Households
KS016NI,KS016,Key Statistics Table 16,"Dwellings, Household Spaces and Accommodation Type","KS016: Dwellings, Household Spaces and Accommodation Type",All Dwellings and Household Spaces,"Dwellings, Household Spaces"
KS016EW,KS016,Key Statistics Table 16,Household spaces and accommodation type,KS016: Household spaces and accommodation type,All household spaces,Household spaces
KS017S,KS017,Key Statistics Table 17,Cars or Vans,KS017: Cars or Vans,All households,Households
KS017NI,KS017,Key Statistics Table 17,Cars or Vans,KS017: Cars or Vans,All Households,Households
KS017EW,KS017,Key Statistics Table 17,Cars or vans,KS017: Cars or vans,All households,Households; Cars or vans
KS018S,KS018,Key Statistics Table 18,Tenure and Landlord (Scotland),KS018: Tenure and Landlord (Scotland),All households,Households
KS018NI,KS018,Key Statistics Table 18,Tenure,KS018: Tenure,All Households,Households
KS018EW,KS018,Key Statistics Table 18,Tenure,KS018: Tenure,All households,Households
KS019S,KS019,Key Statistics Table 19,"Rooms, Amenities, Central Heating and Floor Level","KS019: Rooms, Amenities, Central Heating and Floor Level",All households,Households
KS019NI,KS019,Key Statistics Table 19,"Rooms, Amenities, Central Heating and Lowest Floor Level","KS019: Rooms, Amenities, Central Heating and Lowest Floor Level",All Households,Households
KS019EW,KS019,Key Statistics Table 19,"Rooms, amenities, central heating and lowest floor level","KS019: Rooms, amenities, central heating and lowest floor level",All households,Households; Household size; Rooms per household
KS020S,KS020,Key Statistics Table 20,Household Composition,KS020: Household Composition,All households,Households
KS020NI,KS020,Key Statistics Table 20,Household Composition,KS020: Household Composition,All Households,Households
KS020EW,KS020,Key Statistics Table 20,Household composition,KS020: Household composition,All households,Households
KS021S,KS021,Key Statistics Table 21,Households with Dependent Children and Households with Limiting Long-Term Illness,KS021: Households with Dependent Children and Households with Limiting Long-Term Illness,All households,Households
KS021NI,KS021,Key Statistics Table 21,Households with Dependent Children and Households with Limiting Long-term Illness,KS021: Households with Dependent Children and Households with Limiting Long-term Illness,All Households,Households
KS021EW,KS021,Key Statistics Table 21,Households with LLTI and dependent children,KS021: Households with LLTI and dependent children,All households,Households
KS022S,KS022,Key Statistics Table 22,Lone Parent Households with Dependent Children,KS022: Lone Parent Households with Dependent Children,All lone parent households with dependent children,Households
KS022NI,KS022,Key Statistics Table 22,Lone Parent Households with Dependent Children,KS022: Lone Parent Households with Dependent Children,All Lone Parent Households with Dependent Children,Households
KS022EW,KS022,Key Statistics Table 22,Lone parent households with dependent children,KS022: Lone parent households with dependent children,All lone parent households with dependent children,Households; Persons
KS023S,KS023,Key Statistics Table 23,Communal Establishment Residents (Scotland),KS023: Communal Establishment Residents (Scotland),All residents of communal establishment,Persons
KS023NI,KS023,Key Statistics Table 23,Communal Establishment Residents,KS023: Communal Establishment Residents,All Communal Establishment Residents,Persons
KS023EW,KS023,Key Statistics Table 23,Communal establishment residents,KS023: Communal establishment residents,All communal establishment residents,Communal establishments; Persons
KS024S,KS024,Key Statistics Table 24,Migration,KS024: Migration,All persons,Persons
KS024NI,KS024,Key Statistics Table 24,Knowledge of Irish,KS024: Knowledge of Irish,All People Aged 3 and Over,Persons
KS025NI,KS025,Key Statistics Table 25,Migration,KS025: Migration,All Persons Resident in Specified Areas and Those Having Moved From Specified Areas to Elsewhere in the UK in the Past Year,Persons
KS025W,KS025,Key Statistics Table 25,Knowledge of Welsh (Wales),KS025: Knowledge of Welsh (Wales),All people aged 3 and over,Persons
ST001S,ST001,Standard Tables Table 1,Age by gender and resident type,ST001: Age by gender and resident type,All People,Persons
ST001NI,ST001,Standard Tables Table 1,Age by gender and resident type,ST001: Age by gender and resident type,All People,Persons
ST001EW,ST001,"2001 Census Standard Tables Table 1",Age by Sex and Type of Resident,ST001: Age by Sex and Type of Resident,All People,Persons
ST002S,ST002,Standard Tables Table 2,Age by gender and marital status,ST002: Age by gender and marital status,All People,Persons
ST002NI,ST002,Standard Tables Table 2,Age by gender and marital status,ST002: Age by gender and marital status,All People,Persons
ST002EW,ST002,"2001 Census Standard Tables Table 2",Age by Sex and Marital Status,ST002: Age by Sex and Marital Status,All People,Persons
ST003S,ST003,Standard Tables Table 3,Age of Household Reference Person (HRP) by gender and marital status (Headship),ST003: Age of Household Reference Person (HRP) by gender and marital status (Headship),All Households,Households
ST003NI,ST003,Standard Tables Table 3,Age of Household Reference Person (HRP) by gender and marital status (Headship),ST003: Age of Household Reference Person (HRP) by gender and marital status (Headship),All Households,Households
ST003EW,ST003,"2001 Census Standard Tables Table 3",Age of Household Reference Person (HRP) by Sex and Marital Status ('Headship'),ST003: Age of Household Reference Person (HRP) by Sex and Marital Status ('Headship'),All Households,Households
ST004S,ST004,Standard Tables Table 4,Age by gender and living arrangements,ST004: Age by gender and living arrangements,All People in Households,Persons
ST004NI,ST004,Standard Tables Table 4,Age by gender and living arrangements,ST004: Age by gender and living arrangements,All People in Households,Persons
ST004EW,ST004,"2001 Census Standard Tables Table 4",Age by Sex and Living Arrangements,ST004: Age by Sex and Living Arrangements,All People in Households,Persons
ST005S,ST005,Standard Tables Table 5,Age of household reference person (HRP) by gender and  living arrangements,ST005: Age of household reference person (HRP) by gender and  living arrangements,All Household Reference Persons in Households,Persons
ST005NI,ST005,Standard Tables Table 5,Age of household reference person (HRP) by gender and  living arrangements,ST005: Age of household reference person (HRP) by gender and  living arrangements,All Household Reference Persons in Households,Persons
ST005EW,ST005,"2001 Census Standard Tables Table 5",Age of Household Reference Person (HRP) by Sex and Living Arrangements,ST005: Age of Household Reference Person (HRP) by Sex and Living Arrangements,All Household Reference Persons in Households,Persons
ST006S,ST006,Standard Tables Table 6,Age of Family Reference Person (FRP) and number of dependent children by family type,ST006: Age of Family Reference Person (FRP) and number of dependent children by family type,All Families,Families
ST006NI,ST006,Standard Tables Table 6,Age of Family Reference Person (FRP) and number of dependent children by family type,ST006: Age of Family Reference Person (FRP) and number of dependent children by family type,All Families,Families
ST006EW,ST006,"2001 Census Standard Tables Table 6",Age of Family Reference Person (FRP) and Age of Dependent Children by Family Type,ST006: Age of Family Reference Person (FRP) and Age of Dependent Children by Family Type,All Families,Families
ST007S,ST007,Standard Tables Table 7,Age of Family Reference (FRP) and number and age of dependent children by family type,ST007: Age of Family Reference (FRP) and number and age of dependent children by family type,All Families,Families
ST007NI,ST007,Standard Tables Table 7,Age of Family Reference (FRP) and number and age of dependent children by family type,ST007: Age of Family Reference (FRP) and number and age of dependent children by family type,All Families,Families
ST007EW,ST007,"2001 Census Standard Tables Table 7",Age of Family Reference Person (FRP) and Number and Age of Dependent Children by Family Type,ST007: Age of Family Reference Person (FRP) and Number and Age of Dependent Children by Family Type,All Families,Families
ST008S,ST008,Standard Tables Table 8,Resident type and gender and age by migration,ST008: Resident type and gender and age by migration,All People,Persons
ST008NI,ST008,Standard Tables Table 8,Resident type and gender and age by migration,ST008: Resident type and gender and age by migration,All People,Persons
ST008EW,ST008,"2001 Census Standard Tables Table 8",Resident Type and Sex and Age by Migration ,ST008: Resident Type and Sex and Age by Migration ,All People,Persons
ST009S,ST009,Standard Tables Table 9,Age of Household Reference Person (HRP) and number of dependent children by migration of households,ST009: Age of Household Reference Person (HRP) and number of dependent children by migration of households,All Household Reference Persons in Households,Persons
ST009NI,ST009,Standard Tables Table 9,Age of Household Reference Person (HRP) and number of dependent children by migration of households,ST009: Age of Household Reference Person (HRP) and number of dependent children by migration of households,All Household Reference Persons in Households,Persons
ST009EW,ST009,"2001 Census Standard Tables Table 9",Age of Household Reference Person (HRP) and Number of Dependent Children by Migration of Households ,ST009: Age of Household Reference Person (HRP) and Number of Dependent Children by Migration of Households ,All Household Reference Persons in Households,Persons
ST010S,ST010,Standard Tables Table 10,Household composition by migration of  households,ST010: Household composition by migration of  households,All People,Persons
ST010NI,ST010,Standard Tables Table 10,Household composition by migration of  households,ST010: Household composition by migration of  households,All People,Persons
ST010EW,ST010,"2001 Census Standard Tables Table 10",Household Composition by Migration of Households,ST010: Household Composition by Migration of Households,All People,Persons
ST011S,ST011,Standard Tables Table 11,Family composition by age of Family Reference Person (FRP),ST011: Family composition by age of Family Reference Person (FRP),All Families,Families
ST011NI,ST011,Standard Tables Table 11,Family composition by age of Family Reference Person (FRP),ST011: Family composition by age of Family Reference Person (FRP),All Families,Families
ST011EW,ST011,"2001 Census Standard Tables Table 11",Family Composition by Age of Family Reference Person (FRP),ST011: Family Composition by Age of Family Reference Person (FRP),All Families,Families
ST012S,ST012,Standard Tables Table 12,Schoolchildren and students in full-time education living  away from home in term-time by age,ST012: Schoolchildren and students in full-time education living  away from home in term-time by age,All Schoolchildren and Students in Full-Time Education Who Would Reside in the Area Were They Not Living Away from Home During Term-Time,"Persons; Schoolchildren, Students"
ST012NI,ST012,Standard Tables Table 12,Schoolchildren and students in full-time education living  away from home in term-time by age,ST012: Schoolchildren and students in full-time education living  away from home in term-time by age,All Schoolchildren and Students in Full-Time Education Who Would Reside in the Area Were They Not Living Away from Home During Term-Time,"Persons; Schoolchildren, Students"
ST012EW,ST012,"2001 Census Standard Tables Table 12",Schoolchildren and Students in Full-Time Education Living Away From Home in Term-Time by Age,ST012: Schoolchildren and Students in Full-Time Education Living Away From Home in Term-Time by Age,All Schoolchildren and Students in Full-Time Education Who Would Reside in the Area Were They Not Living Away from Home During Term-Time,"Persons; Schoolchildren, Students"
ST013S,ST013,Standard Tables Table 13,Age of Household Reference Person (HRP) and tenure by economic activity,ST013: Age of Household Reference Person (HRP) and tenure by economic activity,All Households with Household Reference Person Aged 16 to 74,Households
ST013NI,ST013,Standard Tables Table 13,Age of Household Reference Person (HRP) and tenure by economic activity,ST013: Age of Household Reference Person (HRP) and tenure by economic activity,All Households with Household Reference Person Aged 16 to 74,Households
ST013EW,ST013,"2001 Census Standard Tables Table 13",Age of Household Reference Person (HRP) and Tenure by Economic Activity of HRP,ST013: Age of Household Reference Person (HRP) and Tenure by Economic Activity of HRP,All Households with Household Reference Person Aged 16 to 74,Households
ST014S,ST014,Standard Tables Table 14,Age and dependent children by household type (Adults),ST014: Age and dependent children by household type (Adults),All Adults in Households,Persons
ST014NI,ST014,Standard Tables Table 14,Age and dependent children by household type (Adults),ST014: Age and dependent children by household type (Adults),All Adults in Households,Persons
ST014EW,ST014,"2001 Census Standard Tables Table 14",Age and Dependent Children by Household Type (Adults),ST014: Age and Dependent Children by Household Type (Adults),All Adults in Households,Persons
ST015S,ST015,Standard Tables Table 15,Country of birth by gender and age,ST015: Country of birth by gender and age,All People,Persons
ST015NI,ST015,Standard Tables Table 15,Country of birth by gender and age,ST015: Country of birth by gender and age,All People,Persons
ST015EW,ST015,"2001 Census Standard Tables Table 15",Country of Birth by Sex and Age,ST015: Country of Birth by Sex and Age,All People,Persons
ST016S,ST016,Standard Tables Table 16,Gender and age by general health and limiting long-term illness,ST016: Gender and age by general health and limiting long-term illness,All People in Households,Persons
ST016NI,ST016,Standard Tables Table 16,Gender and age by general health and limiting long-term illness,ST016: Gender and age by general health and limiting long-term illness,All People in Households,Persons
ST016EW,ST016,"2001 Census Standard Tables Table 16",Sex and Age by General Health and Limiting Long-Term Illness (LLTI),ST016: Sex and Age by General Health and Limiting Long-Term Illness (LLTI),All People in Households,Persons
ST017S,ST017,Standard Tables Table 17,Tenure and age by general health and limiting long-term illness,ST017: Tenure and age by general health and limiting long-term illness,All People in Households,Persons
ST017NI,ST017,Standard Tables Table 17,Tenure and age by general health and limiting long-term illness,ST017: Tenure and age by general health and limiting long-term illness,All People in Households,Persons
ST017EW,ST017,"2001 Census Standard Tables Table 17",Tenure and Age by General Health and Limiting Long-Term Illness (LLTI),ST017: Tenure and Age by General Health and Limiting Long-Term Illness (LLTI),All People in Households,Persons
ST018S,ST018,Standard Tables Table 18,Gender and amenities and central heating by general health and limiting long-term illness,ST018: Gender and amenities and central heating by general health and limiting long-term illness,All People in Households,Persons
ST018NI,ST018,Standard Tables Table 18,Gender and amenities and central heating by general health and limiting long-term illness,ST018: Gender and amenities and central heating by general health and limiting long-term illness,All People in Households,Persons
ST018EW,ST018,"2001 Census Standard Tables Table 18",Sex and Amenities and Central Heating by General Health and Limiting Long-Term Illness (LLTI),ST018: Sex and Amenities and Central Heating by General Health and Limiting Long-Term Illness (LLTI),All People in Households,Persons
ST019S,ST019,Standard Tables Table 19,General health and limiting long-term illness and occupancy rating by age,ST019: General health and limiting long-term illness and occupancy rating by age,All People in Households,Persons
ST019NI,ST019,Standard Tables Table 19,General health and limiting long-term illness and occupancy rating by age,ST019: General health and limiting long-term illness and occupancy rating by age,All People in Households,Persons
ST019EW,ST019,"2001 Census Standard Tables Table 19",General Health and Limiting Long-Term Illness (LLTI) and Occupancy Rating by Age,ST019: General Health and Limiting Long-Term Illness (LLTI) and Occupancy Rating by Age,All People in Households,Persons
ST020S,ST020,Standard Tables Table 20,Limiting long-term illness and age by accommodation type and lowest floor level of accommodation,ST020: Limiting long-term illness and age by accommodation type and lowest floor level of accommodation,All People in Households,Persons
ST020NI,ST020,Standard Tables Table 20,Limiting long-term illness and age by accommodation type and lowest floor level of accommodation,ST020: Limiting long-term illness and age by accommodation type and lowest floor level of accommodation,All People in Households,Persons
ST020EW,ST020,"2001 Census Standard Tables Table 20",Limiting Long-Term Illness (LLTI) and Age by Accommodation Type and Lowest Floor Level of Accommodation,ST020: Limiting Long-Term Illness (LLTI) and Age by Accommodation Type and Lowest Floor Level of Accommodation,All People in Households,Persons
ST021S,ST021,Standard Tables Table 21,Economic activity and hours worked by  gender and limiting long-term illness,ST021: Economic activity and hours worked by  gender and limiting long-term illness,All People Aged 16 to 74,Persons
ST021NI,ST021,Standard Tables Table 21,Economic activity and hours worked by  gender and limiting long-term illness,ST021: Economic activity and hours worked by  gender and limiting long-term illness,All People Aged 16 to 74,Persons
ST021EW,ST021,"2001 Census Standard Tables Table 21",Economic Activity and Hours Worked by Sex and Limiting Long-Term Illness (LLTI),ST021: Economic Activity and Hours Worked by Sex and Limiting Long-Term Illness (LLTI),All People Aged 16 to 74,Persons
ST022S,ST022,Standard Tables Table 22,Gender and number of cars in household by general health and limiting long-term illness,ST022: Gender and number of cars in household by general health and limiting long-term illness,All People in Households,Persons
ST022NI,ST022,Standard Tables Table 22,Gender and number of cars in household by general health and limiting long-term illness,ST022: Gender and number of cars in household by general health and limiting long-term illness,All People in Households,Persons
ST022EW,ST022,"2001 Census Standard Tables Table 22",Sex and Number of Cars in Household by General Health and Limiting Long-Term Illness (LLTI),ST022: Sex and Number of Cars in Household by General Health and Limiting Long-Term Illness (LLTI),All People in Households,Persons
ST023S,ST023,Standard Tables Table 23,Gender and age and general health by NS-SeC,ST023: Gender and age and general health by NS-SeC,All People Aged 16 to 74,Persons
ST023NI,ST023,Standard Tables Table 23,Gender and age and general health by NS-SeC,ST023: Gender and age and general health by NS-SeC,All People Aged 16 to 74,Persons
ST023EW,ST023,"2001 Census Standard Tables Table 23",Sex and Age and General Health by National Statistics Socio-economic Classification (NS-SeC),ST023: Sex and Age and General Health by National Statistics Socio-economic Classification (NS-SeC),All People Aged 16 to 74,Persons
ST024S,ST024,Standard Tables Table 24,Gender and age and limiting long-term illness by NS-SeC,ST024: Gender and age and limiting long-term illness by NS-SeC,All People Aged 16 to 74,Persons
ST024NI,ST024,Standard Tables Table 24,Gender and age and limiting long-term illness by NS-SeC,ST024: Gender and age and limiting long-term illness by NS-SeC,All People Aged 16 to 74,Persons
ST024EW,ST024,"2001 Census Standard Tables Table 24",Sex and Age and Limiting Long-Term Illness (LLTI) by National Statistics Socio-economic Classification (NS-SeC),ST024: Sex and Age and Limiting Long-Term Illness (LLTI) by National Statistics Socio-economic Classification (NS-SeC),All People Aged 16 to 74,Persons
ST025S,ST025,Standard Tables Table 25,Gender and age by general health and provision of unpaid care,ST025: Gender and age by general health and provision of unpaid care,All People in Households,Persons
ST025NI,ST025,Standard Tables Table 25,Gender and age by general health and provision of unpaid care,ST025: Gender and age by general health and provision of unpaid care,All People in Households,Persons
ST025EW,ST025,"2001 Census Standard Tables Table 25",Sex and Age by General Health and Provision of Unpaid Care,ST025: Sex and Age by General Health and Provision of Unpaid Care,All People in Households,Persons
ST026S,ST026,Standard Tables Table 26,Gender and economic activity by general health and provision of unpaid care,ST026: Gender and economic activity by general health and provision of unpaid care,All People Aged 16 to 74 in Households,Persons
ST026NI,ST026,Standard Tables Table 26,Gender and economic activity by general health and provision of unpaid care,ST026: Gender and economic activity by general health and provision of unpaid care,All People Aged 16 to 74 in Households,Persons
ST026EW,ST026,"2001 Census Standard Tables Table 26",Sex and Economic Activity by General Health and Provision of Unpaid Care,ST026: Sex and Economic Activity by General Health and Provision of Unpaid Care,All People Aged 16 to 74 in Households,Persons
ST027S,ST027,Standard Tables Table 27,Households with a person with a LLTI and their age by number of carers in household and economic activity,ST027: Households with a person with a LLTI and their age by number of carers in household and economic activity,All Households,Households
ST027NI,ST027,Standard Tables Table 27,Households with a person with a LLTI and their age by number of carers in household and economic activity,ST027: Households with a person with a LLTI and their age by number of carers in household and economic activity,All Households,Households
ST027EW,ST027,"2001 Census Standard Tables Table 27",Households With a Person With a Limiting Long-Term Illness (LLTI) and Their Age by Number of Carers in Household and Economic Activity,ST027: Households With a Person With a Limiting Long-Term Illness (LLTI) and Their Age by Number of Carers in Household and Economic Activity,All Households,Households
ST028S,ST028,Standard Tables Table 28,Gender and age by economic activity,ST028: Gender and age by economic activity,All People Aged 16 to 74,Persons
ST028NI,ST028,Standard Tables Table 28,Gender and age by economic activity,ST028: Gender and age by economic activity,All People Aged 16 to 74,Persons
ST028EW,ST028,"2001 Census Standard Tables Table 28",Sex and Age by Economic Activity,ST028: Sex and Age by Economic Activity,All People Aged 16 to 74,Persons
ST029S,ST029,Standard Tables Table 29,Gender and age by hours worked,ST029: Gender and age by hours worked,All People Aged 16 to 74 in Employment the Week Before the Census,Persons
ST029NI,ST029,Standard Tables Table 29,Gender and age by hours worked,ST029: Gender and age by hours worked,All People Aged 16 to 74 in Employment the Week Before the Census,Persons
ST029EW,ST029,"2001 Census Standard Tables Table 29",Sex and Age by Hours Worked,ST029: Sex and Age by Hours Worked,All People Aged 16 to 74 in Employment the Week Before the Census,Persons
ST030S,ST030,Standard Tables Table 30,Gender and economic activity by living  arrangements,ST030: Gender and economic activity by living  arrangements,All People Aged 16 to 74 in Households,Persons
ST030NI,ST030,Standard Tables Table 30,Gender and economic activity by living  arrangements,ST030: Gender and economic activity by living  arrangements,All People Aged 16 to 74 in Households,Persons
ST030EW,ST030,"2001 Census Standard Tables Table 30",Sex and Economic Activity by Living Arrangements,ST030: Sex and Economic Activity by Living Arrangements,All People Aged 16 to 74 in Households,Persons
ST031S,ST031,Standard Tables Table 31,Family composition and number of dependent children by gender and economic activity,ST031: Family composition and number of dependent children by gender and economic activity,All Parents Aged 16 to 74 with Dependent Children,Persons
ST031NI,ST031,Standard Tables Table 31,Family composition and number of dependent children by gender and economic activity,ST031: Family composition and number of dependent children by gender and economic activity,All Parents Aged 16 to 74 with Dependent Children,Persons
ST031EW,ST031,"2001 Census Standard Tables Table 31",Family Composition and Number of Dependent Children by Sex and Economic Activity,ST031: Family Composition and Number of Dependent Children by Sex and Economic Activity,All Parents Aged 16 to 74 with Dependent Children,Persons
ST032S,ST032,Standard Tables Table 32,Gender and age and level of qualifications by economic activity,ST032: Gender and age and level of qualifications by economic activity,All People Aged 16 to 74,Persons
ST032NI,ST032,Standard Tables Table 32,Gender and age and level of qualifications by economic activity,ST032: Gender and age and level of qualifications by economic activity,All People Aged 16 to 74,Persons
ST032EW,ST032,"2001 Census Standard Tables Table 32",Sex and Age and Level of Qualifications by Economic Activity,ST032: Sex and Age and Level of Qualifications by Economic Activity,All People Aged 16 to 74,Persons
ST033S,ST033,Standard Tables Table 33,Gender and occupation by age,ST033: Gender and occupation by age,All People Aged 16 to 74 in Employment the Week Before the Census,Persons
ST033NI,ST033,Standard Tables Table 33,Gender and occupation by age,ST033: Gender and occupation by age,All People Aged 16 to 74 in Employment the Week Before the Census,Persons
ST033EW,ST033,"2001 Census Standard Tables Table 33",Sex and Occupation by Age,ST033: Sex and Occupation by Age,All People Aged 16 to 74 in Employment the Week Before the Census,Persons
ST034S,ST034,Standard Tables Table 34,Gender and former occupation by age,ST034: Gender and former occupation by age,All People Aged 16 to 64 Not in Employment the Week Before the Census,Persons
ST034NI,ST034,Standard Tables Table 34,Gender and former occupation by age,ST034: Gender and former occupation by age,All People Aged 16 to 64 Not in Employment the Week Before the Census,Persons
ST034EW,ST034,"2001 Census Standard Tables Table 34",Sex and Former Occupation by Age,ST034: Sex and Former Occupation by Age,All People Aged 16 to 64 Not in Employment the Week Before the Census,Persons
ST035S,ST035,Standard Tables Table 35,Gender and occupation by employment status and hours worked,ST035: Gender and occupation by employment status and hours worked,All People Aged 16 to 74 in Employment the Week Before the Census,Persons
ST035NI,ST035,Standard Tables Table 35,Gender and occupation by employment status and hours worked,ST035: Gender and occupation by employment status and hours worked,All People Aged 16 to 74 in Employment the Week Before the Census,Persons
ST035EW,ST035,"2001 Census Standard Tables Table 35",Sex and Occupation by Employment Status and Hours Worked,ST035: Sex and Occupation by Employment Status and Hours Worked,All People Aged 16 to 74 in Employment the Week Before the Census,Persons
ST036S,ST036,Standard Tables Table 36,Gender and industry by age,ST036: Gender and industry by age,All People Aged 16 to 74 in Employment the Week Before the Census,Persons
ST036NI,ST036,Standard Tables Table 36,Gender and industry by age,ST036: Gender and industry by age,All People Aged 16 to 74 in Employment the Week Before the Census,Persons
ST036EW,ST036,"2001 Census Standard Tables Table 36",Sex and Industry by Age,ST036: Sex and Industry by Age,All People Aged 16 to 74 in Employment the Week Before the Census,Persons
ST037S,ST037,Standard Tables Table 37,Gender and former industry by age,ST037: Gender and former industry by age,All People Aged 16 to 64 Not in Employment the Week Before the Census,Persons
ST037NI,ST037,Standard Tables Table 37,Gender and former industry by age,ST037: Gender and former industry by age,All People Aged 16 to 64 Not in Employment the Week Before the Census,Persons
ST037EW,ST037,"2001 Census Standard Tables Table 37",Sex and Former Industry by Age,ST037: Sex and Former Industry by Age,All People Aged 16 to 64 Not in Employment the Week Before the Census,Persons
ST038S,ST038,Standard Tables Table 38,Gender and industry by employment status and hours worked,ST038: Gender and industry by employment status and hours worked,All People Aged 16 to 74 in Employment the Week Before the Census,Persons
ST038NI,ST038,Standard Tables Table 38,Gender and industry by employment status and hours worked,ST038: Gender and industry by employment status and hours worked,All People Aged 16 to 74 in Employment the Week Before the Census,Persons
ST038EW,ST038,"2001 Census Standard Tables Table 38",Sex and Industry by Employment Status and Hours Worked,ST038: Sex and Industry by Employment Status and Hours Worked,All People Aged 16 to 74 in Employment the Week Before the Census,Persons
ST039S,ST039,Standard Tables Table 39,Occupation by industry,ST039: Occupation by industry,All People Aged 16 to 74 in Employment the Week Before the Census,Persons
ST039NI,ST039,Standard Tables Table 39,Occupation by industry,ST039: Occupation by industry,All People Aged 16 to 74 in Employment the Week Before the Census,Persons
ST039EW,ST039,"2001 Census Standard Tables Table 39",Occupation by Industry,ST039: Occupation by Industry,All People Aged 16 to 74 in Employment the Week Before the Census,Persons
ST040S,ST040,Standard Tables Table 40,Gender and occupation by hours worked,ST040: Gender and occupation by hours worked,All People Aged 16 to 74 in Employment the Week Before the Census,Persons
ST040NI,ST040,Standard Tables Table 40,Gender and occupation by hours worked,ST040: Gender and occupation by hours worked,All People Aged 16 to 74 in Employment the Week Before the Census,Persons
ST040EW,ST040,"2001 Census Standard Tables Table 40",Sex and Occupation by Hours Worked,ST040: Sex and Occupation by Hours Worked,All People Aged 16 to 74 in Employment the Week Before the Census,Persons
ST041S,ST041,Standard Tables Table 41,Gender and economic activity and time since last worked by age,ST041: Gender and economic activity and time since last worked by age,All People Aged 16 to 74,Persons
ST041NI,ST041,Standard Tables Table 41,Gender and economic activity and time since last worked by age,ST041: Gender and economic activity and time since last worked by age,All People Aged 16 to 74,Persons
ST041EW,ST041,"2001 Census Standard Tables Table 41",Sex and Economic Activity and Year Last Worked by Age,ST041: Sex and Economic Activity and Year Last Worked by Age,All People Aged 16 to 74,Persons
ST042S,ST042,Standard Tables Table 42,Gender and NS-SeC by age,ST042: Gender and NS-SeC by age,All People Aged 16 to 74,Persons
ST042NI,ST042,Standard Tables Table 42,Gender and NS-SeC by age,ST042: Gender and NS-SeC by age,All People Aged 16 to 74,Persons
ST042EW,ST042,"2001 Census Standard Tables Table 42",Sex and National Statistics Socio-economic Classification (NS-SeC) by Age,ST042: Sex and National Statistics Socio-economic Classification (NS-SeC) by Age,All People Aged 16 to 74,Persons
ST043S,ST043,Standard Tables Table 43,Gender and NS-SeC by economic activity,ST043: Gender and NS-SeC by economic activity,All People Aged 16 to 74,Persons
ST043NI,ST043,Standard Tables Table 43,Gender and NS-SeC by economic activity,ST043: Gender and NS-SeC by economic activity,All People Aged 16 to 74,Persons
ST043EW,ST043,"2001 Census Standard Tables Table 43",Sex and National Statistics Socio-economic Classification (NS-SeC) by Economic Activity,ST043: Sex and National Statistics Socio-economic Classification (NS-SeC) by Economic Activity,All People Aged 16 to 74,Persons
ST044S,ST044,Standard Tables Table 44,Gender and NS-SeC of Household Reference Person (HRP) by household composition,ST044: Gender and NS-SeC of Household Reference Person (HRP) by household composition,All Household Reference Persons Aged 16 to 74,Persons
ST044NI,ST044,Standard Tables Table 44,Gender and NS-SeC of Household Reference Person (HRP) by household composition,ST044: Gender and NS-SeC of Household Reference Person (HRP) by household composition,All Household Reference Persons Aged 16 to 74,Persons
ST044EW,ST044,"2001 Census Standard Tables Table 44",Sex and National Statistics Socio-economic Classification (NS-SeC) of Household Reference Person (HRP) by Household Composition,ST044: Sex and National Statistics Socio-economic Classification (NS-SeC) of Household Reference Person (HRP) by Household Composition,All Household Reference Persons Aged 16 to 74,Persons
ST045S,ST045,Standard Tables Table 45,Gender and NS-SeC of Household Reference Person (HRP) by age (of HRP),ST045: Gender and NS-SeC of Household Reference Person (HRP) by age (of HRP),All Household Reference Persons Aged 16 to 74,Persons
ST045NI,ST045,Standard Tables Table 45,Gender and NS-SeC of Household Reference Person (HRP) by age (of HRP),ST045: Gender and NS-SeC of Household Reference Person (HRP) by age (of HRP),All Household Reference Persons Aged 16 to 74,Persons
ST045EW,ST045,"2001 Census Standard Tables Table 45",Sex and National Statistics Socio-economic Classification (NS-SeC) of Household Reference Person (HRP) by Age (of HRP),ST045: Sex and National Statistics Socio-economic Classification (NS-SeC) of Household Reference Person (HRP) by Age (of HRP),All Household Reference Persons Aged 16 to 74,Persons
ST046S,ST046,Standard Tables Table 46,Gender and NS-SeC of Household Reference Person (HRP) by tenure,ST046: Gender and NS-SeC of Household Reference Person (HRP) by tenure,All Household Reference Persons Aged 16 to 74,Persons
ST046NI,ST046,Standard Tables Table 46,Gender and NS-SeC of Household Reference Person (HRP) by tenure,ST046: Gender and NS-SeC of Household Reference Person (HRP) by tenure,All Household Reference Persons Aged 16 to 74,Persons
ST046EW,ST046,"2001 Census Standard Tables Table 46",Sex and National Statistics Socio-economic Classification (NS-SeC) of Household Reference Person (HRP) by Tenure,ST046: Sex and National Statistics Socio-economic Classification (NS-SeC) of Household Reference Person (HRP) by Tenure,All Household Reference Persons Aged 16 to 74,Persons
ST047S,ST047,Standard Tables Table 47,NS-SeC by tenure,ST047: NS-SeC by tenure,All People in Households Aged 16 to 74,Persons
ST047NI,ST047,Standard Tables Table 47,NS-SeC by tenure,ST047: NS-SeC by tenure,All People in Households Aged 16 to 74,Persons
ST047EW,ST047,"2001 Census Standard Tables Table 47",National Statistics Socio-economic Classification (NS-SeC) by Tenure,ST047: National Statistics Socio-economic Classification (NS-SeC) by Tenure,All People in Households Aged 16 to 74,People
ST048S,ST048,Standard Tables Table 48,Dwelling type and accommodation type by household space type,ST048: Dwelling type and accommodation type by household space type,"All Household Spaces, All Dwellings",Household Spaces
ST048NI,ST048,Standard Tables Table 48,Dwelling type and accommodation type by household space type,ST048: Dwelling type and accommodation type by household space type,"All Household Spaces, All Dwellings",Household Spaces
ST048EW,ST048,"2001 Census Standard Tables Table 48",Dwelling Type and Accommodation Type by Household Space Type,ST048: Dwelling Type and Accommodation Type by Household Space Type,All Household Spaces; All Dwellings,Household Spaces
ST049S,ST049,Standard Tables Table 49,Dwelling type and accommodation type by tenure (households and dwellings),ST049: Dwelling type and accommodation type by tenure (households and dwellings),All Occupied Household Spaces; All Occupied Dwellings,Household Spaces
ST049NI,ST049,Standard Tables Table 49,Dwelling type and accommodation type by tenure (households and dwellings),ST049: Dwelling type and accommodation type by tenure (households and dwellings),All Occupied Household Spaces; All Occupied Dwellings,Household Spaces
ST049EW,ST049,"2001 Census Standard Tables Table 49",Dwelling Type and Accommodation Type by Tenure (Households and Dwellings),ST049: Dwelling Type and Accommodation Type by Tenure (Households and Dwellings),All Occupied Household Spaces; All Occupied Dwellings,Household Spaces
ST050S,ST050,Standard Tables Table 50,Dwelling type and accommodation type by tenure (people),ST050: Dwelling type and accommodation type by tenure (people),All People in Households Aged 16 to 74,Persons
ST050NI,ST050,Standard Tables Table 50,Dwelling type and accommodation type by tenure (people),ST050: Dwelling type and accommodation type by tenure (people),All People in Households Aged 16 to 74,Persons
ST050EW,ST050,"2001 Census Standard Tables Table 50",Dwelling Type and Accommodation Type by Tenure,ST050: Dwelling Type and Accommodation Type by Tenure,All People in Households,Persons
ST051S,ST051,Standard Tables Table 51,Tenure and household size by number of rooms,ST051: Tenure and household size by number of rooms,All Households,Households
ST051NI,ST051,Standard Tables Table 51,Tenure and household size by number of rooms,ST051: Tenure and household size by number of rooms,All Households,Households
ST051EW,ST051,"2001 Census Standard Tables Table 51",Tenure and Household Size by Number of Rooms,ST051: Tenure and Household Size by Number of Rooms,All Households,Households
ST052S,ST052,Standard Tables Table 52,Tenure and persons per room by  accommodation type,ST052: Tenure and persons per room by  accommodation type,All Households,Households
ST052NI,ST052,Standard Tables Table 52,Tenure and persons per room by  accommodation type,ST052: Tenure and persons per room by  accommodation type,All Households,Households
ST052EW,ST052,"2001 Census Standard Tables Table 52",Tenure and Persons per Room by Accommodation Type,ST052: Tenure and Persons per Room by Accommodation Type,All Households,Households
ST053S,ST053,Standard Tables Table 53,Household composition by tenure and occupancy rating,ST053: Household composition by tenure and occupancy rating,All Households,Households
ST053NI,ST053,Standard Tables Table 53,Household composition by tenure and occupancy rating,ST053: Household composition by tenure and occupancy rating,All Households,Households
ST053EW,ST053,"2001 Census Standard Tables Table 53",Household Composition by Tenure and Occupancy Rating,ST053: Household Composition by Tenure and Occupancy Rating,All Households,Households
ST054S,ST054,Standard Tables Table 54,Shared/unshared dwelling and central heating and occupancy rating by age,ST054: Shared/unshared dwelling and central heating and occupancy rating by age,All People in Households,Persons
ST054NI,ST054,Standard Tables Table 54,Shared/unshared dwelling and central heating and occupancy rating by age,ST054: Shared/unshared dwelling and central heating and occupancy rating by age,All People in Households,Persons
ST054EW,ST054,"2001 Census Standard Tables Table 54",Shared/Unshared Dwelling and Central Heating and Occupancy Rating by Age,ST054: Shared/Unshared Dwelling and Central Heating and Occupancy Rating by Age,All People in Households,Persons
ST055S,ST055,Standard Tables Table 55,Dwelling type and accommodation type and central heating by tenure,ST055: Dwelling type and accommodation type and central heating by tenure,All Households,Households
ST055NI,ST055,Standard Tables Table 55,Dwelling type and accommodation type and central heating by tenure,ST055: Dwelling type and accommodation type and central heating by tenure,All Households,Households
ST055EW,ST055,"2001 Census Standard Tables Table 55",Dwelling Type and Accommodation Type and Central Heating by Tenure,ST055: Dwelling Type and Accommodation Type and Central Heating by Tenure,All Households,Households
ST056S,ST056,Standard Tables Table 56,Tenure and amenities by household composition,ST056: Tenure and amenities by household composition,All Households,Households
ST056NI,ST056,Standard Tables Table 56,Tenure and amenities by household composition,ST056: Tenure and amenities by household composition,All Households,Households
ST056EW,ST056,"2001 Census Standard Tables Table 56",Tenure and Amenities by Household Composition,ST056: Tenure and Amenities by Household Composition,All Households,Households
ST057S,ST057,Standard Tables Table 57,Tenure and lowest floor level by household  composition,ST057: Tenure and lowest floor level by household  composition,All Households,Households
ST057NI,ST057,Standard Tables Table 57,Tenure and lowest floor level by household  composition,ST057: Tenure and lowest floor level by household  composition,All Households,Households
ST057EW,ST057,"2001 Census Standard Tables Table 57",Tenure and Lowest Floor Level by Household Composition,ST057: Tenure and Lowest Floor Level by Household Composition,All Households,Households
ST058S,ST058,Standard Tables Table 58,Households in a shared dwelling and amenities and household size by central heating and number of rooms,ST058: Households in a shared dwelling and amenities and household size by central heating and number of rooms,All Households in a Shared Dwelling,Households
ST058NI,ST058,Standard Tables Table 58,Households in a shared dwelling and amenities and household size by central heating and number of rooms,ST058: Households in a shared dwelling and amenities and household size by central heating and number of rooms,All Households in a Shared Dwelling,Households
ST058EW,ST058,"2001 Census Standard Tables Table 58",Households in a Shared Dwelling and Amenities and Household Size by Central Heating and Number of Rooms,ST058: Households in a Shared Dwelling and Amenities and Household Size by Central Heating and Number of Rooms,All Households in a Shared Dwelling,Households
ST059S,ST059,Standard Tables Table 59,Accommodation type and car or van availability by number of people aged 17 or over in the household,ST059: Accommodation type and car or van availability by number of people aged 17 or over in the household,All Households,Households
ST059NI,ST059,Standard Tables Table 59,Accommodation type and car or van availability by number of people aged 17 or over in the household,ST059: Accommodation type and car or van availability by number of people aged 17 or over in the household,All Households,Households
ST059EW,ST059,"2001 Census Standard Tables Table 59",Accommodation Type and Car or Van Availability by Number of Persons Aged 17 or over in the Household,ST059: Accommodation Type and Car or Van Availability by Number of Persons Aged 17 or over in the Household,All Households,Households
ST060S,ST060,Standard Tables Table 60,Tenure and car or van availability by number of people aged 17 or over in the household,ST060: Tenure and car or van availability by number of people aged 17 or over in the household,All Households,Households
ST060NI,ST060,Standard Tables Table 60,Tenure and car or van availability by number of people aged 17 or over in the household,ST060: Tenure and car or van availability by number of people aged 17 or over in the household,All Households,Households
ST060EW,ST060,"2001 Census Standard Tables Table 60",Tenure and Car or Van Availability by Number of Persons Aged 17 or over in the Household,ST060: Tenure and Car or Van Availability by Number of Persons Aged 17 or over in the Household,All Households,Households
ST061S,ST061,Standard Tables Table 61,Tenure and car or van availability by economic activity,ST061: Tenure and car or van availability by economic activity,All People in Households Aged 16 to 74,Persons
ST061NI,ST061,Standard Tables Table 61,Tenure and car or van availability by economic activity,ST061: Tenure and car or van availability by economic activity,All People in Households Aged 16 to 74,Persons
ST061EW,ST061,"2001 Census Standard Tables Table 61",Tenure and Car or Van Availability by Economic Activity,ST061: Tenure and Car or Van Availability by Economic Activity,All People in Households Aged 16 to 74,Persons
ST062S,ST062,Standard Tables Table 62,Household composition by number of cars or vans available,ST062: Household composition by number of cars or vans available,All Households,Households
ST062NI,ST062,Standard Tables Table 62,Household composition by number of cars or vans available,ST062: Household composition by number of cars or vans available,All Households,Households
ST062EW,ST062,"2001 Census Standard Tables Table 62",Household Composition by Number of Cars or Vans Available,ST062: Household Composition by Number of Cars or Vans Available,All Households,Households
ST063S,ST063,Standard Tables Table 63,Economic activity and age of full-time students by household type and tenure,ST063: Economic activity and age of full-time students by household type and tenure,All Full-Time Students and Schoolchildren at Their Term-Time Address,"Persons; Schoolchildren, Students"
ST063NI,ST063,Standard Tables Table 63,Economic activity and age of full-time students by household type and tenure,ST063: Economic activity and age of full-time students by household type and tenure,All Full-Time Students and Schoolchildren at Their Term-Time Address,"Persons; Schoolchildren, Students"
ST063EW,ST063,"2001 Census Standard Tables Table 63",Economic Activity and Age of Full-Time Students by Household Type and Tenure,ST063: Economic Activity and Age of Full-Time Students by Household Type and Tenure,All Full-Time Students and Schoolchildren at Their Term-Time Address,"Persons; Schoolchildren, Students"
ST064S,ST064,Standard Tables Table 64,NS-SeC of Household Reference Person (HRP) by households with full-time students away from home and age of student,ST064: NS-SeC of Household Reference Person (HRP) by households with full-time students away from home and age of student,All Households With Students and Schoolchildren in Full-Time Education Who Would Reside in the Area Were They Not Living Away from Home During Term-Time,Households
ST064NI,ST064,Standard Tables Table 64,NS-SeC of Household Reference Person (HRP) by households with full-time students away from home and age of student,ST064: NS-SeC of Household Reference Person (HRP) by households with full-time students away from home and age of student,All Households With Students and Schoolchildren in Full-Time Education Who Would Reside in the Area Were They Not Living Away from Home During Term-Time,Households
ST064EW,ST064,"2001 Census Standard Tables Table 64",National Statistics Socio-economic Classification (NS-SeC) of Household Reference Person (HRP) by Households With Full-Time Students and Schoolchildren Away From Home and Age of Student,ST064: National Statistics Socio-economic Classification (NS-SeC) of Household Reference Person (HRP) by Households With Full-Time Students and Schoolchildren Away From Home and Age of Student,All Households with Students and Schoolchildren in Full-Time Education Who Would Reside in the Area Were They Not Living Away from Home During Term-Time,Households
ST065S,ST065,Standard Tables Table 65,Gender and age by general health and limiting long-term  illness,ST065: Gender and age by general health and limiting long-term  illness,All People Resident in Communal Establishments (Excluding Staff and Their Families),Persons
ST065NI,ST065,Standard Tables Table 65,Gender and age by general health and limiting long-term illness,ST065: Gender and age by general health and limiting long-term illness,All People Resident in Communal Establishments (Excluding Staff and Their Families),Persons
ST065EW,ST065,"2001 Census Standard Tables Table 65",Sex and Age by General Health and Limiting Long-Term Illness (LLTI),ST065: Sex and Age by General Health and Limiting Long-Term Illness (LLTI),All People Resident in Communal Establishments (Excluding Staff and Their Families),Persons
ST066S,ST066,Standard Tables Table 66,Gender and approximated social grade by age,ST066: Gender and approximated social grade by age,All People Aged 16 and Over in Households,Persons
ST066NI,ST066,Standard Tables Table 66,Gender and approximated social grade by age,ST066: Gender and approximated social grade by age,All People Aged 16 and Over in Households,Persons
ST066EW,ST066,"2001 Census Standard Tables Table 66",Sex and Approximated Social Grade by Age,ST066: Sex and Approximated Social Grade by Age,All People Aged 16 and Over in Households,Persons
ST067S,ST067,Standard Tables Table 67,Age of household reference person (HRP) and dependent children by approximated social grade,ST067: Age of household reference person (HRP) and dependent children by approximated social grade,All Household Reference Persons,Persons
ST067NI,ST067,Standard Tables Table 67,Age of household reference person (HRP) and dependent children by approximated social grade,ST067: Age of household reference person (HRP) and dependent children by approximated social grade,All Household Reference Persons,Persons
ST067EW,ST067,"2001 Census Standard Tables Table 67",Age of Household Reference Person (HRP) and Dependent Children by Approximated Social Grade,ST067: Age of Household Reference Person (HRP) and Dependent Children by Approximated Social Grade,All Household Reference Persons,Persons
ST068S,ST068,Standard Tables Table 68,Age and Dependent Children by Household Type (Household Reference Persons),ST068: Age and Dependent Children by Household Type (Household Reference Persons),All Household Reference Persons,Persons
ST068EW,ST068,"2001 Census Standard Tables Table 68",Age and Dependent Children by Household Type (Household Reference Persons),ST068: Age and Dependent Children by Household Type (Household Reference Persons),All Household Reference Persons,Persons
ST101EW,ST101,"2001 Census Standard Tables Table 101",Sex and Age by Ethnic Group,ST101: Sex and Age by Ethnic Group,All People,Persons
ST102EW,ST102,"2001 Census Standard Tables Table 102",Sex and Country of Birth by Ethnic Group,ST102: Sex and Country of Birth by Ethnic Group,All People,Persons
ST103EW,ST103,"2001 Census Standard Tables Table 103",Sex and Age by Religion,ST103: Sex and Age by Religion,All People,Persons
ST104EW,ST104,"2001 Census Standard Tables Table 104",Ethnic Group by Religion,ST104: Ethnic Group by Religion,All People,Persons
ST105EW,ST105,"2001 Census Standard Tables Table 105",Sex and Age by Highest Level of Qualification,ST105: Sex and Age by Highest Level of Qualification,All People Aged 16 to 74,Persons
ST106EW,ST106,"2001 Census Standard Tables Table 106",Household Composition by Ethnic Group of Household Reference Person (HRP),ST106: Household Composition by Ethnic Group of Household Reference Person (HRP),All Households,Households
ST107EW,ST107,"2001 Census Standard Tables Table 107",Sex and Age and Limiting Long-Term Illness (LLTI) and General Health by Ethnic Group,ST107: Sex and Age and Limiting Long-Term Illness (LLTI) and General Health by Ethnic Group,All People,Persons
ST108EW,ST108,"2001 Census Standard Tables Table 108",Sex and Age and Economic Activity by Ethnic Group,ST108: Sex and Age and Economic Activity by Ethnic Group,All People Aged 16 to 74,Persons
ST109EW,ST109,"2001 Census Standard Tables Table 109",Sex and Occupation by Ethnic Group,ST109: Sex and Occupation by Ethnic Group,All People Aged 16 to 74 in Employment the Week Before the Census,Persons
ST110EW,ST110,"2001 Census Standard Tables Table 110",Sex and Industry by Ethnic Group,ST110: Sex and Industry by Ethnic Group,All People Aged 16 to 74 in Employment the Week Before the Census,Persons
ST111EW,ST111,"2001 Census Standard Tables Table 111",Tenure and Number of Cars or Vans by Ethnic Group of Household Reference Person (HRP),ST111: Tenure and Number of Cars or Vans by Ethnic Group of Household Reference Person (HRP),All Households,Households
ST112EW,ST112,"2001 Census Standard Tables Table 112",Sex and National Statistics Socio-economic Classification (NS-SeC) by Ethnic Group,ST112: Sex and National Statistics Socio-economic Classification (NS-SeC) by Ethnic Group,All People Aged 16 to 74,Persons
ST113EW,ST113,"2001 Census Standard Tables Table 113",Sex and Occupation by Highest Level of Qualification,ST113: Sex and Occupation by Highest Level of Qualification,All People Aged 16 to 74,Persons
ST114EW,ST114,"2001 Census Standard Tables Table 114",Sex and National Statistics Socio-economic Classification (NS-SeC) by Highest Level of Qualification,ST114: Sex and National Statistics Socio-economic Classification (NS-SeC) by Highest Level of Qualification,All People Aged 16 to 74,Persons
ST115EW,ST115,"2001 Census Standard Tables Table 115",Count of Qualifications by Sex,ST115: Count of Qualifications by Sex,All Types of Qualification Held by People Aged 16 to 74,Qualifications
ST116EW,ST116,"2001 Census Standard Tables Table 116",Employment Activity and Sex and Professional Qualification by Occupation,ST116: Employment Activity and Sex and Professional Qualification by Occupation,All Professional Qualifications Held by People Aged 16 to 74,Qualifications; Professional
ST117EW,ST117,"2001 Census Standard Tables Table 117",Age and Highest Level of Qualification by Ethnic Group,ST117: Age and Highest Level of Qualification by Ethnic Group,All People Aged 16 to 74,Persons
ST118NI,ST118,Standard Tables Table 118,Number of Employed Persons and Method of Travel to Work by Number of Cars or Vans in Household,ST118: Number of Employed Persons and Method of Travel to Work by Number of Cars or Vans in Household,All Households with at Least One Person Working in the Week Before the Census,Households
ST118EW,ST118,"2001 Census Standard Tables Table 118",Number of Employed Persons and Method of Travel to Work by Number of Cars or Vans in Household,ST118: Number of Employed Persons and Method of Travel to Work by Number of Cars or Vans in Household,All Households with at Least One Person Working in the Week Before the Census,Households
ST119EW,ST119,"2001 Census Standard Tables Table 119",Sex and Age by Method of Travel to Work,ST119: Sex and Age by Method of Travel to Work,All People Aged 16 to 74 Working in the Week Before the Census,Persons
ST120EW,ST120,"2001 Census Standard Tables Table 120",Sex and Age by Distance Travelled to Work ,ST120: Sex and Age by Distance Travelled to Work ,All People Aged 16 to 74,Persons
ST121EW,ST121,"2001 Census Standard Tables Table 121",Sex and Distance Travelled to Work by Method of Travel to Work ,ST121: Sex and Distance Travelled to Work by Method of Travel to Work ,All People Aged 16 to 74,Persons
ST122EW,ST122,"2001 Census Standard Tables Table 122",Sex and National Statistics Socio-economic Classification (NS-SeC) by Method of Travel to Work,ST122: Sex and National Statistics Socio-economic Classification (NS-SeC) by Method of Travel to Work,All People Aged 16 to 74 Working in the Week Before the Census,Persons
ST123EW,ST123,"2001 Census Standard Tables Table 123",Shared/Unshared Dwelling and Central Heating and Occupancy Rating by Ethnic Group of Household Reference Person (HRP),ST123: Shared/Unshared Dwelling and Central Heating and Occupancy Rating by Ethnic Group of Household Reference Person (HRP),All People in Households,Persons
ST124EW,ST124,"2001 Census Standard Tables Table 124",Shared/Unshared Dwelling and Central Heating and Occupancy Rating by Ethnic Group of Household Reference Person (HRP),ST124: Shared/Unshared Dwelling and Central Heating and Occupancy Rating by Ethnic Group of Household Reference Person (HRP),All Households,Persons
ST125EW,ST125,"2001 Census Standard Tables Table 125",Sex and Type of Communal Establishment by Resident Type and Ethnic Group,ST125: Sex and Type of Communal Establishment by Resident Type and Ethnic Group,All People Resident in Communal Establishments,Persons
ST126EW,ST126,"2001 Census Standard Tables Table 126",Type of Communal Establishment and Sex by Resident Type and Age,ST126: Type of Communal Establishment and Sex by Resident Type and Age,All People in Communal Establishments,Persons
ST127EW,ST127,"2001 Census Standard Tables Table 127",Type of Communal Establishment by Resident Type and Whether or not Resident One Year Ago,ST127: Type of Communal Establishment by Resident Type and Whether or not Resident One Year Ago,All People Resident in Communal Establishments,Persons
ST128EW,ST128,"2001 Census Standard Tables Table 128",Residents (Non-Staff) in Communal Establishments and Sex and Limiting Long-Term Illness (LLTI) and Type of Communal Establishment by Age,ST128: Residents (Non-Staff) in Communal Establishments and Sex and Limiting Long-Term Illness (LLTI) and Type of Communal Establishment by Age,All Communal Establishment Residents (Excluding Staff and Their Families),Persons
ST129EW,ST129,"2001 Census Standard Tables Table 129",Sex and Distance Travelled to Work by Method of Travel to Work (Workplace Population),ST129: Sex and Distance Travelled to Work by Method of Travel to Work (Workplace Population),All People Aged 16 to 74,Persons
ST130EW,ST130,"2001 Census Standard Tables Table 130",Sex and Industry by Distance Travelled to Work (Workplace Population),ST130: Sex and Industry by Distance Travelled to Work (Workplace Population),All People Aged 16 to 74,Persons
ST131EW,ST131,"2001 Census Standard Tables Table 131",Sex and Industry by Highest Level of Qualification (Workplace Population),ST131: Sex and Industry by Highest Level of Qualification (Workplace Population),All People Aged 16 to 74,Persons
ST132EW,ST132,"2001 Census Standard Tables Table 132",Sex and Industry by Occupation (Workplace Population),ST132: Sex and Industry by Occupation (Workplace Population),All People Aged 16 to 74,Persons
ST133W,ST133,"2001 Census Standard Tables Table 133",Sex and Age by Country of Birth and Knowledge of Welsh,ST133: Sex and Age by Country of Birth and Knowledge of Welsh,All People in Wales Aged 3 and Over,Persons
ST134W,ST134,"2001 Census Standard Tables Table 134",Sex and Knowledge of Welsh and Age by Migration within Wales,ST134: Sex and Knowledge of Welsh and Age by Migration within Wales,All People,Persons
ST135W,ST135,"2001 Census Standard Tables Table 135",Migration of Welsh Speaking Households within Wales by Age of Household Reference Person (HRP) and Presence of Dependent Children,ST135: Migration of Welsh Speaking Households within Wales by Age of Household Reference Person (HRP) and Presence of Dependent Children,All People,Persons
ST136W,ST136,"2001 Census Standard Tables Table 136",Age of Household Reference Person (HRP) and Tenure by Knowledge of Welsh,ST136: Age of Household Reference Person (HRP) and Tenure by Knowledge of Welsh,All Households,Households
ST137W,ST137,"2001 Census Standard Tables Table 137",Sex and Age and Limiting Long-Term Illness (LLTI) and General Health by Knowledge of Welsh,ST137: Sex and Age and Limiting Long-Term Illness (LLTI) and General Health by Knowledge of Welsh,All People Aged 3 and Over,Persons
ST138W,ST138,"2001 Census Standard Tables Table 138",Sex and Occupation by Knowledge of Welsh,ST138: Sex and Occupation by Knowledge of Welsh,All People Aged 16 to 74 in Employment the Week Before the Census,Persons
ST139W,ST139,"2001 Census Standard Tables Table 139",Welsh Speakers and Economic Activity and Year Last Worked by Age,ST139: Welsh Speakers and Economic Activity and Year Last Worked by Age,All People Aged 16 to 74,Persons
ST140W,ST140,"2001 Census Standard Tables Table 140",Sex and Industry by Knowledge of Welsh,ST140: Sex and Industry by Knowledge of Welsh,All People Aged 16 to 74 in Employment the Week Before the Census,Persons
ST141W,ST141,"2001 Census Standard Tables Table 141",Sex and National Statistics Socio-economic Classification (NS-SeC) by Knowledge of Welsh,ST141: Sex and National Statistics Socio-economic Classification (NS-SeC) by Knowledge of Welsh,All People in Wales Aged 16 to 74,Persons
ST142W,ST142,"2001 Census Standard Tables Table 142",Age and Highest Level of Qualification by Knowledge of Welsh,ST142: Age and Highest Level of Qualification by Knowledge of Welsh,All People Aged 16 to 74,Persons
ST143W,ST143,"2001 Census Standard Tables Table 143",Children Speaking Welsh in Welsh-Speaking Households,ST143: Children Speaking Welsh in Welsh-Speaking Households,All Dependent Children Aged 3 and Over in Households,Persons; Children
ST144W,ST144,"2001 Census Standard Tables Table 144",Welsh-Speaking Adults in Households by Age of Youngest Dependent Child,ST144: Welsh-Speaking Adults in Households by Age of Youngest Dependent Child,All Households,Households
ST145W,ST145,"2001 Census Standard Tables Table 145",Type of Communal Establishment by Knowledge of Welsh,ST145: Type of Communal Establishment by Knowledge of Welsh,All People in Communal Establishments Aged 3 and Over,Persons
ST146W,ST146,"2001 Census Standard Tables Table 146",Sex and Ability to Speak Welsh and Age by Migration within Wales,ST146: Sex and Ability to Speak Welsh and Age by Migration within Wales,All People,Persons
ST147W,ST147,"2001 Census Standard Tables Table 147",Age of Household Reference Person (HRP) and Tenure by Knowledge of Welsh of Household Reference Person (HRP),ST147: Age of Household Reference Person (HRP) and Tenure by Knowledge of Welsh of Household Reference Person (HRP),All Households,Households
ST148W,ST148,"2001 Census Standard Tables Table 148",Type of Communal Establishment by Knowledge of Welsh,ST148: Type of Communal Establishment by Knowledge of Welsh,All People in Communal Establishments Aged 3 and Over,Persons
ST149EW,ST149,"2001 Census Standard Tables Table 149",Sex and Age by Religion,ST149: Sex and Age by Religion,All People,Persons
ST150EW,ST150,"2001 Census Standard Tables Table 150",Sex and Country of Birth by Religion,ST150: Sex and Country of Birth by Religion,All People,Persons
ST151EW,ST151,"2001 Census Standard Tables Table 151",Household Composition by Religion of Household Reference Person (HRP),ST151: Household Composition by Religion of Household Reference Person (HRP),All Households,Households
ST152EW,ST152,"2001 Census Standard Tables Table 152",Sex and Age and Limiting Long-Term Illness (LLTI) and General Health by Religion,ST152: Sex and Age and Limiting Long-Term Illness (LLTI) and General Health by Religion,All People,Persons
ST153EW,ST153,"2001 Census Standard Tables Table 153",Sex and Age and Economic Activity by Religion,ST153: Sex and Age and Economic Activity by Religion,All People Aged 16 to 74,Persons
ST154EW,ST154,"2001 Census Standard Tables Table 154",Sex and Occupation by Religion,ST154: Sex and Occupation by Religion,All People Aged 16 to 74 in Employment the Week Before the Census,Persons
ST155EW,ST155,"2001 Census Standard Tables Table 155",Sex and Industry by Religion,ST155: Sex and Industry by Religion,All People Aged 16 to 74 in Employment the Week Before the Census,Persons
ST156EW,ST156,"2001 Census Standard Tables Table 156",Tenure and Number of Cars or Vans by Religion of Household Reference Person (HRP),ST156: Tenure and Number of Cars or Vans by Religion of Household Reference Person (HRP),All Households,Households
ST157EW,ST157,"2001 Census Standard Tables Table 157",Sex and National Statistics Socio-economic Classification (NS-SeC) by Religion,ST157: Sex and National Statistics Socio-economic Classification (NS-SeC) by Religion,All People Aged 16 to 74,Persons
ST158EW,ST158,"2001 Census Standard Tables Table 158",Age and Highest Level of Qualification by Religion,ST158: Age and Highest Level of Qualification by Religion,All People Aged 16 to 74,Persons
ST159EW,ST159,"2001 Census Standard Tables Table 159",Shared/Unshared Dwelling and Central Heating and Occupancy Rating by Religion,ST159: Shared/Unshared Dwelling and Central Heating and Occupancy Rating by Religion,All People in Households,Persons
ST160EW,ST160,"2001 Census Standard Tables Table 160",Shared/Unshared Dwelling and Central Heating and Occupancy Rating by Religion of Household Reference Person (HRP),ST160: Shared/Unshared Dwelling and Central Heating and Occupancy Rating by Religion of Household Reference Person (HRP),All Households,Households
ST161EW,ST161,"2001 Census Standard Tables Table 161",Sex and Type of Communal Establishment by Resident Type and Religion,ST161: Sex and Type of Communal Establishment by Resident Type and Religion,All People Resident in Communal Establishments,Persons
ST201S,ST201,Standard Tables Table 201,Gender and age by ethnic group,ST201: Gender and age by ethnic group,All People,Persons
ST202S,ST202,Standard Tables Table 202,Gender and country of birth by ethnic group,ST202: Gender and country of birth by ethnic group,All People,Persons
ST203S,ST203,Standard Tables Table 203,Current religion by gender,ST203: Current religion by gender,All People,Persons
ST204S,ST204,Standard Tables Table 204,Gender and age by highest level of qualifications,ST204: Gender and age by highest level of qualifications,All People Aged 16 to 74,Persons
ST205S,ST205,Standard Tables Table 205,Household composition by ethnic group of Household Reference Person (HRP),ST205: Household composition by ethnic group of Household Reference Person (HRP),All Households,Households
ST206S,ST206,Standard Tables Table 206,Gender and age and whether born in Scotland by knowledge of Gaelic,ST206: Gender and age and whether born in Scotland by knowledge of Gaelic,All People,Persons
ST207S,ST207,Standard Tables Table 207,Gender and age and limiting long-term illness and general health by ethnic group,ST207: Gender and age and limiting long-term illness and general health by ethnic group,All People,Persons
ST208S,ST208,Standard Tables Table 208,Gender and age and economic activity by ethnic group,ST208: Gender and age and economic activity by ethnic group,All People Aged 16 to 74,Persons
ST209S,ST209,Standard Tables Table 209,Occupation by ethnic group,ST209: Occupation by ethnic group,All People Aged 16 to 74 in Employment the Week Before the Census,Persons
ST210S,ST210,Standard Tables Table 210,Households with a person with a LLTI and their age by  number of carers in household and economic activity,ST210: Households with a person with a LLTI and their age by  number of carers in household and economic activity,All Households,Households
ST211S,ST211,Standard Tables Table 211,Gender and industry by ethnic group,ST211: Gender and industry by ethnic group,All People Aged 16 to 74 in Employment the Week Before the Census,Persons
ST212S,ST212,Standard Tables Table 212,Tenure and number of cars or vans by ethnic group of Household Reference Person (HRP),ST212: Tenure and number of cars or vans by ethnic group of Household Reference Person (HRP),All Households,Households
ST213S,ST213,Standard Tables Table 213,Gender and NS-SeC by ethnic group,ST213: Gender and NS-SeC by ethnic group,All People Aged 16 to 74,Persons
ST214S,ST214,Standard Tables Table 214,Gender and occupation by highest level of qualifications,ST214: Gender and occupation by highest level of qualifications,All People Aged 16 to 74 Years Working in the Week Before Census and All People Aged 16 to 64 Years Who Were Not Working in the Week Before Census But Who Last Worked in 1996 or Later,Persons
ST215S,ST215,Standard Tables Table 215,Gender and NS-SeC by highest level of qualifications,ST215: Gender and NS-SeC by highest level of qualifications,All People Aged 16 to 74,Persons
ST216S,ST216,Standard Tables Table 216,Age and highest level of qualifications by ethnic group,ST216: Age and highest level of qualifications by ethnic group,All People Aged 16 to 74,Persons
ST217S,ST217,Standard Tables Table 217,Number of persons working or studying and method of travel to work or place of study by number of cars or vans in households,ST217: Number of persons working or studying and method of travel to work or place of study by number of cars or vans in households,All Households With at Least One Person Working or Studying in the Week Before the Census,Households
ST218S,ST218,Standard Tables Table 218,Gender and age by method of travel to work or place of  study,ST218: Gender and age by method of travel to work or place of  study,All People,Persons
ST219S,ST219,Standard Tables Table 219,Age by method of travel to work or place of study,ST219: Age by method of travel to work or place of study,Full-Time Students Whether or Not in Employment and Part-Time Students Not in Employment,Persons; Students
ST220S,ST220,Standard Tables Table 220,Age by distance travelled to place of study,ST220: Age by distance travelled to place of study,Full-Time Students Whether or Not in Employment and Part-Time Students Not in Employment,Persons; Students
ST221S,ST221,Standard Tables Table 221,Gender and distance to place of study by method of travel,ST221: Gender and distance to place of study by method of travel,Full-Time Students Whether or Not in Employment and Part-Time Students Not in Employment,Persons; Students
ST222S,ST222,Standard Tables Table 222,Age by distance travelled to work or place of study,ST222: Age by distance travelled to work or place of study,All People,Persons
ST223S,ST223,Standard Tables Table 223,Gender and distance travelled to work or place of study by  method of travel,ST223: Gender and distance travelled to work or place of study by  method of travel,All People,Persons
ST224S,ST224,Standard Tables Table 224,Gender and NS-SeC by method of travel to work or place of  study,ST224: Gender and NS-SeC by method of travel to work or place of  study,All People Aged 16 - 74 in Employment Who Are Not Full-Time Students,Persons
ST225S,ST225,Standard Tables Table 225,Gender and NS-SeC by distance travelled to work or place  of study,ST225: Gender and NS-SeC by distance travelled to work or place  of study,All People Aged 16 - 74 in Employment Who Are Not Full-Time Students,Persons
ST226S,ST226,Standard Tables Table 226,Shared/unshared dwelling and central heating and  occupancy rating by ethnic group,ST226: Shared/unshared dwelling and central heating and  occupancy rating by ethnic group,All People in Households,Persons
ST227S,ST227,Standard Tables Table 227,Shared/unshared dwelling and central heating and occupancy rating by ethnic group of Household Reference Person (HRP),ST227: Shared/unshared dwelling and central heating and occupancy rating by ethnic group of Household Reference Person (HRP),All Households,Households
ST228S,ST228,Standard Tables Table 228,Gender and type of communal establishment by type of  resident and ethnic group,ST228: Gender and type of communal establishment by type of  resident and ethnic group,All People in Communal Establishments,Persons
ST229S,ST229,Standard Tables Table 229,Type of accommodation and tenure and whether furnished or unfurnished by age of student,ST229: Type of accommodation and tenure and whether furnished or unfurnished by age of student,All Full-Time Students at Their Term-Time Address,Persons; Students
ST230S,ST230,Standard Tables Table 230,Type of accommodation and tenure and whether rented  furnished and number of rooms by household size,ST230: Type of accommodation and tenure and whether rented  furnished and number of rooms by household size,All Households,Persons
ST231S,ST231,Standard Tables Table 231,Type of accommodation by tenure and whether furnished and central heating,ST231: Type of accommodation by tenure and whether furnished and central heating,All Households,Persons
ST232S,ST232,Standard Tables Table 232,Type of communal establishment and gender by resident type and age,ST232: Type of communal establishment and gender by resident type and age,All People in Communal Establishments,Persons
ST233S,ST233,Standard Tables Table 233,Type of communal establishment by type of resident and  whether or not resident one year ago,ST233: Type of communal establishment by type of resident and  whether or not resident one year ago,All People Who Are Resident in Communal Establishments,Persons
ST234S,ST234,Standard Tables Table 234,Residents (non-staff) in communal establishments and  gender and limiting long-term illness and type of communal establishment by age,ST234: Residents (non-staff) in communal establishments and  gender and limiting long-term illness and type of communal establishment by age,All Communal Establishment Residents (Excluding Staff and Their Families),Persons
ST235S,ST235,Standard Tables Table 235,Gender and age by ethnic group,ST235: Gender and age by ethnic group,All People,Persons
ST236S,ST236,Standard Tables Table 236,Gender and country of birth by ethnic group,ST236: Gender and country of birth by ethnic group,All People,Persons
ST237S,ST237,Standard Tables Table 237,Household composition by ethnic group of Household Reference Person (HRP),ST237: Household composition by ethnic group of Household Reference Person (HRP),All Households,Households
ST238S,ST238,Standard Tables Table 238,Gender and age and limiting long-term illness and general health by ethnic group,ST238: Gender and age and limiting long-term illness and general health by ethnic group,All People,Persons
ST239S,ST239,Standard Tables Table 239,Gender and age and economic activity by ethnic group,ST239: Gender and age and economic activity by ethnic group,All People Aged 16 to 74,Persons
ST240S,ST240,Standard Tables Table 240,Gender and occupation by ethnic group,ST240: Gender and occupation by ethnic group,All People Aged 16 to 74 in Employment the Week Before the Census,Persons
ST241S,ST241,Standard Tables Table 241,Gender and industry by ethnic group,ST241: Gender and industry by ethnic group,All People Aged 16 to 74 in Employment the Week Before the Census,Persons
ST242S,ST242,Standard Tables Table 242,Tenure and number of cars or vans by ethnic group of Household Reference Person (HRP),ST242: Tenure and number of cars or vans by ethnic group of Household Reference Person (HRP),All Households,Households
ST243S,ST243,Standard Tables Table 243,Gender and NS-SeC by ethnic group,ST243: Gender and NS-SeC by ethnic group,All People Aged 16 to 74 the Week Before the Census,Persons
ST244S,ST244,Standard Tables Table 244,Shared/unshared dwelling and central heating and occupancy rating by ethnic group,ST244: Shared/unshared dwelling and central heating and occupancy rating by ethnic group,All People in Households,Persons
ST245S,ST245,Standard Tables Table 245,Shared/unshared dwelling and central heating and occupancy rating by ethnic group of Household Reference Person (HRP),ST245: Shared/unshared dwelling and central heating and occupancy rating by ethnic group of Household Reference Person (HRP),All Households,Households
ST246S,ST246,Standard Tables Table 246,Gender and type of communal establishment by type of resident and ethnic group,ST246: Gender and type of communal establishment by type of resident and ethnic group,All People in Communal Establishments,Persons
ST247S,ST247,Standard Tables Table 247,Age and highest level of qualification by ethnic group,ST247: Age and highest level of qualification by ethnic group,All People Aged 16 to 74,Persons
ST248S,ST248,Standard Tables Table 248,Age of Household Reference Person by household composition (Scottish Household Survey Household Classification),ST248: Age of Household Reference Person by household composition (Scottish Household Survey Household Classification),All Households,Households
ST301NI,ST301,Standard Tables Table 301,Sex and Type of Communal Establishment by Type of Resident and Age,ST301: Sex and Type of Communal Establishment by Type of Resident and Age,All people in communal establishments,Persons
ST302NI,ST302,Standard Tables Table 302,Type of Communal Establishment by Type of Resident and Whether or not Resident One Year Ago,ST302: Type of Communal Establishment by Type of Resident and Whether or not Resident One Year Ago,All people resident in communal establishments,Persons
ST303NI,ST303,Standard Tables Table 303,Sex and Age by Ethnic Group,ST303: Sex and Age by Ethnic Group,All people,Persons
ST304NI,ST304,Standard Tables Table 304,Sex and Type of Communal Establishment by Ethnic Group,ST304: Sex and Type of Communal Establishment by Ethnic Group,All people resident in communal establishments,Persons
ST305NI,ST305,Standard Tables Table 305,Age by Sex and Community Background (Religion or Religion Brought up in ),ST305: Age by Sex and Community Background (Religion or Religion Brought up in ),All people,Persons
ST305aNI,ST305a,Standard Tables Table 305a,Age by Sex and Religion,ST305a: Age by Sex and Religion,All people,Persons
ST306NI,ST306,Standard Tables Table 306a,Age by Community Background (Religion or Religion Brought up in ),ST306: Age by Community Background (Religion or Religion Brought up in ),All people,Persons
ST306aNI,ST306a,Standard Tables Table 306a,Age by Religion,ST306a: Age by Religion,All people,Persons
ST307NI,ST307,Standard Tables Table 307a,Sex and Type of Communal Establishment by Community Background (Religion or Religion Brought up in ),ST307: Sex and Type of Communal Establishment by Community Background (Religion or Religion Brought up in ),All people resident in communal establishments,Persons
ST307aNI,ST307a,Standard Tables Table 307a,Sex and Type of Communal Establishment by Religion,ST307a: Sex and Type of Communal Establishment by Religion,All people resident in communal establishments,Persons
ST308NI,ST308,Standard Tables Table 308,Religion by Sex,ST308: Religion by Sex,All people,Persons
ST309NI,ST309,Standard Tables Table 309,Age by Sex and Living Arrangements,ST309: Age by Sex and Living Arrangements,All people aged 16 and over in households,Persons
ST310NI,ST310,Standard Tables Table 310,Age of Full-Time Schoolchildren and Students Aged 18 And Under by Household Type,ST310: Age of Full-Time Schoolchildren and Students Aged 18 And Under by Household Type,All full-time schoolchildren and students aged 18 and under at their term-time address,"Persons; Schoolchildren, Students"
ST311NI,ST311,Standard Tables Table 311,Household Composition by Ethnic Group of HRP,ST311: Household Composition by Ethnic Group of HRP,All households,Households
ST312NI,ST312,Standard Tables Table 312,Household Composition by Community Background (Religion or Religion Brought up in ) of HRP,ST312: Household Composition by Community Background (Religion or Religion Brought up in ) of HRP,All households,Households
ST312aNI,ST312a,Standard Tables Table 312a,Household Composition by Religion of HRP,ST312a: Household Composition by Religion of HRP,All households,Households
ST313NI,ST313,Standard Tables Table 313,Living Arrangements and Community Background (Religion or Religion Brought up in ) by Sex and Age,ST313: Living Arrangements and Community Background (Religion or Religion Brought up in ) by Sex and Age,All people aged 16 and over in households,Persons
ST313aNI,ST313a,Standard Tables Table 313a,Living Arrangements and Religion by Sex and Age,ST313a: Living Arrangements and Religion by Sex and Age,All people aged 16 and over in households,Persons
ST314NI,ST314,Standard Tables Table 314,Country of Birth by Ethnic Group,ST314: Country of Birth by Ethnic Group,All people,Persons
ST315NI,ST315,Standard Tables Table 315,Tenure and Age by General Health and Limiting Long-Term Illness,ST315: Tenure and Age by General Health and Limiting Long-Term Illness,All people in households,Persons
ST316NI,ST316,Standard Tables Table 316,Limiting Long-Term Illness and Age by Number of Floor Levels and Tenure,ST316: Limiting Long-Term Illness and Age by Number of Floor Levels and Tenure,All people in households,Persons
ST317NI,ST317,Standard Tables Table 317,"Sex, Limiting Long-Term Illness and Type of Communal Establishment by Age (Residents (Non-Staff) in Communal Establishments)","ST317: Sex, Limiting Long-Term Illness and Type of Communal Establishment by Age (Residents (Non-Staff) in Communal Establishments)",All communal establishment residents (excluding staff and their families,Persons
ST318NI,ST318,Standard Tables Table 318,"Age, Limiting Long-Term Illness and General Health by Ethnic Group","ST318: Age, Limiting Long-Term Illness and General Health by Ethnic Group",All people,Persons
ST319NI,ST319,Standard Tables Table 319,"Sex, Age, Limiting Long-Term Illness and General Health by Community Background (Religion or Religion Brought up in )","ST319: Sex, Age, Limiting Long-Term Illness and General Health by Community Background (Religion or Religion Brought up in )",All people,Persons
ST319aNI,ST319a,Standard Tables Table 319a,"Sex, Age, Limiting Long-Term Illness and General Health by Religion","ST319a: Sex, Age, Limiting Long-Term Illness and General Health by Religion",All people,Persons
ST320NI,ST320,Standard Tables Table 320,Sex and Age by Highest Level of Qualification,ST320: Sex and Age by Highest Level of Qualification,All people aged 16 to 74,Persons
ST321NI,ST321,Standard Tables Table 321,Sex and NS-SeC by Highest Level of Qualification,ST321: Sex and NS-SeC by Highest Level of Qualification,All people aged 16 to 74,Persons
ST322NI,ST322,Standard Tables Table 322,Sex and Highest Level of Qualification by Ethnic Group,ST322: Sex and Highest Level of Qualification by Ethnic Group,All people aged 16 to 74,Persons
ST323NI,ST323,Standard Tables Table 323,Age and Highest Level of Qualification by Ethnic Group,ST323: Age and Highest Level of Qualification by Ethnic Group,All people aged 16 to 74,Persons
ST324NI,ST324,Standard Tables Table 324,Sex and Highest Level of Qualification by Community Background (Religion or Religion Brought up in ),ST324: Sex and Highest Level of Qualification by Community Background (Religion or Religion Brought up in ),All people aged 16 to 74,Persons
ST324aNI,ST324a,Standard Tables Table 324a,Sex and Highest Level of Qualification by Religion,ST324a: Sex and Highest Level of Qualification by Religion,All people aged 16 to 74,Persons
ST325NI,ST325,Standard Tables Table 325,Age and Highest Level of Qualification by Sex and Community Background (Religion or Religion Brought up in ),ST325: Age and Highest Level of Qualification by Sex and Community Background (Religion or Religion Brought up in ),All people aged 16 to 74,Persons
ST325aNI,ST325a,Standard Tables Table 325a,Age and Highest Level of Qualification by Sex and Religion,ST325a: Age and Highest Level of Qualification by Sex and Religion,All people aged 16 to 74,Persons
ST326NI,ST326,Standard Tables Table 326,Sex and Occupation by Highest Level of Qualification,ST326: Sex and Occupation by Highest Level of Qualification,All people aged 16 to 74 in employment the week before the census,Persons
ST327NI,ST327,Standard Tables Table 327,Age of HRP and Tenure by Economic Activity of HRP,ST327: Age of HRP and Tenure by Economic Activity of HRP,All households with HRP aged 16 to 74,Persons
ST328NI,ST328,Standard Tables Table 328,Economic Activity by Ethnic Group,ST328: Economic Activity by Ethnic Group,All people aged 16 to 74,Persons
ST329NI,ST329,Standard Tables Table 329,Sex and Economic Activity by Community Background (Religion or Religion Brought up in ),ST329: Sex and Economic Activity by Community Background (Religion or Religion Brought up in ),All people aged 16 to 74,Persons
ST329aNI,ST329a,Standard Tables Table 329a,Sex and Economic Activity by Religion,ST329a: Sex and Economic Activity by Religion,All people aged 16 to 74,Persons
ST330NI,ST330,Standard Tables Table 330a,Age and Economic Activity by Sex and Community Background (Religion or Religion Brought up in ),ST330: Age and Economic Activity by Sex and Community Background (Religion or Religion Brought up in ),All people aged 16 to 74,Persons
ST330aNI,ST330a,Standard Tables Table 330,Age and Economic Activity by Sex and Religion,ST330a: Age and Economic Activity by Sex and Religion,All people aged 16 to 74,Persons
ST331NI,ST331,Standard Tables Table 331,Economic Activity and Age of Full-Time Students by Household Type and Tenure,ST331: Economic Activity and Age of Full-Time Students by Household Type and Tenure,All full-time schoolchildren and students aged 16 and over at their term-time address,"Persons; Schoolchildren, Students"
ST332NI,ST332,Standard Tables Table 332,Sex and Former Occupation by Age,ST332: Sex and Former Occupation by Age,All people aged 16 to 74 not in employment the week before the census,Persons
ST333NI,ST333,Standard Tables Table 333,Sex and Occupation by Ethnic Group,ST333: Sex and Occupation by Ethnic Group,All people aged 16 to 74 in employment the week before the census,Persons
ST334NI,ST334,Standard Tables Table 334,Occupation by Sex and Community Background (Religion or Religion Brought up in ),ST334: Occupation by Sex and Community Background (Religion or Religion Brought up in ),All people aged 16 to 74 in employment the week before the census,Persons
ST334aNI,ST334a,Standard Tables Table 334a,Occupation by Sex and Religion,ST334a: Occupation by Sex and Religion,All people aged 16 to 74 in employment the week before the census,Persons
ST335NI,ST335,Standard Tables Table 335,Sex and Former Industry by Age,ST335: Sex and Former Industry by Age,All people aged 16 to 74 not in employment the week before the census,Persons
ST336NI,ST336,Standard Tables Table 336,Sex and Industry by Ethnic Group,ST336: Sex and Industry by Ethnic Group,All people aged 16 to 74 in employment the week before the census,Persons
ST337NI,ST337,Standard Tables Table 337,Industry by Sex and Community Background (Religion or Religion Brought up in ),ST337: Industry by Sex and Community Background (Religion or Religion Brought up in ),All people aged 16 to 74 in employment the week before the census,Persons
ST337aNI,ST337a,Standard Tables Table 337a,Industry by Sex and Religion,ST337a: Industry by Sex and Religion,All people aged 16 to 74 in employment the week before the census,Persons
ST338NI,ST338,Standard Tables Table 338,Sex and NS-SeC by Age,ST338: Sex and NS-SeC by Age,All people aged 16 to 74,Persons
ST339NI,ST339,Standard Tables Table 339,"Sex, Age and General Health by NS-SeC","ST339: Sex, Age and General Health by NS-SeC",All people aged 16 to 74,Persons
ST340NI,ST340,Standard Tables Table 340,"Sex, Age and Limiting Long-Term Illness by NS-SeC","ST340: Sex, Age and Limiting Long-Term Illness by NS-SeC",All people aged 16 to 74,Persons
ST341NI,ST341,Standard Tables Table 341,Sex and NS-SeC by Economic Activity,ST341: Sex and NS-SeC by Economic Activity,All people aged 16 to 74,Persons
ST342NI,ST342,Standard Tables Table 342,Sex and NS-SeC by Method of Travel to Work,ST342: Sex and NS-SeC by Method of Travel to Work,All people aged 16 to 74 in employment the week before the census,Persons
ST343NI,ST343,Standard Tables Table 343,NS-SeC by Tenure,ST343: NS-SeC by Tenure,All people aged 16 to 74 in households,Persons
ST344NI,ST344,Standard Tables Table 344,Sex and NS-SeC of HRP by Tenure,ST344: Sex and NS-SeC of HRP by Tenure,All HRPs aged 16 to 74,Persons
ST345NI,ST345,Standard Tables Table 345,Sex and NS-SeC of HRP by Household Composition,ST345: Sex and NS-SeC of HRP by Household Composition,All HRPs aged 16 to 74,Persons
ST346NI,ST346,Standard Tables Table 346,Sex and NS-SeC of HRP by Age (of HRP),ST346: Sex and NS-SeC of HRP by Age (of HRP),All HRPs aged 16 to 74,Persons
ST347NI,ST347,Standard Tables Table 347,NS-SeC of HRP by Households with Full-Time Students Living Away From Home and Age of Student,ST347: NS-SeC of HRP by Households with Full-Time Students Living Away From Home and Age of Student,"All households with students in full-time education whose home address is in the area, but who live away from home during term-time",Households
ST348NI,ST348,Standard Tables Table 348,Sex and NS-SeC by Ethnic Group,ST348: Sex and NS-SeC by Ethnic Group,All people aged 16 to 74,Persons
ST349NI,ST349,Standard Tables Table 349,NS-SeC by Sex and Community Background (Religion or Religion Brought up in ),ST349: NS-SeC by Sex and Community Background (Religion or Religion Brought up in ),All people aged 16 to 74,Persons
ST349aNI,ST349a,Standard Tables Table 349a,NS-SeC by Sex and Religion,ST349a: NS-SeC by Sex and Religion,All people aged 16 to 74,Persons
ST350NI,ST350,Standard Tables Table 350,Sex and Age by Method of Travel to Work,ST350: Sex and Age by Method of Travel to Work,All people aged 16 to 74 working in the week before the census,Persons
ST351NI,ST351,Standard Tables Table 351,Tenure and Number of Cars or Vans by Ethnic Group of HRP,ST351: Tenure and Number of Cars or Vans by Ethnic Group of HRP,All households,Households
ST352NI,ST352,Standard Tables Table 352,Tenure and Number of Cars or Vans by Community Background (Religion or Religion Brought up in ) of HRP,ST352: Tenure and Number of Cars or Vans by Community Background (Religion or Religion Brought up in ) of HRP,All households,Households
ST352aNI,ST352a,Standard Tables Table 352a,Tenure and Number of Cars or Vans by Religion of HRP,ST352a: Tenure and Number of Cars or Vans by Religion of HRP,All households,Households
ST353NI,ST353,Standard Tables Table 353,Dwelling Type and Accommodation Type by Tenure,ST353: Dwelling Type and Accommodation Type by Tenure,All occupied household spaces,Household Spaces
ST354NI,ST354,Standard Tables Table 354,Dwelling Type and Accommodation Type by Tenure (People),ST354: Dwelling Type and Accommodation Type by Tenure (People),All people in households,Persons
ST355NI,ST355,Standard Tables Table 355,Tenure and Household Size by Number of Rooms,ST355: Tenure and Household Size by Number of Rooms,All households,Households
ST356NI,ST356,Standard Tables Table 356,Tenure and Persons Per Room by Accommodation Type,ST356: Tenure and Persons Per Room by Accommodation Type,All households,Households
ST357NI,ST357,Standard Tables Table 357,Household Composition by Tenure and Occupancy Rating,ST357: Household Composition by Tenure and Occupancy Rating,All households,Households
ST358NI,ST358,Standard Tables Table 358,"Dwelling Type, Accommodation Type and Central Heating (and Amenities for Shared Dwellings) by Tenure","ST358: Dwelling Type, Accommodation Type and Central Heating (and Amenities for Shared Dwellings) by Tenure",All households,Households
ST359NI,ST359,Standard Tables Table 359,Tenure and Amenities by Household Composition,ST359: Tenure and Amenities by Household Composition,All households,Households
ST360NI,ST360,Standard Tables Table 360,Tenure and Lowest Floor Level by Household Composition,ST360: Tenure and Lowest Floor Level by Household Composition,All households,Households
ST361NI,ST361,Standard Tables Table 361,Tenure and Car or Van Availability by Number of People Aged 17 Or Over in the Household,ST361: Tenure and Car or Van Availability by Number of People Aged 17 Or Over in the Household,All households,Households
ST362NI,ST362,Standard Tables Table 362,Tenure and Car or Van Availability by Economic Activity,ST362: Tenure and Car or Van Availability by Economic Activity,All people aged 16 to 74 in households,Persons
ST363NI,ST363,Standard Tables Table 363,Dwelling Type and Accommodation Type by Household Space Type,ST363: Dwelling Type and Accommodation Type by Household Space Type,All household spaces,Household Spaces
ST364NI,ST364,Standard Tables Table 364,Tenure by Ethnic Group of HRP,ST364: Tenure by Ethnic Group of HRP,All households,Households
ST365NI,ST365,Standard Tables Table 365,Tenure and Occupancy Rating by Community Background (Religion or Religion Brought up in ),ST365: Tenure and Occupancy Rating by Community Background (Religion or Religion Brought up in ),All people in households,Persons
ST365aNI,ST365a,Standard Tables Table 365a,Tenure and Occupancy Rating by Religion,ST365a: Tenure and Occupancy Rating by Religion,All people in households,Persons
ST366NI,ST366,Standard Tables Table 366,Tenure by Community Background (Religion or Religion Brought up in ) of HRP,ST366: Tenure by Community Background (Religion or Religion Brought up in ) of HRP,All households,Households
ST366aNI,ST366a,Standard Tables Table 366a,Tenure by Religion of HRP,ST366a: Tenure by Religion of HRP,All households,Households
ST367NI,ST367,Standard Tables Table 367,Central Heating and Occupancy Rating by Age,ST367: Central Heating and Occupancy Rating by Age,All people in households,Persons
ST368NI,ST368,Standard Tables Table 368,Central Heating and Occupancy Rating by Ethnic Group,ST368: Central Heating and Occupancy Rating by Ethnic Group,All people in households,Persons
ST369NI,ST369,Standard Tables Table 369,Central Heating and Occupancy Rating by Ethnic Group of HRP,ST369: Central Heating and Occupancy Rating by Ethnic Group of HRP,All households,Households
ST370NI,ST370,Standard Tables Table 370,Central Heating and Occupancy Rating by Community Background (Religion or Religion Brought up in ),ST370: Central Heating and Occupancy Rating by Community Background (Religion or Religion Brought up in ),All people in households,Persons
ST370aNI,ST370a,Standard Tables Table 370a,Central Heating and Occupancy Rating by Religion,ST370a: Central Heating and Occupancy Rating by Religion,All people in households,Persons
ST371NI,ST371,Standard Tables Table 371a,Central Heating and Occupancy Rating by Community Background (Religion or Religion Brought up in ) of HRP,ST371: Central Heating and Occupancy Rating by Community Background (Religion or Religion Brought up in ) of HRP,All households,Households
ST371aNI,ST371a,Standard Tables Table 371a,Central Heating and Occupancy Rating by Religion of HRP,ST371a: Central Heating and Occupancy Rating by Religion of HRP,All households,Households
ST372NI,ST372,Standard Tables Table 372,Sex and Age by Knowledge of Irish,ST372: Sex and Age by Knowledge of Irish,All people aged 3 and over,Persons
ST373NI,ST373,Standard Tables Table 373,Sex and Age by Knowledge of Irish and Country of Birth,ST373: Sex and Age by Knowledge of Irish and Country of Birth,All people aged 3 and over,Persons
ST374NI,ST374,Standard Tables Table 374,Sex and Highest Level of Qualification by Knowledge of Irish,ST374: Sex and Highest Level of Qualification by Knowledge of Irish,All people aged 16 to 74,Persons
ST375NI,ST375,Standard Tables Table 375,Sex and Age by Knowledge of Irish and Community Background (Religion or Religion Brought up in ),ST375: Sex and Age by Knowledge of Irish and Community Background (Religion or Religion Brought up in ),All people aged 3 and over,Persons
ST375aNI,ST375a,Standard Tables Table 375a,Sex and Age by Knowledge of Irish and Religion,ST375a: Sex and Age by Knowledge of Irish and Religion,All people aged 3 and over,Persons
ST376NI,ST376,Standard Tables Table 376,Sex and Age by Migration (Persons),ST376: Sex and Age by Migration (Persons),All Persons Resident in the Zone and Those Having Moved From the Zone to Elsewhere in the UK in the Past Year,Persons
ST377NI,ST377,Standard Tables Table 377,Whether Living in a Household or Communal Establishment and Age by Migration (Persons),ST377: Whether Living in a Household or Communal Establishment and Age by Migration (Persons),All Persons Resident in the Zone and Those Having Moved From the Zone to Elsewhere in the UK in the Past Year,Persons
ST378NI,ST378,Standard Tables Table 378,Age of Household Reference Person (HRP) and Number and Age of Dependent Children by Migration of Households,ST378: Age of Household Reference Person (HRP) and Number and Age of Dependent Children by Migration of Households,All Households in the Zone and Those Having Moved From the Zone to Elsewhere in the UK in the Past Year,Households
ST379NI,ST379,Standard Tables Table 379,Number and Age of Dependent Children by Migration of Households,ST379: Number and Age of Dependent Children by Migration of Households,All Households in the Zone and Those Having Moved From the Zone to Elsewhere in the UK in the Past Year,Households
ST380NI,ST380,Standard Tables Table 380,Household Composition by Migration of Households,ST380: Household Composition by Migration of Households,All Households in the Zone and Those Having Moved From the Zone to Elsewhere in the UK in the Past Year,Households
ST381NI,ST381,Standard Tables Table 381,Sex and Age by Distance to Place of Work,ST381: Sex and Age by Distance to Place of Work,All Persons Aged 16 to 74 in Employment the Week Before the Census,Persons
ST382NI,ST382,Standard Tables Table 382,Sex and Age by Distance to Place of Work (Workplace Population),ST382: Sex and Age by Distance to Place of Work (Workplace Population),All Persons Aged 16 to 74 in Employment in the Area,Persons
ST383NI,ST383,Standard Tables Table 383,Full-Time Student Status and Age by Distance to Place of Work,ST383: Full-Time Student Status and Age by Distance to Place of Work,All Persons Aged 16 to 74 in Employment the Week Before the Census,Persons
ST384NI,ST384,Standard Tables Table 384,Full-Time Student Status and Age by Distance to Place of Work (Workplace Population),ST384: Full-Time Student Status and Age by Distance to Place of Work (Workplace Population),All Persons Aged 16 to 74 in Employment in the Area,Persons
ST385NI,ST385,Standard Tables Table 385,Method of Travel to Work by Distance to Place of Work for Employed Persons who are not Full-Time Students,ST385: Method of Travel to Work by Distance to Place of Work for Employed Persons who are not Full-Time Students,All Persons Aged 16 to 74 in Employment the Week Before the Census Who Are Not Full-Time Students,Persons
ST386NI,ST386,Standard Tables Table 386,Method of Travel to Work by Distance to Place of Work for Employed Persons Who Are Not Full-Time Students (Workplace Population),ST386: Method of Travel to Work by Distance to Place of Work for Employed Persons Who Are Not Full-Time Students (Workplace Population),All Persons Aged 16 to 74 in Employment the Week Before the Census Who Are Not Full-Time Students,Persons
ST387NI,ST387,Standard Tables Table 387,Ethnic Group by Migration (Persons),ST387: Ethnic Group by Migration (Persons),All Persons Resident in the Zone and Those Having Moved From the Zone to Elsewhere in the UK in the Past Year,Persons
ST388NI,ST388,Standard Tables Table 388,Community Background (Religion or Religion Brought Up in) by Migration (Persons),ST388: Community Background (Religion or Religion Brought Up in) by Migration (Persons),All Persons Resident in the Zone and Those Having Moved From the Zone to Elsewhere in the UK in the Past Year,Persons
ST388aNI,ST388a,Standard Tables Table 388A,Religion by Migration (Persons),ST388a: Religion by Migration (Persons),All Persons Resident in the Zone and Those Having Moved From the Zone to Elsewhere in the UK in the Past Year,Persons
ST389NI,ST389,Standard Tables Table 389,Whether Living in a Household or Communal Establishment and Age and Limiting Long-Term Illness by Migration (Persons),ST389: Whether Living in a Household or Communal Establishment and Age and Limiting Long-Term Illness by Migration (Persons),All Persons Resident in the Zone and Those Having Moved From the Zone to Elsewhere in the UK in the Past Year,Persons
ST390NI,ST390,Standard Tables Table 390,Family Status by Migration (Persons),ST390: Family Status by Migration (Persons),All Persons Resident in the Zone and Those Having Moved From the Zone to Elsewhere in the UK in the Past Year,Persons
ST391NI,ST391,Standard Tables Table 391,Sex and Highest Level of Qualification by Migration (Persons),ST391: Sex and Highest Level of Qualification by Migration (Persons),All Persons Aged 16 to 74 Resident in the Zone and Those Having Moved From the Zone to Elsewhere in the UK in the Past Year,Persons
ST392NI,ST392,Standard Tables Table 392,Sex and Economic Activity by Migration (Persons),ST392: Sex and Economic Activity by Migration (Persons),All Persons Aged 16 to 74 Resident in the Zone and Those Having Moved From the Zone to Elsewhere in the UK in the Past Year,Persons
ST393NI,ST393,Standard Tables Table 393,Type and Size of Moving Groups in Households by Migration,ST393: Type and Size of Moving Groups in Households by Migration,All Groups of Persons Within a Household Who Have Moved Together From the Same Usual Address One Year Before Census Day,Persons
ST394NI,ST394,Standard Tables Table 394,Sex and Economic Activity of Moving Groupd Reference Person (GRP) by Migration (Persons),ST394: Sex and Economic Activity of Moving Groupd Reference Person (GRP) by Migration (Persons),All Moving Group Reference Persons Aged 16 to 74,Persons
ST395NI,ST395,Standard Tables Table 395,Sex and NS-SeC of Moving Group Reference Person by Migration,ST395: Sex and NS-SeC of Moving Group Reference Person by Migration,All Moving Group Reference Persons Aged 16 to 74,Persons
ST396NI,ST396,Standard Tables Table 396,Sex and Hours worked by Distance to Place of Work,ST396: Sex and Hours worked by Distance to Place of Work,All Persons Aged 16 to 74 in Employment the Week Before the Census,Persons
ST397NI,ST397,Standard Tables Table 397,Sex and Hours Worked by Distance to Place of Work (Workplace Population),ST397: Sex and Hours Worked by Distance to Place of Work (Workplace Population),All Persons Aged 16 to 74 in Employment in the area,Persons
ST398NI,ST398,Standard Tables Table 398,Sex and NS-SeC by Distance to Place of Work,ST398: Sex and NS-SeC by Distance to Place of Work,All Persons Aged 16 to 74 in Employment the Week Before the Census,Persons
ST399NI,ST399,Standard Tables Table 399,Sex and NS-SeC by Distance to Place of Work (Workplace Population),ST399: Sex and NS-SeC by Distance to Place of Work (Workplace Population),All Persons Aged 16 to 74 in Employment in the area,Persons
ST400NI,ST400,Standard Tables Table 400,Sex and Industry by Distance to Place of Work,ST400: Sex and Industry by Distance to Place of Work,All Persons Aged 16 to 74 in Employment the Week Before the Census,Persons
ST401NI,ST401,Standard Tables Table 401,Sex and Industry by Distance to Place of Work (Workplace Population),ST401: Sex and Industry by Distance to Place of Work (Workplace Population),All Persons Aged 16 to 74 in Employment in the area,Persons
ST402NI,ST402,Standard Tables Table 402,Sex and Occupation by Distance to Place of Work,ST402: Sex and Occupation by Distance to Place of Work,All Persons Aged 16 to 74 in Employment the Week Before the Census,Persons
ST403NI,ST403,Standard Tables Table 403,Sex and Occupation by Distance to Place of Work (Workplace Population),ST403: Sex and Occupation by Distance to Place of Work (Workplace Population),All Persons Aged 16 to 74 in Employment in the area,Persons
ST404NI,ST404,Standard Tables Table 404,Sex and Employment Status by Distance to Place of Work,ST404: Sex and Employment Status by Distance to Place of Work,All Persons Aged 16 to 74 in Employment the Week Before the Census,Persons
ST405NI,ST405,Standard Tables Table 405,Sex and Employment Status by Distance to Place of Work (Workplace Population),ST405: Sex and Employment Status by Distance to Place of Work (Workplace Population),All Persons Aged 16 to 74 in Employment in the area,Persons
ST406NI,ST406,Standard Tables Table 406,Sex and Family Status by Distance to Place of Work,ST406: Sex and Family Status by Distance to Place of Work,All Persons Aged 16 to 74 in Employment the Week Before the Census,Persons
ST407NI,ST407,Standard Tables Table 407,Sex and Family Status by Distance to Place of Work (Workplace Population),ST407: Sex and Family Status by Distance to Place of Work (Workplace Population),All Persons Aged 16 to 74 in Employment in the area,Persons
ST408NI,ST408,Standard Tables Table 408,Ethnic Group by Distance to Place of Work,ST408: Ethnic Group by Distance to Place of Work,All Persons Aged 16 to 74 in Employment in the week before the Census,Persons
ST409NI,ST409,Standard Tables Table 409,Ethnic Group by Distance to Place of Work (Workplace Population),ST409: Ethnic Group by Distance to Place of Work (Workplace Population),All Persons Aged 16 to 74 in Employment in the area,Persons
ST410NI,ST410,Standard Tables Table 410,Sex and Community Background (Religion or Religion Brought Up in) by Distance to Place of Work,ST410: Sex and Community Background (Religion or Religion Brought Up in) by Distance to Place of Work,All Persons Aged 16 to 74 in Employment in the week before the Census,Persons
ST410aNI,ST410a,Standard Tables Table 410A,Sex and Religion by Distance to Place of Work,ST410a: Sex and Religion by Distance to Place of Work,All Persons Aged 16 to 74 in Employment in the week before the Census,Persons
ST411NI,ST411,Standard Tables Table 411,Sex and Community Background (Religion or Religion Brought Up in) By Distance to Place of Work (Workplace Population),ST411: Sex and Community Background (Religion or Religion Brought Up in) By Distance to Place of Work (Workplace Population),All Persons Aged 16 to 74 in Employment in the area,Persons
ST411aNI,ST411a,Standard Tables Table 411A,Sex and Religion by Distance to Place of Work (Workplace Population),ST411a: Sex and Religion by Distance to Place of Work (Workplace Population),All Persons Aged 16 to 74 in Employment in the area,Persons
TT001EW,TT001,Standard Tables Theme Table 1,All Dependent Children,TT001: All Dependent Children,All dependent children,Persons; Children
TT002EW,TT002,Standard Tables Theme Table 2,Students and Schoolchildren,TT002: Students and Schoolchildren,All full-time students and schoolchildren,"Persons; Students, Schoolchildren"
TT003EW,TT003,Standard Tables Theme Table 3,People Aged 16 to 29 Years,TT003: People Aged 16 to 29 Years,All people aged 16 to 29 years,Persons
TT004EW,TT004,Standard Tables Theme Table 4,People Aged 30 to 49 Years,TT004: People Aged 30 to 49 Years,All people aged 30 to 49 years,Persons
TT005EW,TT005,Standard Tables Theme Table 5,Older People,TT005: Older People,All people aged 50 and over,Persons
TT006EW,TT006,Standard Tables Theme Table 6,Pensioner Households,TT006: Pensioner Households,All households with at least one person of pensionable age,Households
TT007EW,TT007,Standard Tables Theme Table 7,All People,TT007: All People,All people,Persons
TT008EW,TT008,Standard Tables Theme Table 8,Households,TT008: Households,All households,Households
TT009EW,TT009,Standard Tables Theme Table 9,Communal Establishment Residents,TT009: Communal Establishment Residents,All communal establishment residents excluding staff and families,Persons
TT010EW,TT010,Standard Tables Theme Table 10,"Resident, Workplace and Daytime Populations","TT010: Resident, Workplace and Daytime Populations",All people aged 16 to 74 who are either resident in the area or work in the area,Persons
TT011EW,TT011,Standard Tables Theme Table 11,Travel to Work,TT011: Travel to Work,All people aged 16 to 74 working in the week before the Census,Persons
TT012EW,TT012,Standard Tables Theme Table 12,Ethnicity of All Dependent Children in Households,TT012: Ethnicity of All Dependent Children in Households,All dependent children in households,Persons; Children
TT013EW,TT013,Standard Tables Theme Table 13,Ethnicity,TT013: Ethnicity,All people,Persons
TT015W,TT015,Standard Tables Theme Table 15,Welsh Language,TT015: Welsh Language,All people,Persons
TT016S,TT016,Standard Tables Theme Table 16,All Dependent Children,TT016: All Dependent Children,All Dependent Children,Persons
TT017S,TT017,Standard Tables Theme Table 17,Students and Schoolchildren,TT017: Students and Schoolchildren,All FT Students and Schoolchildren,Persons
TT018S,TT018,Standard Tables Theme Table 18,People Aged 16 to 29 Years,TT018: People Aged 16 to 29 Years,All People Aged 16 to 29 Years,Persons
TT019S,TT019,Standard Tables Theme Table 19,People Aged 30 to 49 Years,TT019: People Aged 30 to 49 Years,All People Aged 30 to 49 Years,Persons
TT020S,TT020,Standard Tables Theme Table 20,Older People,TT020: Older People,All People Aged 50 and Over,Persons
TT021S,TT021,Standard Tables Theme Table 21,All People,TT021: All People,All People,Persons
TT022S,TT022,Standard Tables Theme Table 22,Households,TT022: Households,All Households,Households
TT023S,TT023,Standard Tables Theme Table 23,Communal Establishment Residents,TT023: Communal Establishment Residents,All Communal Establishment Residents Excluding Staff and Families,Persons
TT025S,TT025,Standard Tables Theme Table 25,Current Religion,TT025: Current Religion,All People,Persons
TT026S,TT026,Standard Tables Theme Table 26,Religion of Upbringing,TT026: Religion of Upbringing,All People,Persons
TT027S,TT027,Standard Tables Theme Table 27,Gaelic Speakers,TT027: Gaelic Speakers,All People,Persons
TT030NI,TT030,Standard Tables Theme Table 30,Religion,TT030: Religion,All Persons,Persons
TT031NI,TT031,Standard Tables Theme Table 31,Irish Language (16 Way Classification),TT031: Irish Language (16 Way Classification),All Persons Aged 3 and Over,Persons
TT032NI,TT032,Standard Tables Theme Table 32,Irish Language And Age,TT032: Irish Language And Age,All Persons Aged 3 and Over,Persons
TT033NI,TT033,Standard Tables Theme Table 33,Migration (Persons),TT033: Migration (Persons),All Persons Resident in Northern Ireland and Those Having Moved From Northern Ireland to Elsewhere in the UK in the Past Year,Persons
TT033EW,TT033,Standard Tables Theme Table 33,Migration (People),TT033: Migration (People),"All people in the area and those who have moved from the area in the past year, within the UK",Persons
TT034NI,TT034,Standard Tables Theme Table 34,Migration (Households),TT034: Migration (Households),All Households in Northern Ireland and Those Having Moved From Northern Ireland to Elsewhere in the UK in the Past Year,Households
TT034EW,TT034,Standard Tables Theme Table 34,Migration (Households),TT034: Migration (Households),"All households in the area and those who have moved from the area in the past year, within the UK",Persons
TT035NI,TT035,Standard Tables Theme Table 35,Community Background (Religion Or Religion Brought Up In),TT035: Community Background (Religion Or Religion Brought Up In),All Persons,Persons
TT036NI,TT036,Standard Tables Theme Table 36,Ethnicity,TT036: Ethnicity,All Persons,Persons
TT037NI,TT037,Standard Tables Theme Table 37,Ethnicity Of All Dependent Children In Households,TT037: Ethnicity Of All Dependent Children In Households,All Dependent Children in Households,Persons; Children
TT038S,TT038,Standard Tables Theme Table 38,Pensioner Households,TT038: Pensioner Households,All Households With at Least One Person of Pensionable Age,Households
TT039W,TT039,Standard Tables Theme Table 39,Ability to Speak Welsh,TT039: Ability to Speak Welsh,All people aged 3 and above,Persons
TT040NI,TT040,Standard Tables Theme Table 40,"Resident, Workplace And Daytime Population","TT040: Resident, Workplace And Daytime Population",All Persons Aged 16 to 74 who are Either Resident in Northern Ireland or Work in Northern Ireland,Persons
TT041NI,TT041,Standard Tables Theme Table 41,Method Of Travel To Work,TT041: Method Of Travel To Work,All Persons Aged 16 to 74 in Employment the Week Before the Census,Persons
TT042NI,TT042,Standard Tables Theme Table 42,Age Of All Dependent Children In Households,TT042: Age Of All Dependent Children In Households,All Dependent Children in Households,Persons; Children
TT043NI,TT043,Standard Tables Theme Table 43,Age Of All Full-Time Students And Schoolchildren,TT043: Age Of All Full-Time Students And Schoolchildren,All Full-time Students and Schoolchildren,"Persons: Students, Schoolchildren"
TT044NI,TT044,Standard Tables Theme Table 44,Persons Aged 16 To 29 Years,TT044: Persons Aged 16 To 29 Years,All Persons Aged 16 to 29 years,Persons
TT045NI,TT045,Standard Tables Theme Table 45,Persons Aged 30 To 49 Years,TT045: Persons Aged 30 To 49 Years,All Persons Aged 30 to 49 years,Persons
TT046NI,TT046,Standard Tables Theme Table 46,Persons Aged 50 And Over,TT046: Persons Aged 50 And Over,All Persons Aged 50 and Over,Persons
TT047NI,TT047,Standard Tables Theme Table 47,Pensioner Households,TT047: Pensioner Households,All Households with at Least One Person of Pensionable Age,Households
TT048NI,TT048,Standard Tables Theme Table 48,Age Of All Persons,TT048: Age Of All Persons,All Persons,Persons
TT049NI,TT049,Standard Tables Theme Table 49,Households,TT049: Households,All Households,Households
TT050NI,TT050,Standard Tables Theme Table 50,Marital Status,TT050: Marital Status,All Persons Aged 16 and Over,Persons
TT051NI,TT051,Standard Tables Theme Table 51,Age Of All Communal Establishment Residents,TT051: Age Of All Communal Establishment Residents,All Communal Establishment Residents,Persons; Communal Establishment Residents
TT052EW,TT052,Standard Tables Theme Table 52,Religion of All Dependent Children in Households,TT052: Religion of All Dependent Children in Households,All dependent children in households,Persons; Children
TT053EW,TT053,Standard Tables Theme Table 53,Religion,TT053: Religion,All people,Persons
TT054NI,TT054,Standard Tables Theme Table 54,Unemployed And Employed Persons (Excludes Full-Time Students),TT054: Unemployed And Employed Persons (Excludes Full-Time Students),All Economically Active Persons Aged 16 to 74 (Excluding Full-time Students),Persons
TT055NI,TT055,Standard Tables Theme Table 55,Qualifications,TT055: Qualifications,All Persons Aged 16 to 74,Persons
TT056NI,TT056,Standard Tables Theme Table 56,Provision Of Unpaid Care,TT056: Provision Of Unpaid Care,All Persons,Persons
TT057NI,TT057,Standard Tables Theme Table 57,Country Of Birth,TT057: Country Of Birth,All Persons,Persons
TT058NI,TT058,Standard Tables Theme Table 58,Economic Activity,TT058: Economic Activity,All Persons Aged 16 to Pensionable Age,Persons
UV001NI,UV001,Univariate Tables Table 1,Total Population,UV001: Total Population,All People,Persons
UV001EW,UV001,Univariate Tables Table 1,Total Population,UV001: Total Population,All People,Persons
UV002S,UV002,Univariate Tables Table 2,Population Density,UV002: Population Density,All People,Persons
UV002NI,UV002,Univariate Tables Table 2,Population Density,UV002: Population Density,All People,Persons
UV002EW,UV002,Univariate Tables Table 2,Population Density,UV002: Population Density,,
UV003S,UV003,Univariate Tables Table 3,Sex,UV003: Sex,All People,Persons
UV003NI,UV003,Univariate Tables Table 3,Sex,UV003: Sex,All People,Persons
UV003EW,UV003,Univariate Tables Table 3,Sex ,UV003: Sex ,All People,Persons
UV004S,UV004,Univariate Tables Table 4,Age,UV004: Age,All People,Persons
UV004EW,UV004,Univariate Tables Table 4,Age ,UV004: Age ,All People,Persons
UV005S,UV005,Univariate Tables Table 5,Schoolchildren and Students in Full-Time Education Living Away From Home During Term-Time,UV005: Schoolchildren and Students in Full-Time Education Living Away From Home During Term-Time,All Schoolchildren and Students,Persons
UV005NI,UV005,Univariate Tables Table 5,Schoolchildren and Students in Full-Time Education Living Away From Home During Term-Time,UV005: Schoolchildren and Students in Full-Time Education Living Away From Home During Term-Time,All Schoolchildren and Students,Persons
UV005EW,UV005,Univariate Tables Table 5,Schoolchildren and Students In Full Time Education Living Away From Home In Term-Time,UV005: Schoolchildren and Students In Full Time Education Living Away From Home In Term-Time,All Schoolchildren and Students,"Persons; Students, Schoolchildren"
UV006S,UV006,Univariate Tables Table 6,Dependent Children,UV006: Dependent Children,All Families in Households,Families
UV006NI,UV006,Univariate Tables Table 6,Dependent Children,UV006: Dependent Children,All Families in Households,Families
UV006EW,UV006,Univariate Tables Table 6,Dependent Children,UV006: Dependent Children,All Families in Households,Families
UV007S,UV007,Univariate Tables Table 7,Marital Status,UV007: Marital Status,All People,Persons
UV007NI,UV007,Univariate Tables Table 7,Marital Status,UV007: Marital Status,All People,Persons
UV007EW,UV007,Univariate Tables Table 7,Marital Status,UV007: Marital Status,All People,Persons
UV008S,UV008,Univariate Tables Table 8,Country of Birth,UV008: Country of Birth,All People,Persons
UV008NI,UV008,Univariate Tables Table 8,Country of Birth (Full Details),UV008: Country of Birth (Full Details),All People,Persons
UV008EW,UV008,Univariate Tables Table 8,Country Of Birth,UV008: Country Of Birth,All People,Persons
UV009EW,UV009,Univariate Tables Table 9,Ethnic Group (England And Wales),UV009: Ethnic Group (England And Wales),All People,Persons
UV010S,UV010,Univariate Tables Table 10,Ethnic Group (Scotland),UV010: Ethnic Group (Scotland),All People,Persons
UV011NI,UV011,Univariate Tables Table 11,Ethnic Group,UV011: Ethnic Group,All People,Persons
UV012S,UV012,Univariate Tables Table 12,Knowledge of Gaelic,UV012: Knowledge of Gaelic,All People,Persons
UV013W,UV013,Univariate Tables Table 13,Knowledge Of Welsh,UV013: Knowledge Of Welsh,All People,Persons
UV014NI,UV014,Univariate Tables Table 14,Knowledge of Irish (Intermediate Details),UV014: Knowledge of Irish (Intermediate Details),All People Aged 3 and Over,Persons
UV015EW,UV015,Univariate Tables Table 15,Religion (England And Wales),UV015: Religion (England And Wales),All People,Persons
UV016S,UV016,Univariate Tables Table 16,Current Religion (Scotland),UV016: Current Religion (Scotland),All People,Persons
UV017S,UV017,Univariate Tables Table 17,Religion of Upbringing (Scotland),UV017: Religion of Upbringing (Scotland),All People,Persons
UV018NI,UV018,Univariate Tables Table 18,Religion (Basic Detail),UV018: Religion (Basic Detail),All People,Persons
UV019NI,UV019,Univariate Tables Table 19,Community Background: Religion or Religion Brought Up In,UV019: Community Background: Religion or Religion Brought Up In,All People,Persons
UV020S,UV020,Univariate Tables Table 20,General Health,UV020: General Health,All People,Persons
UV020NI,UV020,Univariate Tables Table 20,General Health,UV020: General Health,All People,Persons
UV020EW,UV020,Univariate Tables Table 20,General Health,UV020: General Health,All People,Persons
UV021S,UV021,Univariate Tables Table 21,Provision of Unpaid Care,UV021: Provision of Unpaid Care,All People,Persons
UV021NI,UV021,Univariate Tables Table 21,Provision of Unpaid Care,UV021: Provision of Unpaid Care,All People,Persons
UV021EW,UV021,Univariate Tables Table 21,Provision Of Unpaid Care,UV021: Provision Of Unpaid Care,All People,Persons
UV022S,UV022,Univariate Tables Table 22,Limiting Long-Term Illness,UV022: Limiting Long-Term Illness,All People,Persons
UV022NI,UV022,Univariate Tables Table 22,Limiting Long-Term Illness,UV022: Limiting Long-Term Illness,All People,Persons
UV022EW,UV022,Univariate Tables Table 22,Limiting Long-Term Illness,UV022: Limiting Long-Term Illness,All People,Persons
UV023NI,UV023,Univariate Tables Table 23,Migration (Persons),UV023: Migration (Persons),All People,Persons
UV023EW,UV023,Univariate Tables Table 23,Migration (People),UV023: Migration (People),,
UV024EW,UV024,Univariate Tables Table 24,Qualifications (England And Wales),UV024: Qualifications (England And Wales),All People,Persons
UV025S,UV025,Univariate Tables Table 25,Qualifications (Scotland),UV025: Qualifications (Scotland),All People Aged 16 to 74,Persons
UV026NI,UV026,Univariate Tables Table 26,Qualifications,UV026: Qualifications,All People Aged 16 to 74,Persons
UV027S,UV027,Univariate Tables Table 27,Time Since Last Worked,UV027: Time Since Last Worked,All People Aged 16 to 74,Persons
UV027EW,UV027,Univariate Tables Table 27,Time Since Last Worked,UV027: Time Since Last Worked,All People,Persons
UV028S,UV028,Univariate Tables Table 28,Economic Activity,UV028: Economic Activity,All People Aged 16 to 74,Persons
UV028EW,UV028,Univariate Tables Table 28,Economic Activity,UV028: Economic Activity,All People,Persons
UV029S,UV029,Univariate Tables Table 29,Economic Activity - Full-Time Students,UV029: Economic Activity - Full-Time Students,Full-time Students Aged 16 to 74,Persons
UV029EW,UV029,Univariate Tables Table 29,Economic Activity – Full-Time Students,UV029: Economic Activity – Full-Time Students,,
UV030S,UV030,Univariate Tables Table 30,Occupation,UV030: Occupation,All People Aged 16 to 74 in Employment,Persons
UV030NI,UV030,Univariate Tables Table 30,Occupation,UV030: Occupation,All People Aged 16 to 74 in Employment,Persons
UV030EW,UV030,Univariate Tables Table 30,Occupation  ,UV030: Occupation  ,All People,Persons
UV031S,UV031,Univariate Tables Table 31,National Statistics Socio-Economic Classification (NS-SeC),UV031: National Statistics Socio-Economic Classification (NS-SeC),All People Aged 16 to 74,Persons
UV031EW,UV031,Univariate Tables Table 31,National Statistics Socio-Economic Classification,UV031: National Statistics Socio-Economic Classification,All People,Persons
UV032EW,UV032,Univariate Tables Table 32,"NS-Sec Of Household Reference Person (People Under Pensionable Age) (England, Wales and Northern Ireland)","UV032: NS-Sec Of Household Reference Person (People Under Pensionable Age) (England, Wales and Northern Ireland)",All People Under Pensionable Age in Households,Persons
UV033EW,UV033,Univariate Tables Table 33,NS-SEC Of Household Reference Person (All People),UV033: NS-SEC Of Household Reference Person (All People),All People In Households,Persons
UV034S,UV034,Univariate Tables Table 34,Industry,UV034: Industry,All People Aged 16 to 74 in Employment,Persons
UV034NI,UV034,Univariate Tables Table 34,Industry,UV034: Industry,All People Aged 16 to 74 in Employment,Persons
UV034EW,UV034,Univariate Tables Table 34,Industry ,UV034: Industry ,All People,Persons
UV035EW,UV035,Univariate Tables Table 35,Distance Travelled To Work (England and Wales and Northern Ireland),UV035: Distance Travelled To Work (England and Wales and Northern Ireland),,
UV037EW,UV037,Univariate Tables Table 37,Means Of Travel To Work - Day Time Population (England and Wales and Northern Ireland),UV037: Means Of Travel To Work - Day Time Population (England and Wales and Northern Ireland),,
UV039EW,UV039,Univariate Tables Table 39,Means Of Travel To Work - Resident Population (England and Wales and Northern Ireland),UV039: Means Of Travel To Work - Resident Population (England and Wales and Northern Ireland),,
UV040S,UV040,Univariate Tables Table 40,Method of Travel to Work or Study - Resident Population (Scotland),UV040: Method of Travel to Work or Study - Resident Population (Scotland),All People Resident in the Area,Persons
UV041S,UV041,Univariate Tables Table 41,Hours Worked,UV041: Hours Worked,All People Aged 16 to 74 in Employment,Persons
UV041NI,UV041,Univariate Tables Table 41,Hours Worked,UV041: Hours Worked,All People Aged 16 to 74 in Employment,Persons
UV041EW,UV041,Univariate Tables Table 41,Hours Worked,UV041: Hours Worked,All People,Persons
UV042S,UV042,Univariate Tables Table 42,Accommodation Type (People),UV042: Accommodation Type (People),All People in Households,Persons
UV042NI,UV042,Univariate Tables Table 42,Accommodation Type (Persons),UV042: Accommodation Type (Persons),All People in Households,Persons
UV042EW,UV042,Univariate Tables Table 42,Accommodation Type (People),UV042: Accommodation Type (People),All People,Persons
UV043EW,UV043,Univariate Tables Table 43,"Tenure (People) (England, Wales and Northern Ireland)","UV043: Tenure (People) (England, Wales and Northern Ireland)",All People in Households,Persons
UV044S,UV044,Univariate Tables Table 44,Tenure (People) (Scotland),UV044: Tenure (People) (Scotland),All People in Households,Persons
UV045EW,UV045,Univariate Tables Table 45,Tenure Of Pensioners,UV045: Tenure Of Pensioners,All Households Where HRP is of Pensionable Age,Households
UV046S,UV046,Univariate Tables Table 46,Household Composition (People),UV046: Household Composition (People),All People in Households,Persons
UV046NI,UV046,Univariate Tables Table 46,Household Composition (Persons),UV046: Household Composition (Persons),All People in Households,Persons
UV046EW,UV046,Univariate Tables Table 46,Household Composition (People) (England and Wales and Northern Ireland),UV046: Household Composition (People) (England and Wales and Northern Ireland),All People,Persons
UV047S,UV047,Univariate Tables Table 47,Household Composition (People) (Alternative Classification),UV047: Household Composition (People) (Alternative Classification),All People in Households,Persons
UV047NI,UV047,Univariate Tables Table 47,Household Composition (Persons),UV047: Household Composition (Persons),All People in Households,Persons
UV047EW,UV047,Univariate Tables Table 47,Household Composition (People) (Alternative Classification),UV047: Household Composition (People) (Alternative Classification),All People In Households,Persons
UV048EW,UV048,Univariate Tables Table 48,People aged 18 - 64 in single adult household ,UV048: People aged 18 - 64 in single adult household ,All People Aged 18-64 in Households,Persons
UV049S,UV049,Univariate Tables Table 49,Living Arrangements,UV049: Living Arrangements,All People Aged 16 and Over in Households,Persons
UV050S,UV050,Univariate Tables Table 50,Approximated Social Grade,UV050: Approximated Social Grade,All People Aged 16 and Over in Households,Persons
UV050NI,UV050,Univariate Tables Table 50,Approximated Social Grade (Persons),UV050: Approximated Social Grade (Persons),All People Aged 16 and Over in Households,Persons
UV050EW,UV050,Univariate Tables Table 50,Approximated Social Grade,UV050: Approximated Social Grade,All People,Persons
UV051S,UV051,Univariate Tables Table 51,Number of People Living in Households,UV051: Number of People Living in Households,All Occupied Household Spaces,Household Spaces
UV051NI,UV051,Univariate Tables Table 51,Number of Persons Living in Households,UV051: Number of Persons Living in Households,All Occupied Household Spaces,Household Spaces
UV051EW,UV051,Univariate Tables Table 51,Number Of People Living In Households,UV051: Number Of People Living In Households,All Occupied Household Spaces,Household Spaces
UV052NI,UV052,Univariate Tables Table 52,Migration (Households),UV052: Migration (Households),All Households,Households
UV052EW,UV052,Univariate Tables Table 52,Migration (Households),UV052: Migration (Households),,
UV053S,UV053,Univariate Tables Table 53,Housing Stock,UV053: Housing Stock,All Household Spaces,Household Spaces
UV053NI,UV053,Univariate Tables Table 53,Housing Stock,UV053: Housing Stock,All Household Spaces,Household Spaces
UV053EW,UV053,Univariate Tables Table 53,Housing Stock,UV053: Housing Stock,All Household Spaces,Household Spaces
UV054NI,UV054,Univariate Tables Table 54,Location of Rooms,UV054: Location of Rooms,All Households,Households
UV055S,UV055,Univariate Tables Table 55,Dwellings,UV055: Dwellings,All Dwellings,Dwellings
UV055NI,UV055,Univariate Tables Table 55,Dwellings,UV055: Dwellings,All Dwellings,Dwellings
UV055EW,UV055,Univariate Tables Table 55,Dwellings ,UV055: Dwellings ,,
UV056S,UV056,Univariate Tables Table 56,Accommodation Type (Households),UV056: Accommodation Type (Households),All Households,Households
UV056NI,UV056,Univariate Tables Table 56,Accommodation Type (Households),UV056: Accommodation Type (Households),All Households,Households
UV056EW,UV056,Univariate Tables Table 56,Accommodation Type (Households),UV056: Accommodation Type (Households),All Households,Households
UV057S,UV057,Univariate Tables Table 57,Number of Rooms,UV057: Number of Rooms,All Occupied Household Spaces,Household Spaces
UV057NI,UV057,Univariate Tables Table 57,Number of Rooms,UV057: Number of Rooms,All Occupied Household Spaces,Household Spaces
UV057EW,UV057,Univariate Tables Table 57,Number Of Rooms,UV057: Number Of Rooms,All Occupied Household Spaces,Household Spaces
UV058S,UV058,Univariate Tables Table 58,Persons Per Room,UV058: Persons Per Room,All Households,Households
UV058NI,UV058,Univariate Tables Table 58,Persons Per Room (Households),UV058: Persons Per Room (Households),All Households,Households
UV058EW,UV058,Univariate Tables Table 58,Persons Per Room,UV058: Persons Per Room,All Households,Households
UV059S,UV059,Univariate Tables Table 59,Occupancy Rating,UV059: Occupancy Rating,All Households,Households
UV059NI,UV059,Univariate Tables Table 59,Occupancy (Households),UV059: Occupancy (Households),All Households,Households
UV059EW,UV059,Univariate Tables Table 59,Occupancy ,UV059: Occupancy ,All Households,Households
UV060S,UV060,Univariate Tables Table 60,Amenities,UV060: Amenities,All Occupied Household Spaces,Household Spaces
UV060NI,UV060,Univariate Tables Table 60,Amenities,UV060: Amenities,All Occupied Household Spaces,Household Spaces
UV060EW,UV060,Univariate Tables Table 60,Amenities ,UV060: Amenities ,All Occupied Household Spaces,Household Spaces
UV061S,UV061,Univariate Tables Table 61,Lowest Floor Level,UV061: Lowest Floor Level,All Households,Households
UV061NI,UV061,Univariate Tables Table 61,Lowest Floor Level,UV061: Lowest Floor Level,All Households,Households
UV061EW,UV061,Univariate Tables Table 61,Lowest Floor Level,UV061: Lowest Floor Level,All Households,Households
UV062S,UV062,Univariate Tables Table 62,Cars or Vans,UV062: Cars or Vans,All Households,Households
UV062NI,UV062,Univariate Tables Table 62,Cars or Vans,UV062: Cars or Vans,All Households,Households
UV062EW,UV062,Univariate Tables Table 62,Cars Or Vans,UV062: Cars Or Vans,All Households,Households
UV063EW,UV063,Univariate Tables Table 63,"Tenure Households (England, Wales and Northern Ireland)","UV063: Tenure Households (England, Wales and Northern Ireland)",All Households,Households
UV064S,UV064,Univariate Tables Table 64,Tenure (Households) (Scotland),UV064: Tenure (Households) (Scotland),All Households,Households
UV065S,UV065,Univariate Tables Table 65,Household Composition (Households),UV065: Household Composition (Households),All Households,Households
UV065NI,UV065,Univariate Tables Table 65,Household Composition (Households),UV065: Household Composition (Households),All Households,Households
UV065EW,UV065,Univariate Tables Table 65,Household composition (households) ,UV065: Household composition (households) ,All Households,Households
UV066S,UV066,Univariate Tables Table 66,Household Composition (Households) (Alternative Classification),UV066: Household Composition (Households) (Alternative Classification),All Households,Households
UV066NI,UV066,Univariate Tables Table 66,Household Composition (Households) (Alternative Classification),UV066: Household Composition (Households) (Alternative Classification),All Households,Households
UV066EW,UV066,Univariate Tables Table 66,Household Composition (Households) (Alternative Classification),UV066: Household Composition (Households) (Alternative Classification),All Households,Households
UV067EW,UV067,Univariate Tables Table 67,Households By Selected Household Characteristics,UV067: Households By Selected Household Characteristics,All Households,Households
UV068S,UV068,Univariate Tables Table 68,Household Type,UV068: Household Type,All Households,Households
UV068EW,UV068,Univariate Tables Table 68,Household Type,UV068: Household Type,All Households,Households
UV069S,UV069,Univariate Tables Table 69,Multiple Ethnic Groups,UV069: Multiple Ethnic Groups,All Households,Households
UV069NI,UV069,Univariate Tables Table 69,Multiple Ethnic Groups,UV069: Multiple Ethnic Groups,All Households,Households
UV069EW,UV069,Univariate Tables Table 69,Multiple Ethnic Groups,UV069: Multiple Ethnic Groups,All Households,Households
UV070S,UV070,Univariate Tables Table 70,"Communal Establishment (England, Wales and Scotland)","UV070: Communal Establishment (England, Wales and Scotland)",All Communal Establishments,Communal Establishments
UV070EW,UV070,Univariate Tables Table 70,"Communal Establishments (England, Wales and Scotland)","UV070: Communal Establishments (England, Wales and Scotland)",All Communal Establishments,Communal Establishments
UV071S,UV071,Univariate Tables Table 71,Communal Establishment Residents,UV071: Communal Establishment Residents,All People in Communal Establishments,Persons
UV071EW,UV071,Univariate Tables Table 71,Communal establishment residents ,UV071: Communal establishment residents ,All People in Communal Establishments,Persons
UV072NI,UV072,Univariate Tables Table 72,Communal Establishments,UV072: Communal Establishments,All Communal Establishments,Communal Establishments
UV073S,UV073,Univariate Tables Table 73,"All People in Communal Establishments (England, Wales and Scotland)","UV073: All People in Communal Establishments (England, Wales and Scotland)",All People in Communal Establishments,Persons
UV073EW,UV073,Univariate Tables Table 73,"All People In Communal Establishments (England, Wales And Scotland)","UV073: All People In Communal Establishments (England, Wales And Scotland)",All People in Communal Establishments,Persons
UV074NI,UV074,Univariate Tables Table 74,All Persons in Communal Establishments,UV074: All Persons in Communal Establishments,All People in Communal Establishments,Persons
UV075EW,UV075,Univariate Tables Table 75,Age (Workplace Population),UV075: Age (Workplace Population),,
UV076EW,UV076,Univariate Tables Table 76,NS-Sec (Workplace Population),UV076: NS-Sec (Workplace Population),,
UV077NI,UV077,Univariate Tables Table 77,Industry (Workplace Population),UV077: Industry (Workplace Population),All People Aged 16-74 in Employment in the Area,Persons
UV077EW,UV077,Univariate Tables Table 77,Industry (Workplace Population),UV077: Industry (Workplace Population),,
UV078NI,UV078,Univariate Tables Table 78,Approximated Social Grade (Workplace Population),UV078: Approximated Social Grade (Workplace Population),All People Aged 16-74 in Employment in the Area,Persons
UV078EW,UV078,Univariate Tables Table 78,Approximated Social Grade (Workplace Population),UV078: Approximated Social Grade (Workplace Population),,
UV079NI,UV079,Univariate Tables Table 79,Occupation (Workplace Population),UV079: Occupation (Workplace Population),All People Aged 16-74 in Employment in the Area,Persons
UV079EW,UV079,Univariate Tables Table 79,Occupation (Workplace Population),UV079: Occupation (Workplace Population),,
UV080EW,UV080,Univariate Tables Table 80,Distance Travelled To Work (Workplace Population),UV080: Distance Travelled To Work (Workplace Population),,
UV081EW,UV081,Univariate Tables Table 81,Armed Forces,UV081: Armed Forces,,
UV082NI,UV082,Univariate Tables Table 82,Living Arrangements,UV082: Living Arrangements,All People Aged 16 and over in Households,Persons
UV082EW,UV082,Univariate Tables Table 82,"Living Arrangements (England, Wales and Northern Ireland)","UV082: Living Arrangements (England, Wales and Northern Ireland)",All People Aged 16 and Over in Households,Persons
UV083NI,UV083,Univariate Tables Table 83,Persons Per Room (People),UV083: Persons Per Room (People),All People in Households,Persons
UV083EW,UV083,Univariate Tables Table 83,Persons Per Room,UV083: Persons Per Room,All Household Residents,Persons
UV084W,UV084,Univariate Tables Table 84,Welsh Language Skills,UV084: Welsh Language Skills,All People Aged 3 and Over,Persons
UV085EW,UV085,Univariate Tables Table 85,Residents In Households By NS-Sec Of Household Reference Person Under Pensionable Age,UV085: Residents In Households By NS-Sec Of Household Reference Person Under Pensionable Age,Resident Population in Households,Persons
UV086NI,UV086,Univariate Tables Table 86,Method of Travel to Work (Daytime Population),UV086: Method of Travel to Work (Daytime Population),All Daytime Population Aged 16 to 74,Persons
UV087NI,UV087,Univariate Tables Table 87,Method of Travel to Work - Resident Population,UV087: Method of Travel to Work - Resident Population,All People Aged 16 to 74 Resident in the Area,Persons
UV088NI,UV088,Univariate Tables Table 88,Tenure (People),UV088: Tenure (People),All People in Households,Persons
UV089NI,UV089,Univariate Tables Table 89,Tenure (Households),UV089: Tenure (Households),All Households,Households
UV090NI,UV090,Univariate Tables Table 90,National Statistics Socio-Economic Classification (NS-SeC) (Working Age),UV090: National Statistics Socio-Economic Classification (NS-SeC) (Working Age),All People Aged 16 to Pensionable Age,Persons
UV093NI,UV093,Univariate Tables Table 93,Cohabiting Same-Sex Couples,UV093: Cohabiting Same-Sex Couples,All People Aged 16 and over in Households,Persons
UV093EW,UV093,Univariate Tables Table 93,Same-Sex Couples,UV093: Same-Sex Couples,,
UV094NI,UV094,Univariate Tables Table 94,NS-SeC of Household Reference Person (HRP) (All People),UV094: NS-SeC of Household Reference Person (HRP) (All People),All People in Households,Persons
UV095NI,UV095,Univariate Tables Table 95,Age (Single Year),UV095: Age (Single Year),All People,Persons
UV096NI,UV096,Univariate Tables Table 96,Age (5 Year),UV096: Age (5 Year),All People,Persons
UV097NI,UV097,Univariate Tables Table 97,Country of Birth (Intermediate Detail),UV097: Country of Birth (Intermediate Detail),All People,Persons
UV098NI,UV098,Univariate Tables Table 98,Country of Birth (Basic Detail),UV098: Country of Birth (Basic Detail),All People,Persons
UV099NI,UV099,Univariate Tables Table 99,Knowledge of Irish (Full Detail),UV099: Knowledge of Irish (Full Detail),All People Aged 3 and over,Persons
UV100NI,UV100,Univariate Tables Table 100,Time Since Last Worked (Working Age),UV100: Time Since Last Worked (Working Age),All People Aged 16 to Pensionable Age,Persons
UV101NI,UV101,Univariate Tables Table 101,Economic Activity (Working Age),UV101: Economic Activity (Working Age),All People Aged 16 to Pensionable Age,Persons
UV102NI,UV102,Univariate Tables Table 102,Economic Activity - Full-Time Students (Working Age),UV102: Economic Activity - Full-Time Students (Working Age),All Full-Time Students and Schoolchildren Aged 16 to Pensionable Age,"Persons; Schoolchildren, Students"
UV103NI,UV103,Univariate Tables Table 103,Tenure of 'Pensioner' Households,UV103: Tenure of 'Pensioner' Households,All Households Where the Household Reference Person is of Pensionable Age,Households
UV104NI,UV104,Univariate Tables Table 104,Approximated Social Grade (Households),UV104: Approximated Social Grade (Households),All Household Reference Persons,Households
UV105NI,UV105,Univariate Tables Table 105,Community Background (Religion or Religion Brought Up In) Structure of Households (Full Detail),UV105: Community Background (Religion or Religion Brought Up In) Structure of Households (Full Detail),All Households,Households
UV107NI,UV107,Univariate Tables Table 107,Occupancy Rating (People),UV107: Occupancy Rating (People),All People in Households,Persons
UV108NI,UV108,Univariate Tables Table 108,NS-SeC of Household Reference Person (HRP) Aged 16 to Pensionable Age (People),UV108: NS-SeC of Household Reference Person (HRP) Aged 16 to Pensionable Age (People),All People in Households Where the HRP is Aged 16 to Pensionable Age,Persons
UV109NI,UV109,Univariate Tables Table 109,NS-SeC of Household Reference Person (HRP),UV109: NS-SeC of Household Reference Person (HRP),All Household Reference Persons,Persons
UV110NI,UV110,Univariate Tables Table 110,Self-Contained,UV110: Self-Contained,All Households,Households
UV111NI,UV111,Univariate Tables Table 111,Number of Dependent Children (Households),UV111: Number of Dependent Children (Households),All Households,Households
UV112NI,UV112,Univariate Tables Table 112,Number of Dependent Children (Families),UV112: Number of Dependent Children (Families),All Families in Households,Families
UV113NI,UV113,Univariate Tables Table 113,Ethnic Group of Household Reference Person (HRP) - 12-Way Classification,UV113: Ethnic Group of Household Reference Person (HRP) - 12-Way Classification,All Household Reference Persons,Persons
UV114NI,UV114,Univariate Tables Table 114,Ethnic Group of Household Reference Person (HRP) - 5-Way Classification,UV114: Ethnic Group of Household Reference Person (HRP) - 5-Way Classification,All Household Reference Persons,Persons
UV115NI,UV115,Univariate Tables Table 115,Community Background (Religion or Religion Brought Up In) of Household Reference Person (HRP),UV115: Community Background (Religion or Religion Brought Up In) of Household Reference Person (HRP),All Household Reference Persons,Persons
UV116NI,UV116,Univariate Tables Table 116,Religion (Full Detail),UV116: Religion (Full Detail),All People,Persons
UV117NI,UV117,Univariate Tables Table 117,Distance to Place of Work,UV117: Distance to Place of Work,All People Aged 16-74 in Employment,Persons
UV118NI,UV118,Univariate Tables Table 118,Sex (Workplace Population),UV118: Sex (Workplace Population),All People Aged 16-74 in Employment in the Area,Persons
UV119NI,UV119,Univariate Tables Table 119,Age (Workplace Population),UV119: Age (Workplace Population),All People Aged 16-74 in Employment in the Area,Persons
UV120NI,UV120,Univariate Tables Table 120,Community Background (Religion or Religion Brought Up In),UV120: Community Background (Religion or Religion Brought Up In),All People Aged 16-74 in Employment in the Area,Persons
UV121NI,UV121,Univariate Tables Table 120,NS-SEC (Workplace Population),UV121: NS-SEC (Workplace Population),All People Aged 16-74 in Employment in the Area,Persons
UV122NI,UV122,Univariate Tables Table 120,Distance to Place of Work (Workplace Population),UV122: Distance to Place of Work (Workplace Population),All People Aged 16-74 in Employment in the Area,Persons
