zoneid,year,ward_code,total_pop,chinese_ethnic_count,chinese_ethnic_pct,asia_born_count,asia_born_pct,asia_born_pct_is_proxy,pop_16_74,econ_active_rate,unemployment_rate,self_employment_rate,total_hh_spaces,owner_occ_rate,council_rent_rate,private_rent_rate,overcrowd_rate,overcrowd_severe_rate,no_bath_wc_rate,no_car_rate
00BNFA0001,2001,00BNFA,275,0,0.0,30,10.91,True,214,42.52,9.35,2.8,128,14.84,46.09,25.78,0.0,0.0,6.72,62.6
00BNFA0002,2001,00BNFA,211,3,1.42,6,2.84,True,152,47.37,9.87,3.95,125,12.8,47.2,19.2,0.0,0.0,13.45,70.31
00BNFA0003,2001,00BNFA,369,17,4.61,74,20.05,True,281,34.52,3.91,1.78,139,8.63,45.32,41.73,4.51,4.51,12.23,71.63
00BNFA0004,2001,00BNFA,289,0,0.0,4,1.38,True,181,43.09,4.42,3.87,113,16.81,56.64,2.65,5.26,0.0,0.0,58.62
00BNFA0005,2001,00BNFA,328,0,0.0,27,8.23,True,207,53.62,9.18,0.0,135,9.63,61.48,10.37,6.2,0.0,2.22,67.41
00BNFA0006,2001,00BNFA,210,11,5.24,26,12.38,True,185,61.62,8.11,4.86,107,9.35,24.3,66.36,5.77,2.88,4.8,55.86
00BNFA0007,2001,00BNFA,1097,227,20.69,337,30.72,True,1052,25.95,1.33,0.57,139,4.32,74.1,17.99,4.17,2.08,2.13,67.81
00BNFA0008,2001,00BNFA,258,6,2.33,11,4.26,True,190,32.63,14.74,1.58,124,11.29,26.61,39.52,7.03,4.69,15.79,70.23
00BNFA0009,2001,00BNFA,350,53,15.14,73,20.86,True,234,47.01,5.56,1.28,133,10.53,84.21,5.26,9.85,2.27,4.58,60.45
00BNFA0010,2001,00BNFA,194,30,15.46,44,22.68,True,174,62.07,10.92,5.75,137,2.19,89.78,2.92,0.0,0.0,2.03,66.91
00BNFA0011,2001,00BNFA,270,25,9.26,22,8.15,True,128,32.03,13.28,0.0,93,3.23,18.28,9.68,3.3,0.0,0.0,63.27
00BNFA0012,2001,00BNFA,269,15,5.58,38,14.13,True,194,54.12,6.19,3.09,132,15.15,71.21,9.09,8.89,4.44,0.0,59.26
00BNFA0013,2001,00BNFA,152,0,0.0,0,0.0,True,136,49.26,11.76,2.21,121,3.31,84.3,9.92,0.0,0.0,2.34,77.17
00BNFA0014,2001,00BNFA,277,39,14.08,33,11.91,True,188,46.81,6.38,0.0,112,15.18,38.39,28.57,5.5,2.75,7.69,55.45
00BNFA0015,2001,00BNFA,258,3,1.16,27,10.47,True,187,57.75,10.7,2.14,124,6.45,72.58,12.9,4.88,2.44,0.0,69.53
00BNFA0016,2001,00BNFA,223,7,3.14,25,11.21,True,187,52.94,10.16,3.21,125,14.4,78.4,4.8,0.0,0.0,2.38,65.89
00BNFA0017,2001,00BNFA,255,0,0.0,6,2.35,True,194,39.18,9.79,1.55,127,16.54,55.12,15.75,2.36,2.36,7.56,63.36
00BNFA0018,2001,00BNFA,255,3,1.18,3,1.18,True,196,52.55,11.73,3.06,135,15.56,67.41,12.59,0.0,0.0,6.43,65.65
00BNFA0019,2001,00BNFA,212,4,1.89,19,8.96,True,160,40.0,8.12,1.88,127,11.81,71.65,11.81,7.69,5.13,2.65,70.83
00BNFA0020,2001,00BNFA,253,11,4.35,30,11.86,True,191,50.26,6.81,5.24,108,19.44,65.74,12.04,6.14,0.0,15.93,64.04
00BNFA0021,2001,00BNFA,264,0,0.0,0,0.0,True,200,47.0,4.5,1.5,139,23.02,50.36,8.63,0.0,0.0,2.36,59.85
00BNFA0022,2001,00BNFA,287,17,5.92,41,14.29,True,163,40.49,9.82,2.45,119,10.92,24.37,10.08,5.22,0.0,2.48,64.15
00BNFA0023,2001,00BNFA,255,39,15.29,55,21.57,True,166,42.17,10.84,3.61,125,4.8,12.0,13.6,0.0,0.0,8.06,62.99
00BNFA0024,2001,00BNFA,253,0,0.0,3,1.19,True,182,40.66,3.3,0.0,132,22.73,44.7,8.33,0.0,0.0,7.63,63.08
00BNFA0025,2001,00BNFA,235,7,2.98,21,8.94,True,136,43.38,4.41,4.41,125,8.0,57.6,14.4,11.2,2.4,0.0,61.82
00BNFA0026,2001,00BNFA,222,3,1.35,24,10.81,True,172,52.33,13.37,5.23,124,11.29,76.61,12.1,5.74,2.46,2.63,71.68
00BNFA0027,2001,00BNFA,321,13,4.05,54,16.82,True,240,42.5,4.17,2.5,125,16.0,56.8,13.6,7.14,2.38,4.84,60.83
00BNFA0028,2001,00BNFA,215,0,0.0,24,11.16,True,170,47.65,14.71,1.76,129,12.4,72.09,9.3,3.51,0.0,6.62,68.7
00BNFA0029,2001,00BNFA,245,10,4.08,23,9.39,True,168,58.33,9.52,1.79,124,12.1,74.19,9.68,4.8,0.0,10.87,69.11
00BNFA0030,2001,00BNFA,287,8,2.79,28,9.76,True,251,37.05,1.2,1.99,117,5.98,5.98,65.81,0.0,0.0,13.33,62.83
00BNFA0031,2001,00BNFA,274,0,0.0,22,8.03,True,202,46.04,11.39,4.46,116,15.52,78.45,6.03,5.13,2.56,5.66,61.4
00BNFA0032,2001,00BNFA,279,10,3.58,19,6.81,True,179,40.78,7.26,1.68,125,12.8,78.4,8.8,4.92,0.0,2.27,68.33
00BNFA0033,2001,00BNFA,401,6,1.5,27,6.73,True,252,41.67,6.35,1.19,139,11.51,58.27,24.46,2.26,0.0,6.52,61.7
00BNFA0034,2001,00BNFA,344,10,2.91,46,13.37,True,238,44.96,5.04,1.68,135,11.85,34.07,34.81,0.0,0.0,13.33,53.96
00BNFB0001,2001,00BNFB,306,0,0.0,3,0.98,True,206,61.17,4.37,2.91,120,48.33,49.17,2.5,0.0,0.0,9.16,40.83
00BNFB0002,2001,00BNFB,317,0,0.0,0,0.0,True,187,62.57,6.42,0.0,117,33.33,57.26,9.4,2.34,0.0,4.96,47.54
00BNFB0003,2001,00BNFB,336,0,0.0,3,0.89,True,246,67.89,2.44,5.69,132,93.18,4.55,2.27,2.27,0.0,2.31,17.56
00BNFB0004,2001,00BNFB,364,0,0.0,0,0.0,True,292,73.29,3.08,4.79,153,92.16,1.96,3.92,0.0,0.0,15.44,9.21
00BNFB0005,2001,00BNFB,260,0,0.0,3,1.15,True,151,53.64,0.0,1.99,131,42.75,49.62,7.63,0.0,0.0,7.2,45.74
00BNFB0006,2001,00BNFB,412,3,0.73,26,6.31,True,301,59.47,3.32,1.99,128,30.47,60.94,8.59,2.38,0.0,2.34,46.34
00BNFB0007,2001,00BNFB,327,0,0.0,3,0.92,True,182,57.69,7.69,3.3,127,24.41,55.12,7.87,0.0,0.0,4.32,58.21
00BNFB0008,2001,00BNFB,233,0,0.0,0,0.0,True,173,81.5,1.73,6.94,104,86.54,5.77,7.69,5.71,0.0,46.53,16.19
00BNFB0009,2001,00BNFB,297,6,2.02,6,2.02,True,228,71.49,1.32,7.02,125,95.2,2.4,2.4,2.36,2.36,8.55,20.0
00BNFB0010,2001,00BNFB,280,6,2.14,6,2.14,True,184,67.39,3.26,3.26,124,43.55,44.35,9.68,0.0,0.0,7.63,42.98
00BNFB0011,2001,00BNFB,200,0,0.0,0,0.0,True,131,55.73,6.87,2.29,120,25.83,63.33,10.83,0.0,0.0,9.6,61.48
00BNFB0012,2001,00BNFB,302,0,0.0,3,0.99,True,148,56.08,6.08,2.03,140,21.43,39.29,11.43,0.0,0.0,8.45,67.67
00BNFB0013,2001,00BNFB,258,0,0.0,3,1.16,True,178,64.61,3.37,6.74,120,51.67,38.33,10.0,0.0,0.0,5.31,36.84
00BNFB0014,2001,00BNFB,305,0,0.0,0,0.0,True,208,55.29,8.17,1.44,126,23.81,65.08,11.11,2.34,0.0,7.32,47.97
00BNFB0015,2001,00BNFB,319,0,0.0,4,1.25,True,213,55.4,4.23,1.41,131,38.17,51.15,10.69,4.62,0.0,4.48,59.84
00BNFB0016,2001,00BNFB,269,0,0.0,0,0.0,True,157,52.87,0.0,3.82,111,26.13,59.46,6.31,0.0,0.0,5.22,57.89
00BNFB0017,2001,00BNFB,261,7,2.68,8,3.07,True,193,59.59,5.18,4.66,122,32.79,50.82,13.93,0.0,0.0,5.08,44.63
00BNFB0018,2001,00BNFB,292,0,0.0,6,2.05,True,222,59.91,6.76,5.41,125,42.4,44.0,11.2,2.42,0.0,9.84,48.36
00BNFB0019,2001,00BNFB,182,0,0.0,8,4.4,True,162,88.89,1.85,8.64,96,56.25,6.25,37.5,0.0,0.0,0.0,3.23
00BNFB0020,2001,00BNFB,184,0,0.0,0,0.0,True,135,58.52,4.44,6.67,127,36.22,4.72,6.3,0.0,0.0,2.52,49.18
00BNFB0021,2001,00BNFB,351,3,0.85,6,1.71,True,261,78.93,2.3,9.2,142,88.03,6.34,5.63,0.0,0.0,2.24,5.15
00BNFB0022,2001,00BNFB,293,0,0.0,4,1.37,True,190,51.05,6.84,4.21,121,50.41,41.32,3.31,2.54,0.0,7.14,53.23
00BNFB0023,2001,00BNFB,266,0,0.0,6,2.26,True,172,61.05,0.0,8.14,103,94.17,2.91,2.91,0.0,0.0,0.0,12.0
00BNFB0024,2001,00BNFB,309,0,0.0,0,0.0,True,193,75.13,7.25,6.74,116,48.28,43.1,8.62,0.0,0.0,2.59,39.82
00BNFB0025,2001,00BNFB,298,0,0.0,0,0.0,True,182,63.74,4.95,3.3,111,51.35,35.14,13.51,2.73,2.73,17.21,45.38
00BNFB0026,2001,00BNFB,267,0,0.0,6,2.25,True,193,49.22,5.7,1.55,135,28.15,66.67,5.19,0.0,0.0,6.21,57.14
00BNFB0027,2001,00BNFB,371,0,0.0,6,1.62,True,297,84.51,3.03,4.38,146,90.41,2.05,5.48,2.1,0.0,19.42,7.35
00BNFB0028,2001,00BNFB,201,7,3.48,3,1.49,True,130,73.85,4.62,4.62,132,46.21,12.12,9.09,4.32,0.0,2.38,43.51
00BNFB0029,2001,00BNFB,304,0,0.0,0,0.0,True,204,58.33,4.41,1.47,145,22.07,70.34,5.52,0.0,0.0,12.0,61.43
00BNFB0030,2001,00BNFB,268,10,3.73,13,4.85,True,216,80.56,3.7,9.26,111,90.99,3.6,5.41,2.65,0.0,0.0,2.88
00BNFB0031,2001,00BNFB,261,0,0.0,0,0.0,True,165,49.7,3.03,1.82,130,39.23,52.31,8.46,2.24,0.0,8.06,62.02
00BNFB0032,2001,00BNFB,278,0,0.0,3,1.08,True,180,55.56,5.0,3.33,126,31.75,46.03,3.97,6.77,2.26,12.2,54.4
00BNFB0033,2001,00BNFB,294,0,0.0,0,0.0,True,167,65.27,1.8,0.0,123,52.85,37.4,9.76,2.54,0.0,9.68,43.33
00BNFB0034,2001,00BNFB,232,0,0.0,0,0.0,True,180,53.33,3.33,1.67,131,22.9,64.12,9.92,2.26,0.0,0.0,63.49
00BNFB0035,2001,00BNFB,247,0,0.0,3,1.21,True,175,61.71,12.57,1.71,131,34.35,60.31,5.34,0.0,0.0,7.63,56.83
00BNFB0036,2001,00BNFB,282,0,0.0,4,1.42,True,180,60.0,6.67,0.0,125,36.8,51.2,12.0,0.0,0.0,4.96,47.97
00BNFB0037,2001,00BNFB,302,3,0.99,3,0.99,True,198,55.05,9.09,3.03,133,23.31,65.41,9.02,2.96,0.0,2.29,60.14
00BNFB0038,2001,00BNFB,272,3,1.1,3,1.1,True,191,53.93,7.33,3.14,121,38.84,33.88,9.09,0.0,0.0,0.0,47.9
00BNFB0039,2001,00BNFB,303,0,0.0,0,0.0,True,194,54.64,4.64,3.61,127,33.86,52.76,3.94,4.48,2.24,2.29,44.78
00BNFB0040,2001,00BNFB,266,0,0.0,4,1.5,True,189,50.26,8.47,3.17,126,12.7,45.24,12.7,4.84,4.84,2.5,61.79
00BNFC0001,2001,00BNFC,318,0,0.0,17,5.35,True,210,58.57,4.29,5.71,134,38.06,44.78,12.69,4.41,2.21,2.38,43.38
00BNFC0002,2001,00BNFC,298,8,2.68,17,5.7,True,260,70.77,4.62,6.92,132,53.79,0.0,43.18,4.41,4.41,19.55,36.03
00BNFC0003,2001,00BNFC,248,0,0.0,11,4.44,True,253,68.77,2.37,3.95,123,26.02,0.0,73.98,0.0,0.0,3.12,40.31
00BNFC0004,2001,00BNFC,213,6,2.82,7,3.29,True,151,43.05,7.28,1.99,107,18.69,57.94,18.69,2.7,2.7,5.41,55.14
00BNFC0005,2001,00BNFC,259,3,1.16,18,6.95,True,182,61.54,12.09,4.95,118,11.86,68.64,15.25,2.42,0.0,4.96,47.97
00BNFC0006,2001,00BNFC,274,0,0.0,42,15.33,True,215,69.77,1.4,6.51,112,67.86,0.0,32.14,5.31,0.0,9.32,24.58
00BNFC0007,2001,00BNFC,463,23,4.97,36,7.78,True,374,39.57,4.01,0.0,148,31.08,31.08,10.81,2.13,0.0,7.79,55.24
00BNFC0008,2001,00BNFC,266,3,1.13,9,3.38,True,245,70.61,2.45,6.12,112,65.18,0.0,29.46,0.0,0.0,2.38,27.12
00BNFC0009,2001,00BNFC,306,3,0.98,10,3.27,True,212,53.77,2.83,6.6,128,41.41,39.84,18.75,4.44,2.22,2.29,46.03
00BNFC0010,2001,00BNFC,291,0,0.0,7,2.41,True,188,56.91,7.98,8.51,120,37.5,55.0,7.5,5.13,0.0,0.0,54.4
00BNFC0011,2001,00BNFC,262,0,0.0,9,3.44,True,199,59.3,7.54,9.05,111,29.73,53.15,17.12,0.0,0.0,2.63,47.22
00BNFC0012,2001,00BNFC,257,0,0.0,15,5.84,True,190,54.21,4.74,4.74,134,30.6,64.93,4.48,2.34,0.0,2.38,46.62
00BNFC0013,2001,00BNFC,288,0,0.0,7,2.43,True,192,53.65,6.77,4.69,118,39.83,50.85,9.32,2.61,0.0,2.5,45.22
00BNFC0014,2001,00BNFC,309,3,0.97,11,3.56,True,283,77.74,3.89,9.19,143,38.46,4.2,55.24,0.0,0.0,11.63,35.07
00BNFC0015,2001,00BNFC,288,10,3.47,7,2.43,True,195,75.9,1.54,7.69,132,19.7,2.27,40.91,0.0,0.0,4.44,42.22
00BNFC0016,2001,00BNFC,299,0,0.0,17,5.69,True,273,70.7,5.49,6.23,131,44.27,0.0,53.44,2.27,0.0,7.94,29.92
00BNFC0017,2001,00BNFC,305,0,0.0,6,1.97,True,214,57.01,8.41,2.8,145,26.9,62.76,8.28,2.01,0.0,4.35,55.78
00BNFC0018,2001,00BNFC,252,3,1.19,9,3.57,True,228,71.05,2.63,2.63,122,10.66,0.0,89.34,0.0,0.0,13.22,23.14
00BNFC0019,2001,00BNFC,276,4,1.45,13,4.71,True,217,72.35,1.38,2.76,124,90.32,4.84,4.84,0.0,0.0,10.77,24.39
00BNFC0020,2001,00BNFC,272,0,0.0,19,6.99,True,228,71.05,2.63,11.84,117,79.49,5.13,15.38,7.32,4.88,0.0,14.15
00BNFC0021,2001,00BNFC,276,3,1.09,3,1.09,True,200,61.0,6.0,3.0,111,48.65,41.44,9.91,2.73,0.0,2.59,44.64
00BNFC0022,2001,00BNFC,301,0,0.0,7,2.33,True,274,74.82,2.19,12.04,133,24.81,6.77,66.17,0.0,0.0,3.7,18.18
00BNFC0023,2001,00BNFC,278,3,1.08,20,7.19,True,256,81.25,5.08,7.42,136,28.68,5.15,66.18,2.16,0.0,14.71,24.11
00BNFC0024,2001,00BNFC,287,0,0.0,16,5.57,True,257,69.26,1.17,5.45,146,30.82,4.11,63.01,2.19,2.19,5.76,39.29
00BNFC0025,2001,00BNFC,282,0,0.0,15,5.32,True,193,58.55,9.84,2.59,121,21.49,66.12,9.92,2.56,0.0,2.56,46.34
00BNFC0026,2001,00BNFC,313,7,2.24,14,4.47,True,207,68.12,2.9,14.49,98,75.51,10.2,14.29,0.0,0.0,3.09,13.27
00BNFC0027,2001,00BNFC,252,0,0.0,13,5.16,True,212,82.08,3.3,10.38,134,30.6,2.24,64.93,0.0,0.0,11.11,38.06
00BNFC0028,2001,00BNFC,228,3,1.32,10,4.39,True,195,85.13,3.59,7.69,138,39.13,4.35,54.35,0.0,0.0,2.22,29.55
00BNFC0029,2001,00BNFC,191,0,0.0,6,3.14,True,177,83.62,0.0,5.08,118,43.22,2.54,44.07,0.0,0.0,13.16,25.21
00BNFC0030,2001,00BNFC,170,0,0.0,8,4.71,True,152,86.18,3.95,9.21,123,5.69,2.44,91.87,0.0,0.0,19.69,46.72
00BNFC0031,2001,00BNFC,266,0,0.0,21,7.89,True,246,78.86,4.47,1.22,158,13.29,1.9,79.11,2.05,2.05,3.47,36.49
00BNFC0032,2001,00BNFC,298,3,1.01,16,5.37,True,258,76.36,3.88,7.75,139,51.8,0.0,46.04,0.0,0.0,6.82,24.46
00BNFC0033,2001,00BNFC,313,8,2.56,13,4.15,True,189,43.39,6.88,2.12,118,15.25,69.49,12.71,2.48,0.0,2.5,54.55
00BNFC0034,2001,00BNFC,236,0,0.0,10,4.24,True,153,56.21,1.96,7.84,105,51.43,33.33,12.38,0.0,0.0,10.17,49.12
00BNFC0035,2001,00BNFC,253,3,1.19,4,1.58,True,184,49.46,5.43,2.17,118,44.92,43.22,11.86,0.0,0.0,5.17,47.11
00BNFC0036,2001,00BNFC,232,0,0.0,10,4.31,True,160,48.12,4.38,1.88,112,22.32,50.0,9.82,2.83,2.83,5.5,57.39
00BNFC0037,2001,00BNFC,271,0,0.0,15,5.54,True,199,43.22,2.01,6.03,122,21.31,64.75,5.74,2.42,0.0,9.09,56.1
00BNFC0038,2001,00BNFC,178,0,0.0,9,5.06,True,168,82.74,0.0,3.57,124,55.65,7.26,33.87,2.42,2.42,8.26,26.4
00BNFC0039,2001,00BNFC,268,0,0.0,11,4.1,True,171,75.44,1.75,2.92,131,41.22,3.05,47.33,2.36,0.0,6.57,33.85
00BNFC0040,2001,00BNFC,296,0,0.0,3,1.01,True,211,54.5,9.0,3.32,123,24.39,66.67,8.94,0.0,0.0,7.14,46.34
00BNFC0041,2001,00BNFC,286,0,0.0,15,5.24,True,197,50.76,6.09,2.03,122,23.77,72.13,4.1,2.44,0.0,13.95,46.61
00BNFC0042,2001,00BNFC,374,16,4.28,40,10.7,True,337,56.08,0.0,5.64,99,80.81,3.03,16.16,0.0,0.0,5.56,10.58
00BNFC0043,2001,00BNFC,245,0,0.0,6,2.45,True,154,62.99,1.95,12.99,149,26.85,4.03,18.79,0.0,0.0,1.94,55.33
00BNFC0044,2001,00BNFC,310,0,0.0,26,8.39,True,223,50.22,13.9,1.35,119,19.33,67.23,13.45,6.72,2.52,0.0,57.6
00BNFC0045,2001,00BNFC,254,0,0.0,7,2.76,True,198,61.62,6.06,1.52,111,28.83,61.26,9.91,0.0,0.0,12.0,53.78
00BNFC0046,2001,00BNFC,190,0,0.0,6,3.16,True,164,46.34,14.63,4.27,127,11.02,75.59,11.02,0.0,0.0,9.23,70.54
00BNFC0047,2001,00BNFC,273,0,0.0,16,5.86,True,191,57.07,9.95,3.14,120,30.0,57.5,10.0,2.42,0.0,14.52,48.78
00BNFD0001,2001,00BNFD,313,3,0.96,6,1.92,True,201,42.29,4.48,1.49,127,18.9,33.07,11.02,6.87,0.0,2.8,55.37
00BNFD0002,2001,00BNFD,315,0,0.0,3,0.95,True,204,55.39,7.84,1.47,128,13.28,49.22,7.03,2.31,0.0,2.38,52.76
00BNFD0003,2001,00BNFD,203,0,0.0,0,0.0,True,135,43.7,2.22,4.44,109,8.26,18.35,8.26,0.0,0.0,5.17,73.5
00BNFD0004,2001,00BNFD,303,0,0.0,3,0.99,True,173,50.87,3.47,0.0,127,19.69,33.07,13.39,4.8,0.0,2.52,56.1
00BNFD0005,2001,00BNFD,234,0,0.0,0,0.0,True,155,54.84,5.81,0.0,117,13.68,33.33,8.55,0.0,0.0,5.41,50.91
00BNFD0006,2001,00BNFD,317,0,0.0,0,0.0,True,199,43.22,5.03,3.02,121,14.88,47.93,5.79,2.56,2.56,7.63,58.87
00BNFD0007,2001,00BNFD,319,0,0.0,0,0.0,True,222,57.21,4.5,3.15,119,37.82,27.73,2.52,0.0,0.0,4.88,47.11
00BNFD0008,2001,00BNFD,326,0,0.0,0,0.0,True,210,50.95,10.0,2.86,131,8.4,38.93,7.63,4.48,0.0,2.16,53.54
00BNFD0009,2001,00BNFD,303,0,0.0,4,1.32,True,200,49.0,4.5,1.5,126,26.98,30.16,8.73,2.4,2.4,4.72,47.2
00BNFD0010,2001,00BNFD,333,3,0.9,0,0.0,True,221,45.25,8.6,2.71,131,24.43,32.06,8.4,4.69,0.0,2.46,50.82
00BNFD0011,2001,00BNFD,319,0,0.0,0,0.0,True,203,54.68,11.33,0.0,123,34.96,29.27,9.76,0.0,0.0,8.2,45.67
00BNFD0012,2001,00BNFD,284,0,0.0,6,2.11,True,196,45.92,7.65,0.0,117,9.4,32.48,5.13,2.61,0.0,0.0,48.31
00BNFD0013,2001,00BNFD,313,0,0.0,3,0.96,True,205,57.07,6.34,1.46,128,28.12,23.44,10.94,2.48,0.0,6.77,48.46
00BNFD0014,2001,00BNFD,330,0,0.0,3,0.91,True,233,54.08,6.87,1.72,137,30.66,32.85,10.22,2.29,0.0,0.0,50.76
00BNFD0015,2001,00BNFD,313,0,0.0,3,0.96,True,184,45.65,8.15,0.0,126,15.08,39.68,5.56,2.48,0.0,7.09,56.92
00BNFD0016,2001,00BNFD,305,0,0.0,3,0.98,True,204,59.31,9.8,1.47,131,23.66,31.3,6.87,2.4,0.0,7.2,50.0
00BNFD0017,2001,00BNFD,313,0,0.0,0,0.0,True,191,49.74,6.28,1.57,129,15.5,41.86,6.2,2.34,0.0,8.7,55.88
00BNFD0018,2001,00BNFD,366,0,0.0,0,0.0,True,209,55.5,9.09,4.31,124,18.55,29.84,5.65,6.5,0.0,4.48,50.39
00BNFD0019,2001,00BNFD,313,0,0.0,0,0.0,True,222,56.31,7.66,2.7,129,24.03,20.16,5.43,4.65,0.0,0.0,54.89
00BNFD0020,2001,00BNFD,322,0,0.0,3,0.93,True,197,57.87,11.68,0.0,125,10.4,36.8,12.8,0.0,0.0,0.0,61.24
00BNFD0021,2001,00BNFD,317,0,0.0,3,0.95,True,195,46.67,7.69,3.08,124,16.94,31.45,7.26,4.58,0.0,2.63,57.48
00BNFD0022,2001,00BNFD,186,0,0.0,0,0.0,True,135,52.59,4.44,0.0,105,10.48,40.95,6.67,2.83,0.0,8.57,63.73
00BNFD0023,2001,00BNFD,327,0,0.0,4,1.22,True,220,55.91,8.64,0.0,131,23.66,33.59,6.11,4.62,2.31,4.72,49.61
00BNFD0024,2001,00BNFD,362,0,0.0,3,0.83,True,218,51.83,11.47,1.38,128,16.41,38.28,3.12,6.72,0.0,6.82,58.46
00BNFD0025,2001,00BNFD,290,0,0.0,3,1.03,True,166,54.22,6.63,1.81,118,18.64,38.98,11.02,5.0,0.0,2.44,54.17
00BNFD0026,2001,00BNFD,286,0,0.0,0,0.0,True,195,58.46,7.69,0.0,115,31.3,31.3,5.22,7.2,2.4,2.65,55.2
00BNFD0027,2001,00BNFD,284,0,0.0,3,1.06,True,193,51.3,3.63,4.66,122,10.66,37.7,5.74,2.31,0.0,7.09,57.36
00BNFD0028,2001,00BNFD,223,0,0.0,0,0.0,True,141,45.39,4.26,2.13,129,16.28,23.26,7.75,2.31,0.0,6.98,68.55
00BNFD0029,2001,00BNFD,324,3,0.93,0,0.0,True,229,55.46,7.86,3.93,132,25.0,25.0,10.61,4.76,0.0,4.58,55.81
00BNFD0030,2001,00BNFD,281,0,0.0,3,1.07,True,184,46.74,8.15,4.89,129,13.95,34.11,8.53,2.31,0.0,4.44,60.15
00BNFD0031,2001,00BNFD,292,0,0.0,3,1.03,True,188,45.21,6.38,0.0,133,18.05,34.59,6.77,2.36,0.0,6.5,59.68
00BNFD0032,2001,00BNFD,219,0,0.0,0,0.0,True,115,48.7,17.39,0.0,119,11.76,28.57,5.88,4.84,0.0,0.0,82.91
00BNFD0033,2001,00BNFD,231,0,0.0,0,0.0,True,164,49.39,7.32,1.83,119,13.45,38.66,3.36,0.0,0.0,2.4,73.33
00BNFD0034,2001,00BNFD,330,0,0.0,3,0.91,True,243,65.02,6.17,2.47,133,34.59,23.31,5.26,2.21,0.0,6.52,44.03
00BNFD0035,2001,00BNFD,336,0,0.0,6,1.79,True,236,57.2,6.36,2.54,128,22.66,29.69,5.47,6.72,2.24,9.3,62.69
00BNFE0001,2001,00BNFE,298,0,0.0,8,2.68,True,207,50.24,3.86,1.45,123,21.95,65.85,9.76,4.65,0.0,2.46,50.41
00BNFE0002,2001,00BNFE,312,0,0.0,0,0.0,True,206,40.29,9.22,3.4,130,16.92,74.62,8.46,2.96,0.0,2.31,64.66
00BNFE0003,2001,00BNFE,249,0,0.0,6,2.41,True,155,49.03,6.45,4.52,115,29.57,22.61,22.61,4.8,2.4,14.63,67.48
00BNFE0004,2001,00BNFE,313,6,1.92,0,0.0,True,184,47.28,5.43,1.63,118,20.34,38.14,12.71,4.76,2.38,5.26,67.77
00BNFE0005,2001,00BNFE,325,0,0.0,3,0.92,True,218,59.63,5.96,3.21,127,41.73,14.96,19.69,0.0,0.0,20.66,53.33
00BNFE0006,2001,00BNFE,281,0,0.0,0,0.0,True,220,45.0,11.36,0.0,142,9.86,74.65,10.56,0.0,0.0,0.0,63.31
00BNFE0007,2001,00BNFE,264,0,0.0,8,3.03,True,181,41.44,7.18,0.0,120,13.33,78.33,5.83,2.52,2.52,0.0,56.78
00BNFE0008,2001,00BNFE,265,0,0.0,0,0.0,True,187,56.15,8.02,1.6,117,53.85,8.55,22.22,0.0,0.0,31.34,56.67
00BNFE0009,2001,00BNFE,311,0,0.0,6,1.93,True,212,52.36,1.42,6.6,120,58.33,31.67,10.0,0.0,0.0,14.06,48.78
00BNFE0010,2001,00BNFE,342,0,0.0,0,0.0,True,175,48.57,6.86,3.43,129,33.33,28.68,6.98,2.24,0.0,4.32,55.04
00BNFE0011,2001,00BNFE,164,0,0.0,0,0.0,True,130,44.62,7.69,2.31,104,12.5,5.77,19.23,0.0,0.0,22.41,72.57
00BNFE0012,2001,00BNFE,273,0,0.0,7,2.56,True,190,43.16,5.79,1.58,120,20.0,71.67,5.83,4.38,2.19,6.77,61.24
00BNFE0013,2001,00BNFE,212,4,1.89,3,1.42,True,157,41.4,9.55,1.91,139,12.23,71.94,13.67,0.0,0.0,6.72,75.91
00BNFE0014,2001,00BNFE,342,3,0.88,3,0.88,True,200,44.0,4.5,0.0,127,18.9,78.74,2.36,6.02,2.26,0.0,57.97
00BNFE0015,2001,00BNFE,264,6,2.27,6,2.27,True,188,55.32,4.79,3.19,121,36.36,31.4,16.53,2.5,0.0,15.25,52.89
00BNFE0016,2001,00BNFE,213,3,1.41,7,3.29,True,150,58.0,12.0,0.0,118,44.92,28.81,16.95,0.0,0.0,16.26,66.39
00BNFE0017,2001,00BNFE,301,6,1.99,10,3.32,True,195,44.62,5.13,3.08,129,26.36,65.89,7.75,4.48,2.24,0.0,48.03
00BNFE0018,2001,00BNFE,295,5,1.69,9,3.05,True,224,51.79,2.68,2.68,130,38.46,33.85,20.0,2.24,0.0,11.68,61.59
00BNFE0019,2001,00BNFE,293,0,0.0,6,2.05,True,216,55.09,5.56,4.17,133,49.62,3.76,27.82,0.0,0.0,25.0,63.57
00BNFE0020,2001,00BNFE,261,0,0.0,3,1.15,True,172,46.51,1.74,5.23,116,16.38,68.1,8.62,2.54,2.54,2.5,59.17
00BNFE0021,2001,00BNFE,306,3,0.98,4,1.31,True,168,45.83,3.57,0.0,132,43.18,18.94,30.3,0.0,0.0,17.5,68.25
00BNFE0022,2001,00BNFE,261,0,0.0,0,0.0,True,178,50.0,3.37,0.0,117,36.75,22.22,13.68,3.39,0.0,11.11,58.77
00BNFE0023,2001,00BNFE,268,0,0.0,0,0.0,True,171,42.69,7.6,3.51,118,25.42,39.83,9.32,0.0,0.0,9.57,70.25
00BNFE0024,2001,00BNFE,206,0,0.0,0,0.0,True,113,35.4,5.31,2.65,107,18.69,25.23,2.8,0.0,0.0,2.7,69.91
00BNFE0025,2001,00BNFE,248,0,0.0,6,2.42,True,181,51.93,6.08,1.66,126,44.44,3.97,30.16,4.8,2.4,33.33,61.48
00BNFE0026,2001,00BNFE,228,16,7.02,16,7.02,True,166,45.18,6.02,3.61,134,28.36,39.55,13.43,0.0,0.0,13.64,63.7
00BNFE0027,2001,00BNFE,253,3,1.19,3,1.19,True,175,66.86,8.57,0.0,116,50.86,3.45,28.45,0.0,0.0,23.31,45.0
00BNFE0028,2001,00BNFE,282,0,0.0,6,2.13,True,194,47.94,7.73,0.0,139,10.79,74.82,12.23,2.17,0.0,2.07,63.77
00BNFE0029,2001,00BNFE,360,0,0.0,0,0.0,True,233,44.64,8.15,1.29,129,20.16,73.64,6.2,2.31,0.0,0.0,59.85
00BNFE0030,2001,00BNFE,266,29,10.9,26,9.77,True,164,62.2,1.83,6.1,139,28.78,12.95,28.78,0.0,0.0,17.33,52.86
00BNFE0031,2001,00BNFE,264,0,0.0,0,0.0,True,200,38.0,8.5,3.0,144,15.97,70.83,11.11,0.0,0.0,7.79,72.22
00BNFE0032,2001,00BNFE,323,6,1.86,7,2.17,True,192,34.38,1.56,1.56,121,26.45,66.12,4.96,0.0,0.0,0.0,62.6
00BNFE0033,2001,00BNFE,270,15,5.56,14,5.19,True,186,37.1,4.3,3.23,116,16.38,74.14,9.48,2.52,0.0,2.48,54.92
00BNFE0034,2001,00BNFE,306,6,1.96,3,0.98,True,200,52.0,8.0,1.5,126,17.46,78.57,3.97,2.94,0.0,2.1,54.81
00BNFF0001,2001,00BNFF,263,0,0.0,0,0.0,True,160,42.5,5.62,1.88,130,24.62,64.62,8.46,0.0,0.0,4.69,71.65
00BNFF0002,2001,00BNFF,302,0,0.0,0,0.0,True,224,44.64,6.25,1.34,123,21.14,73.98,4.88,0.0,0.0,0.0,56.91
00BNFF0003,2001,00BNFF,308,0,0.0,0,0.0,True,141,43.97,4.26,2.13,134,29.1,48.51,5.97,0.0,0.0,8.96,70.99
00BNFF0004,2001,00BNFF,326,0,0.0,0,0.0,True,176,47.16,10.23,1.7,117,23.93,58.97,8.55,5.98,2.56,2.56,61.21
00BNFF0005,2001,00BNFF,287,3,1.05,0,0.0,True,208,48.56,1.44,4.33,120,31.67,65.83,2.5,2.29,0.0,0.0,59.35
00BNFF0006,2001,00BNFF,292,13,4.45,10,3.42,True,191,39.79,9.95,3.14,122,16.39,72.95,8.2,2.42,0.0,0.0,64.06
00BNFF0007,2001,00BNFF,263,0,0.0,3,1.14,True,167,41.32,6.59,5.39,116,17.24,72.41,7.76,3.42,0.0,0.0,67.54
00BNFF0008,2001,00BNFF,281,0,0.0,3,1.07,True,207,46.38,9.18,2.9,118,20.34,79.66,0.0,3.2,0.0,2.17,65.35
00BNFF0009,2001,00BNFF,268,0,0.0,0,0.0,True,204,71.57,4.41,2.94,118,89.83,0.0,10.17,0.0,0.0,11.2,30.43
00BNFF0010,2001,00BNFF,293,17,5.8,15,5.12,True,205,69.27,7.32,7.32,115,60.0,29.57,10.43,0.0,0.0,0.0,31.43
00BNFF0011,2001,00BNFF,206,0,0.0,3,1.46,True,151,49.67,11.92,1.99,141,4.26,4.96,4.96,0.0,0.0,0.0,62.22
00BNFF0012,2001,00BNFF,183,0,0.0,3,1.64,True,94,39.36,0.0,3.19,117,17.09,69.23,11.11,0.0,0.0,0.0,79.46
00BNFF0013,2001,00BNFF,267,0,0.0,3,1.12,True,176,52.27,1.7,3.98,129,41.09,51.16,7.75,0.0,0.0,2.22,51.15
00BNFF0014,2001,00BNFF,313,4,1.28,7,2.24,True,213,69.95,2.82,7.51,134,91.04,2.24,6.72,2.27,0.0,19.71,30.37
00BNFF0015,2001,00BNFF,284,0,0.0,3,1.06,True,209,60.77,1.44,4.78,123,75.61,15.45,8.94,0.0,0.0,12.1,39.53
00BNFF0016,2001,00BNFF,283,7,2.47,6,2.12,True,182,43.96,6.59,3.85,125,28.0,62.4,9.6,0.0,0.0,6.72,56.2
00BNFF0017,2001,00BNFF,252,0,0.0,0,0.0,True,200,48.5,1.5,2.5,116,57.76,36.21,6.03,2.52,0.0,7.44,38.66
00BNFF0018,2001,00BNFF,306,0,0.0,8,2.61,True,182,52.75,6.59,3.3,134,50.75,37.31,9.7,2.22,0.0,8.51,51.43
00BNFF0019,2001,00BNFF,282,0,0.0,3,1.06,True,203,71.92,4.43,4.43,122,83.61,8.2,8.2,2.38,2.38,11.72,36.8
00BNFF0020,2001,00BNFF,321,0,0.0,3,0.93,True,213,44.13,6.1,1.41,127,26.77,62.99,10.24,0.0,0.0,0.0,59.54
00BNFF0021,2001,00BNFF,304,3,0.99,0,0.0,True,189,57.67,4.76,4.23,126,67.46,25.4,7.14,2.42,0.0,11.38,45.97
00BNFF0022,2001,00BNFF,239,0,0.0,0,0.0,True,180,51.67,0.0,2.22,129,65.89,13.95,14.73,2.38,0.0,21.31,45.83
00BNFF0023,2001,00BNFF,330,3,0.91,20,6.06,True,233,63.95,8.58,4.72,124,66.13,16.13,15.32,0.0,0.0,13.79,34.13
00BNFF0024,2001,00BNFF,317,0,0.0,3,0.95,True,226,60.18,4.42,4.42,129,84.5,13.18,2.33,0.0,0.0,9.16,31.78
00BNFF0025,2001,00BNFF,253,3,1.19,3,1.19,True,152,47.37,3.95,1.97,136,39.71,38.97,16.91,2.26,0.0,12.12,55.97
00BNFF0026,2001,00BNFF,287,6,2.09,3,1.05,True,190,50.53,1.58,2.11,127,35.43,46.46,15.75,0.0,0.0,2.48,47.62
00BNFF0027,2001,00BNFF,275,0,0.0,3,1.09,True,177,50.85,5.08,3.39,128,48.44,40.62,10.94,2.22,2.22,4.65,46.62
00BNFF0028,2001,00BNFF,264,0,0.0,0,0.0,True,171,42.69,7.02,1.75,133,21.8,65.41,10.53,0.0,0.0,4.76,77.86
00BNFF0029,2001,00BNFF,308,3,0.97,6,1.95,True,204,51.47,5.88,7.84,131,26.72,60.31,7.63,2.27,0.0,4.72,60.47
00BNFF0030,2001,00BNFF,287,0,0.0,0,0.0,True,206,54.85,5.83,1.46,123,35.77,52.85,4.88,0.0,0.0,4.88,58.33
00BNFF0031,2001,00BNFF,141,3,2.13,3,2.13,True,111,45.95,9.01,2.7,120,2.5,77.5,15.83,0.0,0.0,9.77,80.83
00BNFF0032,2001,00BNFF,355,24,6.76,17,4.79,True,256,66.41,1.17,14.45,130,91.54,6.15,2.31,2.34,0.0,4.58,6.67
00BNFF0033,2001,00BNFF,232,3,1.29,6,2.59,True,163,55.83,11.66,0.0,127,22.05,68.5,4.72,4.62,2.31,4.76,59.68
00BNFF0034,2001,00BNFF,283,0,0.0,0,0.0,True,192,69.79,3.12,3.12,124,75.81,17.74,6.45,2.44,2.44,7.32,38.71
00BNFF0035,2001,00BNFF,290,0,0.0,3,1.03,True,179,56.42,0.0,4.47,122,54.92,10.66,34.43,2.54,0.0,16.94,42.06
00BNFF0036,2001,00BNFF,196,0,0.0,3,1.53,True,133,45.11,9.77,2.26,117,21.37,56.41,5.13,0.0,0.0,2.73,67.52
00BNFF0037,2001,00BNFF,288,0,0.0,0,0.0,True,177,55.93,5.08,5.65,120,30.83,48.33,5.0,5.0,2.5,5.04,45.69
00BNFG0001,2001,00BNFG,353,0,0.0,3,0.85,True,217,40.55,5.07,1.38,124,20.16,23.39,3.23,4.72,0.0,5.26,50.82
00BNFG0002,2001,00BNFG,284,0,0.0,0,0.0,True,192,53.65,8.33,3.12,125,28.8,2.4,19.2,0.0,0.0,6.98,59.2
00BNFG0003,2001,00BNFG,271,6,2.21,8,2.95,True,192,55.21,18.23,3.12,126,22.22,23.81,11.9,2.4,0.0,0.0,71.9
00BNFG0004,2001,00BNFG,325,0,0.0,8,2.46,True,215,57.67,4.19,4.65,128,47.66,10.16,14.84,4.72,2.36,8.13,41.41
00BNFG0005,2001,00BNFG,249,6,2.41,8,3.21,True,180,55.0,0.0,3.33,119,36.97,30.25,16.81,0.0,0.0,8.18,54.31
00BNFG0006,2001,00BNFG,265,7,2.64,7,2.64,True,178,48.31,7.3,3.93,119,31.09,37.82,26.05,2.59,2.59,17.12,67.26
00BNFG0007,2001,00BNFG,270,0,0.0,3,1.11,True,211,63.98,8.53,1.42,128,50.0,6.25,25.78,2.36,0.0,17.46,54.62
00BNFG0008,2001,00BNFG,228,0,0.0,3,1.32,True,184,56.52,7.07,5.43,116,39.66,39.66,17.24,0.0,0.0,8.33,49.57
00BNFG0009,2001,00BNFG,306,41,13.4,56,18.3,True,189,58.73,7.41,4.76,135,50.37,5.93,21.48,4.62,0.0,4.44,44.27
00BNFG0010,2001,00BNFG,235,8,3.4,5,2.13,True,166,39.76,9.04,0.0,117,18.8,59.83,11.11,0.0,0.0,2.61,66.67
00BNFG0011,2001,00BNFG,259,3,1.16,7,2.7,True,205,57.56,6.83,2.93,114,57.89,7.89,34.21,0.0,0.0,19.51,45.45
00BNFG0012,2001,00BNFG,321,63,19.63,50,15.58,True,194,30.93,4.64,1.55,121,9.92,66.94,2.48,3.23,0.0,0.0,64.8
00BNFG0013,2001,00BNFG,268,0,0.0,6,2.24,True,182,42.86,6.59,0.0,122,54.92,3.28,31.15,0.0,0.0,35.34,60.83
00BNFG0014,2001,00BNFG,259,0,0.0,3,1.16,True,176,38.64,6.82,1.7,118,14.41,40.68,2.54,0.0,0.0,2.34,68.5
00BNFG0015,2001,00BNFG,236,0,0.0,3,1.27,True,183,42.08,6.56,4.92,123,7.32,76.42,13.01,0.0,0.0,4.96,76.23
00BNFG0016,2001,00BNFG,241,8,3.32,8,3.32,True,176,51.14,6.25,5.11,107,32.71,15.89,18.69,2.63,0.0,12.82,62.39
00BNFG0017,2001,00BNFG,251,0,0.0,6,2.39,True,189,61.38,7.94,3.17,128,39.06,2.34,24.22,2.33,2.33,18.52,59.84
00BNFG0018,2001,00BNFG,273,3,1.1,7,2.56,True,194,64.43,6.7,3.09,123,55.28,4.07,26.02,2.34,0.0,25.89,51.56
00BNFG0019,2001,00BNFG,213,3,1.41,6,2.82,True,163,50.92,5.52,1.84,121,28.1,4.96,13.22,0.0,0.0,8.33,71.9
00BNFG0020,2001,00BNFG,211,0,0.0,3,1.42,True,145,50.34,2.07,2.07,117,13.68,71.79,9.4,0.0,0.0,0.0,74.58
00BNFG0021,2001,00BNFG,251,3,1.2,3,1.2,True,179,59.78,1.68,5.03,131,65.65,8.4,18.32,4.72,0.0,19.84,49.63
00BNFG0022,2001,00BNFG,265,0,0.0,0,0.0,True,157,56.05,5.73,0.0,117,40.17,33.33,14.53,2.4,2.4,11.86,60.5
00BNFG0023,2001,00BNFG,342,4,1.17,3,0.88,True,242,65.7,0.0,4.96,131,85.5,2.29,12.21,0.0,0.0,19.38,23.48
00BNFG0024,2001,00BNFG,366,6,1.64,10,2.73,True,255,46.67,7.84,3.53,137,56.2,9.49,26.28,0.0,0.0,22.39,46.67
00BNFG0025,2001,00BNFG,248,0,0.0,3,1.21,True,174,59.2,5.17,5.75,119,56.3,13.45,9.24,2.48,0.0,17.83,52.34
00BNFG0026,2001,00BNFG,325,3,0.92,4,1.23,True,225,62.22,4.44,6.22,145,70.34,8.28,17.24,2.16,0.0,14.69,39.16
00BNFG0027,2001,00BNFG,294,0,0.0,3,1.02,True,199,52.76,8.04,3.02,122,38.52,44.26,13.11,4.92,0.0,10.4,57.14
00BNFG0028,2001,00BNFG,328,0,0.0,3,0.91,True,221,39.37,9.95,4.07,133,11.28,78.2,10.53,2.31,0.0,2.27,57.58
00BNFG0029,2001,00BNFG,229,3,1.31,0,0.0,True,161,50.31,14.29,1.86,132,12.88,60.61,5.3,3.12,0.0,2.24,76.8
00BNFG0030,2001,00BNFG,227,12,5.29,9,3.96,True,134,46.27,11.19,2.24,110,12.73,40.91,10.0,2.68,0.0,2.59,71.3
00BNFG0031,2001,00BNFG,252,0,0.0,3,1.19,True,172,49.42,6.98,3.49,121,16.53,73.55,7.44,0.0,0.0,0.0,68.07
00BNFH0001,2001,00BNFH,281,6,2.14,23,8.19,True,183,60.66,0.0,7.65,125,91.2,2.4,6.4,0.0,0.0,4.58,12.9
00BNFH0002,2001,00BNFH,241,16,6.64,27,11.2,True,169,86.98,0.0,7.1,92,95.65,0.0,4.35,6.25,3.12,2.86,3.41
00BNFH0003,2001,00BNFH,301,0,0.0,0,0.0,True,197,55.84,7.11,1.52,126,38.1,46.03,8.73,2.4,0.0,11.28,49.59
00BNFH0004,2001,00BNFH,301,11,3.65,6,1.99,True,218,67.89,1.38,7.34,163,39.26,49.69,7.36,1.91,0.0,0.0,37.74
00BNFH0005,2001,00BNFH,268,0,0.0,3,1.12,True,155,52.9,3.87,4.52,136,36.76,46.32,12.5,2.24,0.0,13.04,54.55
00BNFH0006,2001,00BNFH,230,0,0.0,3,1.3,True,164,63.41,5.49,5.49,127,29.92,55.91,14.17,2.42,0.0,8.26,60.68
00BNFH0007,2001,00BNFH,211,0,0.0,3,1.42,True,179,47.49,6.15,2.23,139,17.99,75.54,4.32,2.03,0.0,2.16,63.64
00BNFH0008,2001,00BNFH,340,0,0.0,8,2.35,True,266,74.06,5.64,6.02,141,90.78,2.84,6.38,2.03,0.0,4.35,18.44
00BNFH0009,2001,00BNFH,309,0,0.0,0,0.0,True,204,45.59,4.41,1.47,119,13.45,71.43,15.13,2.54,0.0,0.0,53.04
00BNFH0010,2001,00BNFH,262,0,0.0,0,0.0,True,179,51.96,6.7,1.68,117,40.17,52.99,6.84,0.0,0.0,13.22,43.1
00BNFH0011,2001,00BNFH,145,0,0.0,0,0.0,True,134,52.24,6.72,2.24,112,13.39,73.21,10.71,0.0,0.0,25.4,69.03
00BNFH0012,2001,00BNFH,316,0,0.0,3,0.95,True,219,67.12,5.48,8.22,124,95.16,2.42,2.42,0.0,0.0,2.27,9.52
00BNFH0013,2001,00BNFH,340,3,0.88,6,1.76,True,247,65.59,1.21,6.88,147,91.84,6.12,2.04,0.0,0.0,4.14,17.86
00BNFH0014,2001,00BNFH,205,7,3.41,3,1.46,True,120,75.83,2.5,2.5,133,73.68,15.04,11.28,2.13,0.0,2.13,37.68
00BNFH0015,2001,00BNFH,258,7,2.71,4,1.55,True,198,77.78,0.0,8.59,119,73.11,10.08,9.24,0.0,0.0,14.75,22.13
00BNFH0016,2001,00BNFH,305,0,0.0,0,0.0,True,200,60.5,3.5,3.0,132,43.94,48.48,7.58,4.41,0.0,14.06,49.23
00BNFH0017,2001,00BNFH,221,0,0.0,0,0.0,True,147,42.86,4.08,2.04,143,24.48,38.46,6.99,2.01,2.01,13.24,63.01
00BNFH0018,2001,00BNFH,284,0,0.0,4,1.41,True,221,61.09,2.71,4.52,135,77.04,20.74,0.0,0.0,0.0,2.38,25.36
00BNFH0019,2001,00BNFH,278,0,0.0,6,2.16,True,194,53.09,4.64,4.64,134,26.12,67.16,6.72,0.0,0.0,15.49,52.55
00BNFH0020,2001,00BNFH,259,0,0.0,3,1.16,True,186,63.98,3.23,1.61,123,47.97,46.34,5.69,0.0,0.0,4.38,45.24
00BNFH0021,2001,00BNFH,277,0,0.0,3,1.08,True,194,57.73,8.25,7.22,126,28.57,64.29,7.14,2.31,0.0,0.0,53.79
00BNFH0022,2001,00BNFH,155,0,0.0,0,0.0,True,121,58.68,12.4,4.96,127,29.92,7.87,5.51,2.33,2.33,5.69,57.81
00BNFH0023,2001,00BNFH,262,0,0.0,0,0.0,True,168,51.19,3.57,0.0,107,23.36,69.16,7.48,5.56,5.56,2.97,55.45
00BNFH0024,2001,00BNFH,313,0,0.0,6,1.92,True,212,70.75,1.42,5.66,113,88.5,8.85,2.65,0.0,0.0,0.0,15.04
00BNFH0025,2001,00BNFH,294,3,1.02,6,2.04,True,193,55.44,4.66,1.55,144,34.72,52.78,10.42,0.0,0.0,6.43,50.72
00BNFH0026,2001,00BNFH,269,0,0.0,10,3.72,True,190,47.37,0.0,6.32,118,88.98,0.0,2.54,2.52,0.0,0.0,20.49
00BNFH0027,2001,00BNFH,303,0,0.0,0,0.0,True,226,47.79,6.64,0.0,158,21.52,55.7,8.86,0.0,0.0,0.0,55.49
00BNFH0028,2001,00BNFH,296,0,0.0,0,0.0,True,191,54.45,4.71,3.14,111,36.94,54.95,8.11,0.0,0.0,5.04,47.2
00BNFH0029,2001,00BNFH,280,0,0.0,3,1.07,True,171,59.65,9.36,5.26,111,19.82,74.77,5.41,5.31,0.0,0.0,60.0
00BNFH0030,2001,00BNFH,302,6,1.99,9,2.98,True,221,49.32,0.0,4.52,134,92.54,4.48,2.99,0.0,0.0,7.48,21.28
00BNFH0031,2001,00BNFH,220,0,0.0,6,2.73,True,148,57.43,6.76,6.08,105,29.52,64.76,5.71,0.0,0.0,0.0,52.43
00BNFH0032,2001,00BNFH,217,0,0.0,0,0.0,True,155,73.55,4.52,3.87,130,41.54,5.38,3.08,0.0,0.0,6.92,45.67
00BNFH0033,2001,00BNFH,332,0,0.0,3,0.9,True,194,41.75,4.64,3.09,118,21.19,65.25,11.02,2.56,0.0,0.0,54.24
00BNFH0034,2001,00BNFH,241,0,0.0,3,1.24,True,151,54.3,7.95,1.99,107,18.69,74.77,6.54,2.86,0.0,2.75,57.28
00BNFH0035,2001,00BNFH,269,0,0.0,3,1.12,True,171,50.88,3.51,1.75,119,18.49,71.43,7.56,3.7,0.0,0.0,50.86
00BNFH0036,2001,00BNFH,303,0,0.0,6,1.98,True,179,56.42,3.35,1.68,130,35.38,58.46,6.15,0.0,0.0,6.57,48.48
00BNFH0037,2001,00BNFH,241,0,0.0,0,0.0,True,179,52.51,4.47,5.03,122,27.87,64.75,7.38,2.48,0.0,7.2,51.2
00BNFH0038,2001,00BNFH,326,0,0.0,9,2.76,True,252,63.89,2.38,5.56,127,81.1,14.17,4.72,0.0,0.0,8.87,18.38
00BNFH0039,2001,00BNFH,240,0,0.0,0,0.0,True,173,44.51,5.78,3.47,128,29.69,59.38,8.59,3.2,0.0,7.2,59.38
00BNFH0040,2001,00BNFH,315,0,0.0,14,4.44,True,219,57.99,4.57,5.94,127,33.86,56.69,4.72,0.0,0.0,2.63,42.11
00BNFJ0001,2001,00BNFJ,280,0,0.0,10,3.57,True,200,51.0,1.5,8.0,124,58.06,7.26,19.35,2.48,0.0,4.96,37.7
00BNFJ0002,2001,00BNFJ,261,9,3.45,13,4.98,True,164,48.17,3.66,1.83,107,30.84,60.75,5.61,3.7,0.0,9.28,50.98
00BNFJ0003,2001,00BNFJ,338,3,0.89,10,2.96,True,233,61.8,10.3,3.0,129,26.36,68.22,5.43,2.38,0.0,0.0,48.48
00BNFJ0004,2001,00BNFJ,313,0,0.0,7,2.24,True,239,70.71,6.28,7.11,123,77.24,12.2,10.57,5.47,0.0,13.56,29.13
00BNFJ0005,2001,00BNFJ,274,0,0.0,8,2.92,True,184,52.72,8.15,0.0,120,20.0,68.33,5.0,2.48,0.0,4.92,57.26
00BNFJ0006,2001,00BNFJ,319,6,1.88,19,5.96,True,212,54.25,6.13,1.89,132,21.97,67.42,8.33,0.0,0.0,10.56,50.0
00BNFJ0007,2001,00BNFJ,304,3,0.99,33,10.86,True,230,67.39,3.91,8.26,132,80.3,6.06,13.64,3.05,0.0,6.72,13.74
00BNFJ0008,2001,00BNFJ,370,0,0.0,23,6.22,True,214,53.74,4.67,5.14,124,29.84,56.45,13.71,4.84,0.0,2.56,45.6
00BNFJ0009,2001,00BNFJ,247,12,4.86,10,4.05,True,177,59.32,8.47,9.04,119,47.9,38.66,10.92,2.42,0.0,12.5,55.46
00BNFJ0010,2001,00BNFJ,335,6,1.79,26,7.76,True,215,53.95,6.98,8.37,125,20.8,61.6,10.4,7.52,2.26,11.03,42.54
00BNFJ0011,2001,00BNFJ,300,6,2.0,24,8.0,True,200,57.0,4.5,4.5,120,30.83,60.83,8.33,2.61,0.0,14.29,42.24
00BNFJ0012,2001,00BNFJ,318,6,1.89,17,5.35,True,202,50.5,5.45,6.44,133,33.83,53.38,10.53,0.0,0.0,13.85,48.39
00BNFJ0013,2001,00BNFJ,303,0,0.0,19,6.27,True,218,47.71,5.5,4.13,131,19.08,66.41,14.5,9.7,0.0,9.32,56.06
00BNFJ0014,2001,00BNFJ,291,3,1.03,6,2.06,True,200,56.0,8.0,3.0,135,25.93,60.0,5.19,6.87,4.58,4.41,53.68
00BNFJ0015,2001,00BNFJ,287,0,0.0,6,2.09,True,199,52.76,5.03,3.52,124,16.13,71.77,9.68,2.42,0.0,13.95,54.84
00BNFJ0016,2001,00BNFJ,312,0,0.0,14,4.49,True,212,54.72,4.25,2.83,129,26.36,61.24,10.08,2.22,0.0,4.84,40.77
00BNFJ0017,2001,00BNFJ,276,0,0.0,10,3.62,True,180,56.67,2.78,1.67,126,29.37,63.49,7.14,0.0,0.0,0.0,53.6
00BNFJ0018,2001,00BNFJ,324,0,0.0,27,8.33,True,185,47.57,3.24,1.62,115,29.57,63.48,6.96,7.5,2.5,9.45,54.17
00BNFJ0019,2001,00BNFJ,282,0,0.0,7,2.48,True,218,61.93,4.13,6.88,116,59.48,32.76,7.76,0.0,0.0,5.26,34.43
00BNFJ0020,2001,00BNFJ,302,3,0.99,16,5.3,True,181,54.7,3.31,4.42,125,33.6,40.8,5.6,2.36,0.0,12.1,48.12
00BNFJ0021,2001,00BNFJ,297,0,0.0,16,5.39,True,208,51.92,7.21,6.25,121,28.93,62.81,8.26,7.76,2.59,5.31,50.4
00BNFJ0022,2001,00BNFJ,304,6,1.97,25,8.22,True,198,61.62,1.52,10.61,116,37.93,52.59,9.48,2.54,2.54,10.71,49.17
00BNFJ0023,2001,00BNFJ,325,0,0.0,9,2.77,True,232,56.9,7.33,0.0,128,23.44,67.19,9.38,0.0,0.0,6.92,46.46
00BNFJ0024,2001,00BNFJ,286,6,2.1,26,9.09,True,190,60.0,3.16,8.42,129,83.72,6.98,9.3,0.0,0.0,8.76,40.91
00BNFJ0025,2001,00BNFJ,311,3,0.96,10,3.22,True,231,78.79,3.9,8.23,122,63.93,4.92,31.15,0.0,0.0,7.09,17.5
00BNFJ0026,2001,00BNFJ,318,0,0.0,14,4.4,True,230,66.09,5.65,7.39,122,49.18,36.07,14.75,2.52,2.52,2.5,31.4
00BNFJ0027,2001,00BNFJ,355,3,0.85,10,2.82,True,269,72.12,2.23,8.18,137,86.13,2.19,9.49,2.13,0.0,7.58,18.71
00BNFJ0028,2001,00BNFJ,401,3,0.75,43,10.72,True,287,64.11,3.14,7.32,142,80.99,8.45,10.56,4.14,2.07,12.33,15.38
00BNFJ0029,2001,00BNFJ,314,0,0.0,54,17.2,True,225,67.56,1.33,12.44,105,75.24,8.57,13.33,7.77,2.91,7.89,21.0
00BNFJ0030,2001,00BNFJ,386,6,1.55,51,13.21,True,270,65.56,2.22,8.52,126,90.48,3.97,3.17,2.33,0.0,2.5,22.39
00BNFJ0031,2001,00BNFJ,367,3,0.82,12,3.27,True,245,57.14,2.45,3.67,137,56.2,32.12,7.3,2.29,2.29,15.07,31.5
00BNFJ0032,2001,00BNFJ,308,0,0.0,3,0.97,True,206,56.31,1.46,4.37,138,4.35,5.07,12.32,0.0,0.0,35.82,41.35
00BNFJ0033,2001,00BNFJ,359,0,0.0,13,3.62,True,240,49.58,6.67,6.25,130,19.23,73.08,5.38,4.44,2.22,15.94,52.9
00BNFJ0034,2001,00BNFJ,390,3,0.77,57,14.62,True,254,59.06,3.54,9.84,124,82.26,8.87,6.45,3.97,0.0,9.84,20.49
00BNFJ0035,2001,00BNFJ,291,4,1.37,29,9.97,True,221,61.99,1.36,6.79,130,65.38,15.38,16.92,4.48,2.24,12.61,39.53
00BNFJ0036,2001,00BNFJ,347,0,0.0,28,8.07,True,222,61.26,1.35,8.11,117,80.34,4.27,9.4,4.96,0.0,2.61,24.79
00BNFJ0037,2001,00BNFJ,348,0,0.0,9,2.59,True,223,56.05,4.04,4.93,131,39.69,54.96,5.34,5.51,2.36,7.14,45.04
00BNFJ0038,2001,00BNFJ,262,3,1.15,9,3.44,True,193,64.77,7.25,4.66,119,34.45,48.74,16.81,2.46,2.46,7.32,43.9
00BNFJ0039,2001,00BNFJ,246,0,0.0,3,1.22,True,154,57.14,10.39,1.95,123,26.83,63.41,7.32,2.42,0.0,5.31,52.94
00BNFJ0040,2001,00BNFJ,348,0,0.0,28,8.05,True,214,57.48,7.94,3.74,127,35.43,54.33,10.24,5.26,0.0,7.2,39.06
00BNFJ0041,2001,00BNFJ,304,3,0.99,22,7.24,True,189,48.15,5.29,3.17,127,20.47,61.42,11.81,6.4,2.4,2.44,49.17
00BNFJ0042,2001,00BNFJ,281,3,1.07,7,2.49,True,186,57.53,10.22,9.14,122,28.69,52.46,8.2,2.34,0.0,9.92,51.67
00BNFJ0043,2001,00BNFJ,224,0,0.0,13,5.8,True,149,44.97,4.7,2.01,120,14.17,75.83,2.5,0.0,0.0,7.89,64.35
00BNFJ0044,2001,00BNFJ,313,0,0.0,8,2.56,True,235,57.87,5.53,3.83,128,37.5,47.66,7.81,0.0,0.0,17.78,46.67
00BNFK0001,2001,00BNFK,604,59,9.77,109,18.05,True,584,40.41,1.2,2.91,136,56.62,4.41,36.76,2.16,2.16,8.7,43.38
00BNFK0002,2001,00BNFK,335,13,3.88,12,3.58,True,326,50.31,2.76,2.76,291,11.0,10.65,73.54,1.02,1.02,44.98,76.03
00BNFK0003,2001,00BNFK,214,0,0.0,9,4.21,True,184,44.57,8.7,1.63,122,5.74,81.97,8.2,2.4,0.0,9.38,65.69
00BNFK0004,2001,00BNFK,247,22,8.91,17,6.88,True,179,34.08,6.7,0.0,103,8.74,84.47,6.8,0.0,0.0,2.86,65.77
00BNFK0005,2001,00BNFK,168,0,0.0,0,0.0,True,132,37.12,12.88,2.27,92,5.43,77.17,10.87,0.0,0.0,9.38,91.49
00BNFK0006,2001,00BNFK,140,0,0.0,6,4.29,True,134,71.64,9.7,7.46,91,9.89,29.67,53.85,3.33,0.0,11.83,51.76
00BNFK0007,2001,00BNFK,190,0,0.0,0,0.0,True,116,41.38,0.0,3.45,105,17.14,71.43,8.57,0.0,0.0,0.0,73.39
00BNFK0008,2001,00BNFK,221,3,1.36,24,10.86,True,144,48.61,8.33,7.64,101,19.8,33.66,14.85,0.0,0.0,3.33,62.24
00BNFK0009,2001,00BNFK,237,3,1.27,0,0.0,True,157,39.49,7.64,1.91,117,15.38,76.92,5.13,0.0,0.0,2.8,68.07
00BNFK0010,2001,00BNFK,257,4,1.56,0,0.0,True,168,39.88,8.33,0.0,114,13.16,77.19,9.65,5.0,2.5,0.0,85.0
00BNFK0011,2001,00BNFK,230,4,1.74,6,2.61,True,224,67.41,4.02,4.46,84,27.38,4.76,67.86,0.0,0.0,3.37,37.21
00BNFK0012,2001,00BNFK,188,10,5.32,9,4.79,True,135,41.48,13.33,2.22,102,10.78,80.39,5.88,0.0,0.0,2.75,70.3
00BNFK0013,2001,00BNFK,215,32,14.88,21,9.77,True,167,40.12,3.59,1.8,101,20.79,65.35,6.93,6.06,0.0,2.61,68.52
00BNFK0014,2001,00BNFK,208,0,0.0,4,1.92,True,150,42.0,6.0,0.0,124,29.03,6.45,15.32,0.0,0.0,12.1,72.36
00BNFK0015,2001,00BNFK,155,3,1.94,0,0.0,True,108,79.63,5.56,5.56,75,76.0,5.33,12.0,3.95,0.0,3.95,39.19
00BNFK0016,2001,00BNFK,208,19,9.13,26,12.5,True,148,36.49,4.05,6.08,73,8.22,79.45,12.33,4.05,0.0,7.06,71.23
00BNFK0017,2001,00BNFK,243,3,1.23,6,2.47,True,161,39.13,5.59,0.0,126,14.29,78.57,7.14,0.0,0.0,0.0,72.58
00BNFK0018,2001,00BNFK,157,7,4.46,3,1.91,True,132,55.3,11.36,2.27,109,2.75,82.57,11.01,0.0,0.0,12.39,79.28
00BNFK0019,2001,00BNFK,228,8,3.51,13,5.7,True,140,43.57,6.43,0.0,99,4.04,51.52,8.08,2.91,0.0,0.0,65.42
00BNFK0020,2001,00BNFK,173,6,3.47,8,4.62,True,127,35.43,4.72,4.72,90,20.0,76.67,3.33,0.0,0.0,8.74,67.02
00BNFK0021,2001,00BNFK,110,6,5.45,13,11.82,True,106,81.13,0.0,5.66,73,47.95,4.11,43.84,10.84,7.23,0.0,41.67
00BNFK0022,2001,00BNFK,389,13,3.34,24,6.17,True,302,51.32,3.97,6.29,110,19.09,7.27,41.82,7.56,5.04,9.62,58.04
00BNFK0023,2001,00BNFK,256,0,0.0,6,2.34,True,159,44.65,7.55,4.4,101,9.9,82.18,7.92,5.88,2.94,2.97,68.04
00BNFK0024,2001,00BNFK,255,0,0.0,6,2.35,True,160,38.75,5.62,3.75,116,12.93,75.86,8.62,0.0,0.0,2.7,62.28
00BNFK0025,2001,00BNFK,247,0,0.0,6,2.43,True,161,45.34,9.32,3.73,104,17.31,70.19,12.5,0.0,0.0,0.0,64.76
00BNFK0026,2001,00BNFK,162,3,1.85,6,3.7,True,103,32.04,9.71,0.0,115,11.3,76.52,6.09,0.0,0.0,0.0,78.7
00BNFK0027,2001,00BNFK,214,6,2.8,3,1.4,True,211,90.05,7.11,13.74,151,62.91,1.99,25.83,2.08,2.08,6.67,44.52
00BNFK0028,2001,00BNFK,235,7,2.98,13,5.53,True,184,42.39,10.87,0.0,117,7.69,76.07,11.11,0.0,0.0,0.0,75.22
00BNFK0029,2001,00BNFK,254,6,2.36,9,3.54,True,179,43.02,8.94,3.35,179,10.06,78.77,5.59,1.69,0.0,7.34,79.55
00BNFK0030,2001,00BNFK,198,3,1.52,6,3.03,True,184,78.26,1.63,16.85,150,81.33,5.33,9.33,2.07,2.07,0.0,23.33
00BNFK0031,2001,00BNFK,176,0,0.0,3,1.7,True,111,36.04,5.41,5.41,79,3.8,84.81,7.59,7.5,3.75,0.0,74.32
00BNFK0032,2001,00BNFK,221,3,1.36,4,1.81,True,149,44.97,6.04,0.0,85,8.24,84.71,7.06,3.95,3.95,0.0,67.47
00BNFK0033,2001,00BNFK,166,0,0.0,3,1.81,True,105,34.29,2.86,0.0,80,16.25,72.5,11.25,0.0,0.0,0.0,67.65
00BNFK0034,2001,00BNFK,183,3,1.64,3,1.64,True,188,61.7,5.32,10.11,154,14.29,50.0,18.18,0.0,0.0,5.42,75.66
00BNFK0035,2001,00BNFK,122,12,9.84,11,9.02,True,137,83.21,2.19,10.22,81,38.27,3.7,53.09,3.61,3.61,7.32,47.5
00BNFK0036,2001,00BNFK,164,100,60.98,97,59.15,True,142,23.94,9.86,2.11,93,10.75,3.23,26.88,5.94,5.94,15.96,83.87
00BNFK0037,2001,00BNFK,245,42,17.14,46,18.78,True,239,73.64,2.51,12.55,140,48.57,5.0,42.86,0.0,0.0,13.38,39.86
00BNFK0038,2001,00BNFK,149,11,7.38,21,14.09,True,138,83.33,2.9,8.7,91,50.55,5.49,37.36,0.0,0.0,3.3,33.33
00BNFK0039,2001,00BNFK,196,8,4.08,11,5.61,True,208,75.48,5.77,10.1,139,41.73,3.6,38.85,0.0,0.0,16.18,48.48
00BNFK0040,2001,00BNFK,759,115,15.15,185,24.37,True,749,28.17,0.8,0.4,84,3.57,4.76,91.67,6.98,3.49,13.58,63.1
00BNFK0041,2001,00BNFK,275,4,1.45,12,4.36,True,270,92.22,2.22,12.59,196,55.1,2.04,37.76,1.58,1.58,1.6,17.71
00BNFK0042,2001,00BNFK,202,63,31.19,77,38.12,True,183,61.2,3.28,5.46,158,34.81,4.43,39.87,0.0,0.0,12.28,54.88
00BNFK0043,2001,00BNFK,237,27,11.39,49,20.68,True,224,41.96,1.34,4.02,167,3.59,2.4,80.24,13.45,13.45,13.14,77.78
00BNFK0044,2001,00BNFK,143,0,0.0,0,0.0,True,146,66.44,20.55,6.85,113,0.0,0.0,21.24,0.0,0.0,13.16,86.09
00BNFK0045,2001,00BNFK,184,10,5.43,16,8.7,True,192,82.81,3.12,13.02,129,50.39,2.33,44.96,0.0,0.0,7.52,33.06
00BNFK0046,2001,00BNFK,277,11,3.97,11,3.97,True,280,47.86,2.14,1.07,275,3.64,1.09,87.27,0.0,0.0,54.51,87.08
00BNFK0047,2001,00BNFK,478,23,4.81,45,9.41,True,466,31.55,4.72,0.64,363,3.31,15.15,72.45,0.84,0.84,41.83,82.96
00BNFK0048,2001,00BNFK,199,20,10.05,16,8.04,True,185,46.49,10.81,3.24,113,7.96,76.11,7.96,2.7,2.7,0.0,62.96
00BNFK0049,2001,00BNFK,131,7,5.34,8,6.11,True,104,46.15,11.54,5.77,84,7.14,76.19,8.33,0.0,0.0,4.71,71.43
00BNFK0050,2001,00BNFK,270,11,4.07,11,4.07,True,177,35.03,7.34,1.69,102,12.75,80.39,6.86,0.0,0.0,8.41,63.21
00BNFL0001,2001,00BNFL,280,6,2.14,8,2.86,True,214,71.96,6.07,6.07,125,79.2,7.2,13.6,2.36,0.0,4.55,23.39
00BNFL0002,2001,00BNFL,279,0,0.0,0,0.0,True,180,47.78,7.22,0.0,111,27.93,69.37,2.7,0.0,0.0,2.38,60.0
00BNFL0003,2001,00BNFL,379,0,0.0,0,0.0,True,234,66.24,2.56,3.42,132,82.58,11.36,6.06,4.65,2.33,24.79,34.59
00BNFL0004,2001,00BNFL,251,0,0.0,0,0.0,True,172,73.26,6.98,5.23,127,61.42,13.39,18.11,0.0,0.0,20.45,36.43
00BNFL0005,2001,00BNFL,344,0,0.0,0,0.0,True,221,48.87,8.6,1.36,137,28.47,62.04,9.49,2.16,0.0,2.11,51.09
00BNFL0006,2001,00BNFL,368,0,0.0,3,0.82,True,246,59.35,3.66,4.07,124,75.81,19.35,4.84,0.0,0.0,2.44,33.33
00BNFL0007,2001,00BNFL,248,0,0.0,3,1.21,True,143,44.06,10.49,4.2,127,15.75,81.89,2.36,0.0,0.0,4.55,61.54
00BNFL0008,2001,00BNFL,248,0,0.0,0,0.0,True,170,40.59,3.53,2.35,123,35.77,52.85,11.38,0.0,0.0,7.26,58.73
00BNFL0009,2001,00BNFL,267,0,0.0,3,1.12,True,183,62.3,6.56,4.37,93,72.04,9.68,15.05,0.0,0.0,6.0,32.04
00BNFL0010,2001,00BNFL,284,0,0.0,9,3.17,True,206,62.62,0.0,8.74,130,90.77,4.62,4.62,2.33,0.0,0.0,22.48
00BNFL0011,2001,00BNFL,196,0,0.0,0,0.0,True,147,51.7,4.08,6.12,131,29.77,63.36,6.87,0.0,0.0,15.87,51.94
00BNFL0012,2001,00BNFL,295,7,2.37,12,4.07,True,181,54.7,6.63,3.87,128,35.94,56.25,7.81,0.0,0.0,4.65,54.4
00BNFL0013,2001,00BNFL,224,6,2.68,6,2.68,True,152,41.45,7.89,1.97,128,16.41,71.88,11.72,0.0,0.0,6.98,70.45
00BNFL0014,2001,00BNFL,280,0,0.0,7,2.5,True,182,48.9,3.3,3.3,118,31.36,55.08,9.32,3.28,0.0,5.41,54.24
00BNFL0015,2001,00BNFL,271,0,0.0,12,4.43,True,181,53.04,3.31,7.18,119,36.97,54.62,5.88,2.36,0.0,5.08,53.66
00BNFL0016,2001,00BNFL,238,0,0.0,6,2.52,True,169,62.72,5.33,0.0,110,65.45,2.73,23.64,2.78,0.0,2.68,44.23
00BNFL0017,2001,00BNFL,106,0,0.0,0,0.0,True,77,33.77,11.69,3.9,105,5.71,83.81,7.62,0.0,0.0,14.56,79.21
00BNFL0018,2001,00BNFL,145,0,0.0,0,0.0,True,120,45.83,6.67,5.0,128,4.69,90.62,4.69,0.0,0.0,13.6,63.71
00BNFL0019,2001,00BNFL,347,0,0.0,7,2.02,True,238,50.42,3.78,2.94,140,25.0,62.14,10.71,0.0,0.0,2.17,48.53
00BNFL0020,2001,00BNFL,271,3,1.11,3,1.11,True,201,67.16,5.97,4.48,122,33.61,9.02,0.0,2.29,0.0,5.08,50.39
00BNFL0021,2001,00BNFL,260,6,2.31,3,1.15,True,196,81.63,3.06,7.14,103,97.09,0.0,2.91,0.0,0.0,0.0,18.87
00BNFL0022,2001,00BNFL,310,0,0.0,6,1.94,True,197,57.87,8.12,0.0,145,37.24,46.9,13.79,2.24,0.0,4.38,59.85
00BNFL0023,2001,00BNFL,310,0,0.0,0,0.0,True,231,69.7,5.19,5.19,127,90.55,4.72,4.72,2.42,0.0,4.84,22.03
00BNFL0024,2001,00BNFL,153,0,0.0,3,1.96,True,129,37.21,8.53,6.98,122,8.2,81.97,7.38,0.0,0.0,10.81,76.61
00BNFL0025,2001,00BNFL,286,0,0.0,0,0.0,True,199,52.76,6.03,5.53,128,29.69,60.16,10.16,0.0,0.0,0.0,59.69
00BNFL0026,2001,00BNFL,178,0,0.0,0,0.0,True,137,36.5,7.3,0.0,137,2.92,83.21,11.68,0.0,0.0,6.25,80.14
00BNFL0027,2001,00BNFL,339,0,0.0,0,0.0,True,217,61.29,2.76,1.38,127,90.55,4.72,4.72,2.16,0.0,2.19,31.34
00BNFL0028,2001,00BNFL,239,0,0.0,3,1.26,True,154,44.81,1.95,0.0,133,48.12,41.35,8.27,2.36,2.36,7.14,49.62
00BNFL0029,2001,00BNFL,284,0,0.0,3,1.06,True,170,47.65,3.53,1.76,136,20.59,62.5,10.29,0.0,0.0,0.0,67.67
00BNFL0030,2001,00BNFL,297,0,0.0,0,0.0,True,193,40.93,1.55,4.66,121,27.27,65.29,7.44,2.48,0.0,5.26,54.84
00BNFL0031,2001,00BNFL,203,0,0.0,0,0.0,True,173,58.38,5.2,1.73,122,36.07,41.8,19.67,0.0,0.0,2.54,43.9
00BNFL0032,2001,00BNFL,375,6,1.6,11,2.93,True,299,62.21,4.01,10.03,132,90.91,2.27,4.55,0.0,0.0,6.57,22.46
00BNFL0033,2001,00BNFL,288,0,0.0,6,2.08,True,178,42.13,3.37,1.69,129,19.38,68.99,11.63,0.0,0.0,9.23,59.69
00BNFL0034,2001,00BNFL,271,6,2.21,3,1.11,True,192,65.62,6.77,5.73,125,70.4,9.6,17.6,0.0,0.0,14.63,37.5
00BNFL0035,2001,00BNFL,383,7,1.83,10,2.61,True,220,41.82,5.45,2.73,124,25.81,56.45,14.52,4.8,0.0,4.62,55.56
00BNFL0036,2001,00BNFL,274,11,4.01,7,2.55,True,159,54.09,1.89,3.77,103,50.49,40.78,8.74,2.73,0.0,2.86,44.55
00BNFL0037,2001,00BNFL,316,0,0.0,3,0.95,True,239,62.76,3.77,2.93,135,83.7,4.44,9.63,0.0,0.0,4.76,25.78
00BNFL0038,2001,00BNFL,250,0,0.0,0,0.0,True,170,55.29,5.88,2.35,109,49.54,42.2,5.5,0.0,0.0,3.03,39.6
00BNFL0039,2001,00BNFL,185,0,0.0,3,1.62,True,148,39.86,9.46,2.03,153,1.96,87.58,7.84,1.97,1.97,17.22,75.0
00BNFL0040,2001,00BNFL,318,0,0.0,0,0.0,True,236,75.0,2.54,9.75,132,91.67,6.06,2.27,2.24,0.0,2.14,24.06
00BNFM0001,2001,00BNFM,351,20,5.7,36,10.26,True,211,41.71,8.06,1.9,120,7.5,42.5,8.33,9.09,4.55,0.0,67.44
00BNFM0002,2001,00BNFM,589,0,0.0,15,2.55,True,559,37.57,3.76,2.33,124,32.26,5.65,56.45,0.0,0.0,10.45,55.38
00BNFM0003,2001,00BNFM,403,0,0.0,111,27.54,True,250,37.6,4.4,5.2,101,70.3,2.97,26.73,11.01,2.75,10.0,39.29
00BNFM0004,2001,00BNFM,285,3,1.05,50,17.54,True,196,38.27,7.65,3.57,129,15.5,48.84,24.03,2.42,2.42,12.4,67.69
00BNFM0005,2001,00BNFM,303,0,0.0,13,4.29,True,192,45.31,8.33,1.56,129,25.58,31.78,14.73,4.38,2.19,4.38,69.35
00BNFM0006,2001,00BNFM,296,3,1.01,24,8.11,True,180,42.22,10.56,1.67,123,7.32,5.69,10.57,3.12,0.0,2.46,61.98
00BNFM0007,2001,00BNFM,392,22,5.61,91,23.21,True,221,42.08,2.71,8.14,124,55.65,2.42,35.48,7.2,4.8,17.05,42.02
00BNFM0008,2001,00BNFM,328,0,0.0,56,17.07,True,209,56.94,6.22,6.22,112,75.89,0.0,24.11,3.67,0.0,15.65,43.7
00BNFM0009,2001,00BNFM,378,29,7.67,99,26.19,True,259,49.81,3.86,5.79,120,75.83,2.5,21.67,10.74,2.48,19.53,32.79
00BNFM0010,2001,00BNFM,212,0,0.0,11,5.19,True,137,32.85,2.19,0.0,121,2.48,76.03,14.88,0.0,0.0,2.42,80.49
00BNFM0011,2001,00BNFM,320,3,0.94,134,41.88,True,214,39.72,9.81,4.67,119,42.86,18.49,29.41,8.0,3.2,12.1,57.63
00BNFM0012,2001,00BNFM,380,0,0.0,26,6.84,True,234,41.88,8.55,1.28,134,8.96,61.94,11.94,5.97,2.24,6.38,65.62
00BNFM0013,2001,00BNFM,211,0,0.0,6,2.84,True,119,37.82,8.4,2.52,118,5.93,33.05,7.63,2.5,0.0,0.0,71.31
00BNFM0014,2001,00BNFM,315,3,0.95,102,32.38,True,218,43.12,5.96,8.26,119,35.29,14.29,23.53,2.46,2.46,17.32,53.12
00BNFM0015,2001,00BNFM,410,7,1.71,129,31.46,True,248,37.5,8.87,3.63,122,26.23,9.84,30.33,11.3,5.22,12.2,48.82
00BNFM0016,2001,00BNFM,295,6,2.03,21,7.12,True,208,63.46,4.33,0.0,124,86.29,4.84,6.45,0.0,0.0,9.52,38.58
00BNFM0017,2001,00BNFM,313,8,2.56,42,13.42,True,208,49.04,4.33,6.25,146,60.96,13.01,23.97,2.16,0.0,30.56,58.33
00BNFM0018,2001,00BNFM,268,8,2.99,32,11.94,True,200,66.0,8.5,8.0,132,57.58,10.61,27.27,0.0,0.0,7.09,45.19
00BNFM0019,2001,00BNFM,359,0,0.0,40,11.14,True,240,34.17,9.58,5.0,125,21.6,46.4,9.6,4.88,0.0,12.82,50.0
00BNFM0020,2001,00BNFM,221,6,2.71,6,2.71,True,142,39.44,8.45,2.11,141,7.09,75.89,17.02,4.14,4.14,2.08,71.83
00BNFM0021,2001,00BNFM,394,3,0.76,153,38.83,True,237,35.02,4.64,1.27,113,39.82,14.16,23.89,7.55,0.0,8.62,51.82
00BNFM0022,2001,00BNFM,272,22,8.09,35,12.87,True,208,76.92,1.44,3.37,118,72.03,5.08,12.71,2.59,2.59,0.0,19.64
00BNFM0023,2001,00BNFM,442,7,1.58,153,34.62,True,282,40.78,4.26,6.03,126,58.73,4.76,29.37,10.66,2.46,23.36,44.19
00BNFM0024,2001,00BNFM,319,6,1.88,3,0.94,True,204,44.61,7.84,2.94,144,10.42,77.08,12.5,2.08,0.0,2.08,81.12
00BNFM0025,2001,00BNFM,275,10,3.64,23,8.36,True,198,44.95,7.07,7.07,127,25.2,54.33,17.32,8.57,2.14,10.79,64.34
00BNFM0026,2001,00BNFM,244,6,2.46,10,4.1,True,160,38.12,4.38,3.75,110,12.73,10.0,16.36,0.0,0.0,0.0,65.42
00BNFM0027,2001,00BNFM,337,14,4.15,26,7.72,True,219,54.79,1.37,12.79,127,67.72,21.26,11.02,6.98,2.33,8.2,34.62
00BNFM0028,2001,00BNFM,223,6,2.69,17,7.62,True,198,81.31,6.06,3.03,136,40.44,30.88,26.47,2.22,0.0,7.52,41.35
00BNFM0029,2001,00BNFM,216,0,0.0,0,0.0,True,199,54.77,12.06,3.02,153,9.15,77.12,10.46,0.0,0.0,3.95,70.59
00BNFM0030,2001,00BNFM,366,6,1.64,116,31.69,True,227,44.49,6.61,4.85,96,70.83,3.12,26.04,14.29,6.12,10.31,34.74
00BNFM0031,2001,00BNFM,441,3,0.68,131,29.71,True,235,37.02,2.55,7.66,107,57.94,6.54,30.84,13.21,2.83,19.82,46.23
00BNFM0032,2001,00BNFM,301,3,1.0,57,18.94,True,215,40.47,7.91,0.0,133,15.79,64.66,16.54,4.41,2.21,4.38,71.32
00BNFM0033,2001,00BNFM,273,3,1.1,52,19.05,True,207,53.14,4.83,7.73,114,68.42,13.16,15.79,2.68,0.0,8.41,37.72
00BNFM0034,2001,00BNFM,350,0,0.0,117,33.43,True,231,46.32,7.79,7.79,108,73.15,2.78,24.07,10.81,2.7,6.6,38.18
00BNFM0035,2001,00BNFM,411,0,0.0,149,36.25,True,255,38.04,7.45,3.14,116,46.55,2.59,25.0,10.81,2.7,13.68,48.72
00BNFM0036,2001,00BNFM,308,0,0.0,33,10.71,True,198,30.81,4.55,3.03,129,11.63,58.91,13.18,7.58,2.27,4.41,62.9
00BNFM0037,2001,00BNFM,394,0,0.0,144,36.55,True,242,47.52,5.79,7.02,119,63.03,0.0,31.09,8.33,2.78,16.53,48.25
00BNFM0038,2001,00BNFM,297,13,4.38,37,12.46,True,183,43.72,9.29,1.64,126,12.7,54.76,15.87,4.84,2.42,0.0,73.11
00BNFM0039,2001,00BNFM,371,5,1.35,106,28.57,True,254,40.55,5.91,5.91,122,77.05,3.28,17.21,10.32,5.56,18.7,40.83
00BNFN0001,2001,00BNFN,317,0,0.0,23,7.26,True,230,64.35,7.39,3.91,119,68.07,7.56,15.13,0.0,0.0,5.17,28.57
00BNFN0002,2001,00BNFN,258,3,1.16,8,3.1,True,209,65.55,1.44,4.31,125,84.0,3.2,12.8,0.0,0.0,4.65,30.16
00BNFN0003,2001,00BNFN,264,3,1.14,15,5.68,True,193,74.61,0.0,8.29,137,29.93,5.11,49.64,2.26,0.0,12.32,30.94
00BNFN0004,2001,00BNFN,293,0,0.0,10,3.41,True,233,80.26,3.86,10.73,111,63.96,0.0,36.04,0.0,0.0,4.46,22.41
00BNFN0005,2001,00BNFN,282,6,2.13,6,2.13,True,228,88.6,2.63,10.09,122,85.25,2.46,12.3,0.0,0.0,9.84,17.89
00BNFN0006,2001,00BNFN,254,0,0.0,6,2.36,True,206,84.47,2.91,8.74,140,69.29,4.29,24.29,0.0,0.0,21.32,31.11
00BNFN0007,2001,00BNFN,230,3,1.3,0,0.0,True,166,68.67,4.22,7.83,131,45.04,3.05,17.56,2.34,2.34,7.14,46.03
00BNFN0008,2001,00BNFN,256,6,2.34,6,2.34,True,207,82.13,2.9,4.83,112,72.32,0.0,25.0,0.0,0.0,7.83,29.57
00BNFN0009,2001,00BNFN,238,0,0.0,3,1.26,True,188,79.26,1.6,7.98,128,79.69,6.25,14.06,0.0,0.0,12.31,28.91
00BNFN0010,2001,00BNFN,268,0,0.0,6,2.24,True,221,87.33,2.71,10.41,131,82.44,2.29,15.27,0.0,0.0,21.9,23.26
00BNFN0011,2001,00BNFN,188,0,0.0,3,1.6,True,141,79.43,0.0,8.51,117,60.68,2.56,11.11,2.4,2.4,9.76,47.62
00BNFN0012,2001,00BNFN,222,0,0.0,6,2.7,True,191,78.53,4.71,6.28,133,88.72,2.26,9.02,4.2,0.0,6.92,25.0
00BNFN0013,2001,00BNFN,294,0,0.0,5,1.7,True,213,70.42,2.82,8.45,133,51.13,18.05,30.83,0.0,0.0,13.99,43.18
00BNFN0014,2001,00BNFN,269,0,0.0,3,1.12,True,204,81.37,1.47,4.41,126,68.25,4.76,26.98,0.0,0.0,7.2,12.4
00BNFN0015,2001,00BNFN,306,0,0.0,10,3.27,True,218,80.28,0.0,10.09,117,91.45,0.0,8.55,0.0,0.0,10.43,20.16
00BNFN0016,2001,00BNFN,286,12,4.2,13,4.55,True,225,82.67,4.89,8.44,127,66.14,2.36,29.13,0.0,0.0,7.08,32.06
00BNFN0017,2001,00BNFN,354,0,0.0,6,1.69,True,249,79.52,1.2,10.04,126,89.68,2.38,7.94,2.38,2.38,4.8,10.94
00BNFN0018,2001,00BNFN,180,0,0.0,3,1.67,True,122,59.84,2.46,2.46,143,22.38,2.1,11.89,2.04,0.0,4.32,62.5
00BNFN0019,2001,00BNFN,301,0,0.0,8,2.66,True,204,71.57,1.47,10.78,103,96.12,0.0,3.88,0.0,0.0,5.5,9.73
00BNFN0020,2001,00BNFN,340,0,0.0,6,1.76,True,254,75.59,3.94,10.63,120,92.5,2.5,5.0,0.0,0.0,2.63,8.7
00BNFN0021,2001,00BNFN,268,0,0.0,3,1.12,True,162,58.02,5.56,3.09,111,39.64,51.35,9.01,5.22,2.61,5.71,50.94
00BNFN0022,2001,00BNFN,298,0,0.0,7,2.35,True,199,53.77,1.51,6.53,119,42.86,50.42,6.72,2.44,2.44,0.0,39.5
00BNFN0023,2001,00BNFN,328,0,0.0,14,4.27,True,231,80.52,0.0,9.09,115,83.48,5.22,11.3,2.65,0.0,8.11,13.79
00BNFN0024,2001,00BNFN,290,4,1.38,10,3.45,True,214,86.92,2.8,11.21,114,82.46,2.63,14.91,5.0,5.0,13.51,28.33
00BNFN0025,2001,00BNFN,292,13,4.45,36,12.33,True,220,62.27,0.0,11.36,109,77.06,0.0,22.94,5.31,0.0,7.96,22.52
00BNFN0026,2001,00BNFN,270,7,2.59,10,3.7,True,227,77.09,0.0,5.29,114,38.6,2.63,53.51,0.0,0.0,10.48,37.93
00BNFN0027,2001,00BNFN,242,0,0.0,6,2.48,True,202,67.33,1.49,4.46,112,62.5,5.36,11.61,2.7,0.0,15.89,40.18
00BNFN0028,2001,00BNFN,308,0,0.0,11,3.57,True,228,69.3,1.32,7.02,120,78.33,7.5,9.17,0.0,0.0,12.61,19.83
00BNFN0029,2001,00BNFN,281,3,1.07,9,3.2,True,216,80.09,4.63,9.72,122,74.59,4.92,17.21,0.0,0.0,21.19,28.95
00BNFN0030,2001,00BNFN,190,3,1.58,10,5.26,True,185,70.81,3.24,8.11,104,14.42,12.5,38.46,0.0,0.0,9.91,63.81
00BNFN0031,2001,00BNFN,275,0,0.0,8,2.91,True,225,72.89,4.0,4.44,117,72.65,5.13,17.09,0.0,0.0,10.17,27.35
00BNFN0032,2001,00BNFN,306,6,1.96,13,4.25,True,209,72.73,6.7,9.09,101,85.15,2.97,8.91,0.0,0.0,5.66,21.5
00BNFN0033,2001,00BNFN,296,3,1.01,12,4.05,True,230,77.83,1.74,8.7,125,72.8,5.6,19.2,0.0,0.0,9.38,20.47
00BNFN0034,2001,00BNFN,171,0,0.0,3,1.75,True,133,50.38,4.51,4.51,141,14.18,0.0,7.8,0.0,0.0,6.77,60.14
00BNFN0035,2001,00BNFN,339,3,0.88,15,4.42,True,302,73.18,4.97,6.29,143,22.38,5.59,67.13,0.0,0.0,12.93,47.83
00BNFN0036,2001,00BNFN,211,0,0.0,10,4.74,True,174,69.54,6.9,5.17,123,14.63,5.69,53.66,4.48,0.0,20.0,50.77
00BNFN0037,2001,00BNFN,252,0,0.0,17,6.75,True,191,76.96,3.14,5.76,148,49.32,4.05,46.62,4.35,2.17,43.51,26.06
00BNFN0038,2001,00BNFN,212,0,0.0,3,1.42,True,166,68.07,7.23,4.22,115,24.35,2.61,55.65,0.0,0.0,3.48,46.9
00BNFN0039,2001,00BNFN,318,6,1.89,20,6.29,True,279,77.42,3.94,10.75,125,29.6,4.8,63.2,4.69,0.0,25.42,31.2
00BNFN0040,2001,00BNFN,288,0,0.0,3,1.04,True,244,77.87,4.92,5.74,131,31.3,0.0,66.41,4.38,2.19,34.81,45.86
00BNFN0041,2001,00BNFN,272,0,0.0,8,2.94,True,234,74.79,6.41,8.97,122,49.18,7.38,35.25,0.0,0.0,15.32,39.17
00BNFN0042,2001,00BNFN,200,0,0.0,3,1.5,True,134,67.16,2.24,2.24,127,51.18,4.72,18.9,2.34,2.34,2.29,53.12
00BNFN0043,2001,00BNFN,199,0,0.0,3,1.51,True,159,69.81,3.77,9.43,133,55.64,3.76,35.34,0.0,0.0,14.69,53.73
00BNFN0044,2001,00BNFN,240,3,1.25,8,3.33,True,192,84.38,3.65,10.94,122,21.31,2.46,71.31,2.27,2.27,20.63,41.73
00BNFN0045,2001,00BNFN,282,0,0.0,22,7.8,True,213,71.36,6.1,8.45,115,37.39,0.0,62.61,2.59,0.0,23.68,30.0
00BNFN0046,2001,00BNFN,322,6,1.86,8,2.48,True,258,74.42,1.16,8.14,143,81.82,4.9,13.29,0.0,0.0,16.78,22.7
00BNFN0047,2001,00BNFN,322,6,1.86,7,2.17,True,248,80.24,3.63,7.66,126,71.43,0.0,28.57,0.0,0.0,13.01,23.85
00BNFN0048,2001,00BNFN,268,0,0.0,16,5.97,True,200,78.5,1.5,7.0,109,80.73,0.0,11.01,0.0,0.0,7.63,17.86
00BNFN0049,2001,00BNFN,290,3,1.03,12,4.14,True,230,78.26,1.3,14.78,124,39.52,4.84,33.87,2.63,2.63,18.46,25.62
00BNFN0050,2001,00BNFN,272,11,4.04,11,4.04,True,229,84.72,4.37,13.97,129,51.94,2.33,45.74,4.29,2.14,11.11,29.93
00BNFN0051,2001,00BNFN,331,0,0.0,3,0.91,True,248,82.66,4.03,9.27,130,90.0,0.0,10.0,2.27,0.0,9.16,16.06
00BNFN0052,2001,00BNFN,296,0,0.0,3,1.01,True,225,80.0,5.78,12.44,134,52.99,2.24,20.9,2.21,2.21,17.53,37.12
00BNFN0053,2001,00BNFN,248,0,0.0,11,4.44,True,208,67.79,3.37,9.62,136,27.94,5.88,50.74,0.0,0.0,25.17,50.36
00BNFP0001,2001,00BNFP,299,0,0.0,22,7.36,True,175,63.43,4.0,5.71,129,27.91,3.1,37.21,0.0,0.0,6.62,52.21
00BNFP0002,2001,00BNFP,226,7,3.1,27,11.95,True,194,58.25,6.19,1.55,134,7.46,2.99,74.63,2.19,0.0,9.56,60.96
00BNFP0003,2001,00BNFP,291,0,0.0,45,15.46,True,182,44.51,4.4,4.95,119,43.7,5.88,37.82,7.21,0.0,15.09,62.73
00BNFP0004,2001,00BNFP,317,0,0.0,9,2.84,True,239,75.31,3.77,5.86,143,86.01,2.1,11.89,0.0,0.0,4.29,32.41
00BNFP0005,2001,00BNFP,343,0,0.0,19,5.54,True,215,65.58,2.79,10.7,148,78.38,2.03,19.59,2.11,2.11,6.52,34.48
00BNFP0006,2001,00BNFP,268,0,0.0,0,0.0,True,184,71.74,3.26,3.26,125,80.8,4.8,14.4,0.0,0.0,12.6,38.52
00BNFP0007,2001,00BNFP,255,0,0.0,20,7.84,True,187,58.29,1.6,8.56,142,51.41,5.63,22.54,0.0,0.0,4.38,44.52
00BNFP0008,2001,00BNFP,379,6,1.58,41,10.82,True,239,42.68,6.69,3.77,144,45.83,20.83,24.31,4.72,2.36,20.74,52.99
00BNFP0009,2001,00BNFP,380,0,0.0,7,1.84,True,257,63.81,0.0,8.17,152,89.47,4.61,5.92,0.0,0.0,3.77,21.57
00BNFP0010,2001,00BNFP,349,0,0.0,31,8.88,True,264,64.77,2.65,6.06,133,90.23,2.26,7.52,3.08,0.0,9.23,35.34
00BNFP0011,2001,00BNFP,113,0,0.0,0,0.0,True,81,37.04,3.7,0.0,93,9.68,10.75,5.38,0.0,0.0,0.0,73.03
00BNFP0012,2001,00BNFP,315,0,0.0,33,10.48,True,238,54.2,4.62,7.98,130,76.92,2.31,18.46,4.51,0.0,8.96,26.92
00BNFP0013,2001,00BNFP,316,0,0.0,6,1.9,True,252,61.9,0.0,4.76,132,88.64,2.27,9.09,0.0,0.0,4.51,25.93
00BNFP0014,2001,00BNFP,218,0,0.0,3,1.38,True,171,61.99,3.51,3.51,113,53.98,0.0,12.39,0.0,0.0,3.67,49.58
00BNFP0015,2001,00BNFP,190,0,0.0,18,9.47,True,139,43.88,6.47,6.47,90,21.11,63.33,12.22,3.45,0.0,0.0,57.47
00BNFP0016,2001,00BNFP,274,0,0.0,11,4.01,True,158,69.62,3.8,8.86,116,71.55,5.17,3.45,0.0,0.0,5.04,37.93
00BNFP0017,2001,00BNFP,288,0,0.0,6,2.08,True,207,69.57,4.35,2.9,136,89.71,2.21,8.09,0.0,0.0,8.63,27.82
00BNFP0018,2001,00BNFP,194,0,0.0,9,4.64,True,147,57.14,4.08,2.04,119,25.21,38.66,25.21,2.63,0.0,5.17,60.18
00BNFP0019,2001,00BNFP,317,3,0.95,8,2.52,True,210,69.05,4.29,5.71,141,77.3,2.84,17.73,2.13,0.0,15.2,40.29
00BNFP0020,2001,00BNFP,397,0,0.0,32,8.06,True,236,63.98,6.78,9.75,139,89.21,0.0,10.79,2.22,0.0,10.37,29.71
00BNFP0021,2001,00BNFP,237,6,2.53,27,11.39,True,150,44.67,4.0,5.33,129,44.96,4.65,6.98,4.69,2.34,4.58,53.85
00BNFP0022,2001,00BNFP,277,0,0.0,12,4.33,True,216,73.15,4.17,6.94,123,86.18,0.0,13.82,0.0,0.0,9.76,27.42
00BNFP0023,2001,00BNFP,297,3,1.01,31,10.44,True,234,57.69,5.56,3.85,135,53.33,7.41,31.11,4.23,2.11,14.96,41.48
00BNFP0024,2001,00BNFP,263,0,0.0,3,1.14,True,197,62.94,1.52,17.26,122,63.93,2.46,28.69,0.0,0.0,7.63,28.93
00BNFP0025,2001,00BNFP,310,0,0.0,27,8.71,True,228,62.72,2.63,7.46,123,83.74,0.0,13.82,4.62,2.31,12.03,31.15
00BNFP0026,2001,00BNFP,199,0,0.0,15,7.54,True,169,60.95,9.47,1.78,125,34.4,4.8,42.4,2.42,0.0,13.39,55.46
00BNFP0027,2001,00BNFP,239,0,0.0,12,5.02,True,189,54.5,4.76,4.76,135,31.85,11.11,28.89,0.0,0.0,5.47,63.43
00BNFP0028,2001,00BNFP,347,0,0.0,28,8.07,True,238,65.55,2.52,4.62,124,86.29,3.23,10.48,2.38,0.0,15.08,19.84
00BNFP0029,2001,00BNFP,163,0,0.0,15,9.2,True,110,44.55,5.45,5.45,90,18.89,4.44,28.89,3.16,3.16,7.0,59.18
00BNFP0030,2001,00BNFP,223,0,0.0,24,10.76,True,164,61.59,5.49,3.66,128,67.97,2.34,23.44,0.0,0.0,16.79,46.92
00BNFP0031,2001,00BNFP,362,0,0.0,31,8.56,True,268,60.82,2.61,1.87,127,59.84,5.51,25.2,4.65,2.33,20.33,44.8
00BNFP0032,2001,00BNFP,209,0,0.0,17,8.13,True,188,62.77,6.38,7.98,115,33.04,5.22,52.17,0.0,0.0,13.49,50.79
00BNFP0033,2001,00BNFP,305,0,0.0,45,14.75,True,201,56.22,9.45,5.97,112,51.79,16.96,27.68,4.55,0.0,19.05,49.57
00BNFP0034,2001,00BNFP,325,0,0.0,35,10.77,True,202,58.91,8.91,7.43,117,64.1,10.26,20.51,2.61,0.0,18.64,46.85
00BNFP0035,2001,00BNFP,352,3,0.85,66,18.75,True,213,50.23,9.39,4.69,103,29.13,2.91,15.53,0.0,0.0,9.18,47.0
00BNFP0036,2001,00BNFP,319,0,0.0,70,21.94,True,239,56.49,8.79,7.95,116,56.9,7.76,35.34,5.13,2.56,13.68,38.66
00BNFP0037,2001,00BNFP,309,3,0.97,46,14.89,True,208,49.52,3.37,5.29,119,47.9,6.72,40.34,2.46,2.46,16.52,52.5
00BNFP0038,2001,00BNFP,290,0,0.0,52,17.93,True,191,42.93,4.71,6.81,126,23.81,2.38,23.81,6.77,2.26,4.88,62.79
00BNFP0039,2001,00BNFP,155,3,1.94,4,2.58,True,86,36.05,3.49,3.49,126,7.14,15.87,21.43,2.52,2.52,8.11,76.92
00BNFP0040,2001,00BNFP,365,0,0.0,57,15.62,True,238,59.66,9.24,7.14,133,67.67,2.26,25.56,5.8,2.17,12.03,47.01
00BNFQ0001,2001,00BNFQ,293,8,2.73,28,9.56,True,195,62.56,4.62,5.13,114,66.67,2.63,30.7,5.04,2.52,14.75,26.5
00BNFQ0002,2001,00BNFQ,244,3,1.23,15,6.15,True,187,79.14,4.81,18.18,131,66.41,0.0,25.95,0.0,0.0,2.26,22.73
00BNFQ0003,2001,00BNFQ,336,3,0.89,13,3.87,True,267,75.66,2.25,13.86,129,63.57,0.0,36.43,2.4,2.4,5.56,13.18
00BNFQ0004,2001,00BNFQ,338,3,0.89,15,4.44,True,277,86.28,3.61,11.91,144,56.25,2.08,41.67,0.0,0.0,6.38,20.57
00BNFQ0005,2001,00BNFQ,282,0,0.0,8,2.84,True,221,83.71,4.07,9.95,139,52.52,6.47,26.62,0.0,0.0,17.48,23.74
00BNFQ0006,2001,00BNFQ,317,0,0.0,32,10.09,True,240,63.75,2.5,7.5,122,90.16,2.46,7.38,2.34,0.0,2.36,11.97
00BNFQ0007,2001,00BNFQ,178,0,0.0,9,5.06,True,171,77.19,0.0,11.7,113,59.29,2.65,32.74,0.0,0.0,13.79,23.73
00BNFQ0008,2001,00BNFQ,206,0,0.0,9,4.37,True,159,56.6,3.77,11.32,128,44.53,4.69,14.84,0.0,0.0,8.96,44.62
00BNFQ0009,2001,00BNFQ,323,0,0.0,20,6.19,True,212,62.74,6.13,7.08,122,27.05,59.02,13.93,3.42,0.0,0.0,41.03
00BNFQ0010,2001,00BNFQ,224,0,0.0,3,1.34,True,167,72.46,2.99,7.78,141,21.99,4.26,62.41,2.94,2.94,2.86,42.86
00BNFQ0011,2001,00BNFQ,298,0,0.0,9,3.02,True,217,67.74,1.38,10.6,119,88.24,2.52,9.24,0.0,0.0,4.92,16.8
00BNFQ0012,2001,00BNFQ,263,3,1.14,15,5.7,True,171,69.01,3.51,10.53,123,86.99,4.88,8.13,0.0,0.0,2.48,26.72
00BNFQ0013,2001,00BNFQ,261,0,0.0,10,3.83,True,194,77.32,4.64,9.28,123,74.8,2.44,22.76,0.0,0.0,9.68,20.49
00BNFQ0014,2001,00BNFQ,303,3,0.99,15,4.95,True,199,68.84,1.51,13.07,128,92.19,0.0,7.81,0.0,0.0,2.44,18.4
00BNFQ0015,2001,00BNFQ,267,0,0.0,3,1.12,True,204,53.43,2.94,4.9,126,42.06,47.62,10.32,0.0,0.0,2.63,38.4
00BNFQ0016,2001,00BNFQ,361,3,0.83,21,5.82,True,306,54.25,1.96,7.52,103,78.64,5.83,15.53,2.75,2.75,5.77,15.53
00BNFQ0017,2001,00BNFQ,229,0,0.0,13,5.68,True,170,77.65,1.76,8.24,138,27.54,2.17,52.9,0.0,0.0,10.07,47.14
00BNFQ0018,2001,00BNFQ,351,0,0.0,15,4.27,True,261,79.31,0.0,9.58,133,75.94,0.0,24.06,0.0,0.0,10.37,12.5
00BNFQ0019,2001,00BNFQ,289,3,1.04,6,2.08,True,231,86.15,1.3,6.93,138,42.75,0.0,55.07,0.0,0.0,13.97,36.23
00BNFQ0020,2001,00BNFQ,277,8,2.89,9,3.25,True,247,85.83,1.21,10.53,148,56.76,2.03,35.81,2.1,2.1,15.48,17.11
00BNFQ0021,2001,00BNFQ,319,0,0.0,11,3.45,True,234,70.94,1.28,14.53,129,81.4,9.3,9.3,2.27,0.0,9.45,19.38
00BNFQ0022,2001,00BNFQ,315,0,0.0,7,2.22,True,254,85.43,3.54,8.27,118,78.81,0.0,21.19,0.0,0.0,7.38,5.26
00BNFQ0023,2001,00BNFQ,220,3,1.36,3,1.36,True,176,68.75,3.41,7.95,131,50.38,4.58,19.85,2.33,0.0,13.43,33.87
00BNFQ0024,2001,00BNFQ,235,0,0.0,8,3.4,True,143,79.02,0.0,13.29,118,89.83,0.0,10.17,2.46,0.0,2.52,7.14
00BNFQ0025,2001,00BNFQ,302,0,0.0,6,1.99,True,240,77.5,2.5,6.25,135,69.63,2.22,25.93,4.23,2.11,10.56,20.74
00BNFQ0026,2001,00BNFQ,219,6,2.74,6,2.74,True,176,73.3,1.7,7.95,131,58.02,6.11,31.3,2.36,0.0,8.73,28.8
00BNFQ0027,2001,00BNFQ,234,0,0.0,3,1.28,True,220,79.55,1.36,8.64,136,64.71,4.41,25.74,0.0,0.0,17.05,25.98
00BNFQ0028,2001,00BNFQ,228,0,0.0,3,1.32,True,196,81.63,1.53,6.12,134,54.48,2.24,41.04,0.0,0.0,10.14,26.81
00BNFQ0029,2001,00BNFQ,232,0,0.0,7,3.02,True,188,74.47,3.72,9.57,113,50.44,23.01,26.55,0.0,0.0,9.92,29.82
00BNFQ0030,2001,00BNFQ,246,0,0.0,10,4.07,True,186,57.53,0.0,9.14,126,59.52,4.76,7.94,0.0,0.0,6.98,30.23
00BNFQ0031,2001,00BNFQ,323,3,0.93,14,4.33,True,258,79.07,1.16,6.98,135,80.0,2.22,17.78,0.0,0.0,4.38,12.77
00BNFQ0032,2001,00BNFQ,340,3,0.88,10,2.94,True,234,74.36,0.0,14.96,121,90.08,0.0,9.92,2.4,0.0,2.46,12.2
00BNFQ0033,2001,00BNFQ,302,0,0.0,17,5.63,True,180,73.89,1.67,6.11,120,93.33,2.5,4.17,0.0,0.0,6.09,14.88
00BNFQ0034,2001,00BNFQ,267,3,1.12,8,3.0,True,209,89.95,4.31,13.88,127,69.29,2.36,28.35,0.0,0.0,8.26,22.05
00BNFQ0035,2001,00BNFQ,338,0,0.0,15,4.44,True,244,74.18,1.23,9.84,136,94.85,0.0,5.15,0.0,0.0,14.69,16.44
00BNFQ0036,2001,00BNFQ,302,8,2.65,13,4.3,True,196,69.39,1.53,7.14,132,79.55,0.0,18.18,0.0,0.0,6.47,26.15
00BNFQ0037,2001,00BNFQ,369,6,1.63,12,3.25,True,327,63.3,1.83,8.87,99,78.79,0.0,21.21,0.0,0.0,0.0,10.0
00BNFQ0038,2001,00BNFQ,293,6,2.05,18,6.14,True,238,64.29,1.26,9.24,131,69.47,9.16,12.98,0.0,0.0,6.4,25.19
00BNFQ0039,2001,00BNFQ,299,3,1.0,6,2.01,True,204,79.9,1.47,8.33,113,97.35,0.0,2.65,0.0,0.0,0.0,12.61
00BNFQ0040,2001,00BNFQ,301,0,0.0,0,0.0,True,177,72.88,1.69,16.95,104,74.04,0.0,13.46,0.0,0.0,0.0,17.0
00BNFQ0041,2001,00BNFQ,274,0,0.0,21,7.66,True,205,63.9,4.39,5.85,115,70.43,0.0,29.57,0.0,0.0,11.63,32.5
00BNFQ0042,2001,00BNFQ,355,0,0.0,15,4.23,True,263,68.44,1.14,15.21,121,90.08,4.96,4.96,2.65,0.0,0.0,11.4
00BNFQ0043,2001,00BNFQ,279,9,3.23,26,9.32,True,211,64.93,1.42,12.8,105,84.76,0.0,15.24,5.66,0.0,11.21,14.15
00BNFQ0044,2001,00BNFQ,344,0,0.0,23,6.69,True,210,66.67,0.0,11.43,114,94.74,0.0,5.26,5.0,2.5,2.56,13.79
00BNFQ0045,2001,00BNFQ,324,0,0.0,35,10.8,True,217,67.74,2.76,5.53,132,82.58,0.0,15.15,0.0,0.0,7.58,27.41
00BNFQ0046,2001,00BNFQ,310,0,0.0,26,8.39,True,197,64.97,0.0,10.15,116,83.62,7.76,8.62,5.17,0.0,6.84,15.79
00BNFQ0047,2001,00BNFQ,226,4,1.77,25,11.06,True,166,59.04,1.81,2.41,109,55.96,0.0,9.17,0.0,0.0,10.34,35.92
00BNFQ0048,2001,00BNFQ,305,3,0.98,29,9.51,True,209,63.64,5.74,4.78,109,88.07,0.0,11.93,7.56,2.52,12.07,23.21
00BNFQ0049,2001,00BNFQ,340,6,1.76,30,8.82,True,244,72.95,1.23,7.38,130,86.92,4.62,8.46,2.27,0.0,2.46,20.16
00BNFQ0050,2001,00BNFQ,302,0,0.0,32,10.6,True,227,65.2,1.32,10.57,112,77.68,0.0,22.32,0.0,0.0,10.62,10.62
00BNFR0001,2001,00BNFR,298,3,1.01,16,5.37,True,202,49.01,7.43,4.95,123,36.59,52.85,8.13,7.32,2.44,5.04,44.64
00BNFR0002,2001,00BNFR,231,3,1.3,18,7.79,True,176,65.91,10.23,0.0,131,7.63,14.5,67.18,3.25,3.25,6.56,71.77
00BNFR0003,2001,00BNFR,304,10,3.29,41,13.49,True,222,73.42,0.0,8.56,119,72.27,2.52,25.21,5.22,2.61,0.0,13.33
00BNFR0004,2001,00BNFR,300,0,0.0,19,6.33,True,179,41.34,3.91,3.35,113,13.27,63.72,13.27,11.61,2.68,7.96,64.35
00BNFR0005,2001,00BNFR,325,4,1.23,36,11.08,True,274,67.88,9.49,6.93,176,24.43,15.34,49.43,1.69,0.0,21.84,52.35
00BNFR0006,2001,00BNFR,437,12,2.75,17,3.89,True,277,44.4,7.94,1.08,153,18.3,66.01,7.19,5.62,0.0,0.0,46.71
00BNFR0007,2001,00BNFR,478,7,1.46,21,4.39,True,267,41.2,8.61,0.0,154,6.49,81.82,11.69,8.23,1.9,1.85,57.59
00BNFR0008,2001,00BNFR,492,0,0.0,19,3.86,True,309,50.49,9.06,2.59,160,26.25,65.0,8.75,9.04,5.42,5.52,46.34
00BNFR0009,2001,00BNFR,244,5,2.05,32,13.11,True,186,40.86,5.91,2.15,106,32.08,29.25,35.85,15.32,7.21,26.67,57.58
00BNFR0010,2001,00BNFR,195,0,0.0,12,6.15,True,129,43.41,10.08,2.33,111,23.42,68.47,8.11,5.45,0.0,5.45,67.54
00BNFR0011,2001,00BNFR,237,3,1.27,25,10.55,True,172,42.44,3.49,6.98,110,31.82,47.27,20.91,2.8,0.0,5.31,51.43
00BNFR0012,2001,00BNFR,2304,34,1.48,87,3.78,True,2271,22.15,0.4,0.13,116,18.1,9.48,64.66,2.61,0.0,12.71,50.96
00BNFR0013,2001,00BNFR,301,0,0.0,32,10.63,True,229,73.36,7.86,8.73,111,52.25,10.81,34.23,5.31,0.0,14.29,31.9
00BNFR0014,2001,00BNFR,285,0,0.0,27,9.47,True,183,52.46,3.28,7.65,123,29.27,17.07,11.38,4.96,0.0,2.54,31.2
00BNFR0015,2001,00BNFR,174,0,0.0,3,1.72,True,154,61.04,1.95,6.49,94,60.64,3.19,26.6,0.0,0.0,27.08,49.46
00BNFR0016,2001,00BNFR,304,0,0.0,11,3.62,True,220,53.64,9.55,1.36,123,34.96,47.15,15.45,3.28,0.0,9.84,53.45
00BNFR0017,2001,00BNFR,303,3,0.99,8,2.64,True,205,60.49,7.8,4.39,128,53.12,31.25,13.28,2.48,0.0,15.04,48.41
00BNFR0018,2001,00BNFR,555,8,1.44,56,10.09,True,423,50.59,2.84,3.07,131,63.36,24.43,12.21,4.48,0.0,5.15,28.36
00BNFR0019,2001,00BNFR,213,3,1.41,13,6.1,True,140,44.29,0.0,5.0,101,17.82,74.26,7.92,2.75,0.0,2.97,57.94
00BNFR0020,2001,00BNFR,270,0,0.0,41,15.19,True,191,60.73,7.85,6.81,133,21.05,2.26,45.86,2.27,2.27,13.28,53.38
00BNFR0021,2001,00BNFR,367,0,0.0,81,22.07,True,275,56.73,4.36,12.73,122,74.59,4.92,18.03,0.0,0.0,6.56,25.0
00BNFR0022,2001,00BNFR,294,6,2.04,18,6.12,True,245,55.51,7.76,3.67,129,45.74,27.13,23.26,2.44,0.0,19.2,43.65
00BNFR0023,2001,00BNFR,435,6,1.38,111,25.52,True,294,49.66,1.36,11.22,124,60.48,4.84,34.68,7.81,2.34,11.03,19.42
00BNFR0024,2001,00BNFR,374,0,0.0,24,6.42,True,229,48.47,7.42,1.31,140,21.43,66.43,7.86,3.68,0.0,2.21,49.28
00BNFR0025,2001,00BNFR,271,0,0.0,24,8.86,True,195,45.13,14.36,0.0,125,19.2,38.4,15.2,2.36,0.0,2.26,58.91
00BNFR0026,2001,00BNFR,365,11,3.01,69,18.9,True,259,59.46,3.09,11.58,128,57.03,2.34,35.94,2.44,0.0,4.62,14.05
00BNFR0027,2001,00BNFR,204,0,0.0,13,6.37,True,150,44.0,5.33,0.0,113,13.27,76.99,7.08,4.92,2.46,0.0,64.8
00BNFR0028,2001,00BNFR,222,0,0.0,26,11.71,True,194,61.34,8.76,12.37,134,23.13,14.93,47.01,0.0,0.0,10.71,47.73
00BNFR0029,2001,00BNFR,322,0,0.0,19,5.9,True,221,54.3,8.14,3.17,133,30.08,60.9,9.02,0.0,0.0,7.41,52.52
00BNFR0030,2001,00BNFR,267,6,2.25,18,6.74,True,201,49.25,2.99,2.99,131,30.53,54.2,15.27,0.0,0.0,2.4,52.24
00BNFR0031,2001,00BNFR,318,0,0.0,41,12.89,True,242,57.44,3.72,9.92,128,57.81,19.53,22.66,2.4,2.4,6.72,33.33
00BNFR0032,2001,00BNFR,348,11,3.16,36,10.34,True,300,28.33,3.0,2.0,115,16.52,13.91,59.13,5.45,2.73,8.57,52.68
00BNFR0033,2001,00BNFR,258,0,0.0,10,3.88,True,186,51.08,8.6,3.23,128,28.91,58.59,10.16,0.0,0.0,2.36,54.33
00BNFR0034,2001,00BNFR,534,8,1.5,12,2.25,True,488,32.99,1.23,0.61,128,12.5,2.34,85.16,2.36,0.0,6.72,51.61
00BNFR0035,2001,00BNFR,305,0,0.0,43,14.1,True,241,75.52,1.24,13.69,118,86.44,0.0,13.56,3.36,0.0,2.65,11.61
00BNFR0036,2001,00BNFR,510,4,0.78,9,1.76,True,498,29.72,1.2,0.6,119,10.08,2.52,87.39,2.4,0.0,5.0,55.17
00BNFR0037,2001,00BNFR,197,0,0.0,8,4.06,True,166,51.2,7.23,1.81,114,14.91,69.3,13.16,2.61,2.61,0.0,57.52
00BNFR0038,2001,00BNFR,276,7,2.54,36,13.04,True,251,60.96,2.39,4.78,116,54.31,5.17,37.93,5.41,2.7,0.0,18.69
00BNFS0001,2001,00BNFS,303,0,0.0,7,2.31,True,198,59.09,6.06,3.03,138,40.58,2.17,29.71,2.26,0.0,21.09,54.14
00BNFS0002,2001,00BNFS,295,0,0.0,6,2.03,True,202,60.4,2.97,5.94,130,62.31,9.23,14.62,0.0,0.0,22.9,42.75
00BNFS0003,2001,00BNFS,254,0,0.0,8,3.15,True,156,32.69,3.21,1.92,143,9.79,66.43,5.59,0.0,0.0,0.0,74.83
00BNFS0004,2001,00BNFS,205,3,1.46,6,2.93,True,146,50.0,2.74,8.22,124,43.55,13.71,16.94,0.0,0.0,22.73,63.78
00BNFS0005,2001,00BNFS,258,0,0.0,7,2.71,True,177,68.36,3.39,3.95,114,62.28,2.63,35.09,2.7,0.0,41.8,45.54
00BNFS0006,2001,00BNFS,284,3,1.06,10,3.52,True,199,53.77,7.54,4.52,128,44.53,21.09,18.75,2.36,0.0,13.33,51.59
00BNFS0007,2001,00BNFS,222,0,0.0,0,0.0,True,155,63.23,9.68,1.94,111,37.84,17.12,20.72,0.0,0.0,12.71,63.3
00BNFS0008,2001,00BNFS,315,3,0.95,6,1.9,True,231,63.2,7.36,1.3,122,67.21,2.46,19.67,2.48,0.0,30.3,40.5
00BNFS0009,2001,00BNFS,235,0,0.0,0,0.0,True,187,54.01,1.6,4.81,138,28.26,55.8,13.77,2.21,2.21,6.77,50.71
00BNFS0010,2001,00BNFS,231,10,4.33,16,6.93,True,146,47.95,6.16,0.0,111,27.93,54.95,10.81,2.65,2.65,15.32,52.54
00BNFS0011,2001,00BNFS,267,6,2.25,15,5.62,True,169,60.95,2.37,0.0,118,52.54,2.54,37.29,0.0,0.0,27.64,47.41
00BNFS0012,2001,00BNFS,301,3,1.0,3,1.0,True,213,58.22,1.41,7.51,138,66.67,10.14,17.39,0.0,0.0,16.67,43.48
00BNFS0013,2001,00BNFS,271,0,0.0,6,2.21,True,184,65.22,4.89,3.8,123,60.98,2.44,24.39,2.44,0.0,30.83,42.86
00BNFS0014,2001,00BNFS,333,6,1.8,12,3.6,True,201,55.72,7.46,0.0,132,46.97,3.03,31.82,5.34,0.0,16.81,57.89
00BNFS0015,2001,00BNFS,318,3,0.94,3,0.94,True,217,59.91,5.53,0.0,127,66.14,5.51,22.83,2.36,0.0,28.57,50.39
00BNFS0016,2001,00BNFS,241,0,0.0,0,0.0,True,146,41.1,2.05,4.11,127,12.6,68.5,16.54,4.84,0.0,0.0,66.67
00BNFS0017,2001,00BNFS,290,0,0.0,3,1.03,True,227,65.64,3.96,4.85,125,70.4,23.2,6.4,5.51,0.0,13.22,48.33
00BNFS0018,2001,00BNFS,267,0,0.0,0,0.0,True,193,61.14,4.66,3.63,125,84.8,7.2,8.0,0.0,0.0,34.68,42.52
00BNFS0019,2001,00BNFS,298,0,0.0,3,1.01,True,216,61.57,5.56,4.63,132,75.0,3.03,21.97,2.27,0.0,24.64,41.18
00BNFS0020,2001,00BNFS,351,0,0.0,3,0.85,True,250,62.4,6.0,3.6,138,96.38,0.0,3.62,0.0,0.0,11.97,35.92
00BNFS0021,2001,00BNFS,259,0,0.0,6,2.32,True,177,50.28,3.95,3.39,119,24.37,57.98,15.13,2.42,0.0,9.3,53.72
00BNFS0022,2001,00BNFS,285,6,2.11,6,2.11,True,215,59.07,5.58,5.12,131,70.23,9.92,16.79,0.0,0.0,17.05,40.6
00BNFS0023,2001,00BNFS,225,0,0.0,0,0.0,True,161,42.24,9.32,0.0,131,12.98,69.47,9.92,2.16,0.0,0.0,77.86
00BNFS0024,2001,00BNFS,229,0,0.0,3,1.31,True,145,55.86,6.21,5.52,132,34.09,50.0,6.06,0.0,0.0,14.19,60.58
00BNFS0025,2001,00BNFS,144,0,0.0,3,2.08,True,111,62.16,15.32,2.7,100,9.0,78.0,6.0,0.0,0.0,5.88,69.09
00BNFS0026,2001,00BNFS,232,3,1.29,0,0.0,True,150,69.33,7.33,2.0,108,44.44,38.89,8.33,2.63,0.0,13.39,43.12
00BNFS0027,2001,00BNFS,333,10,3.0,10,3.0,True,211,63.98,6.16,4.27,127,48.03,16.54,14.96,7.58,2.27,18.25,52.99
00BNFS0028,2001,00BNFS,447,0,0.0,3,0.67,True,231,53.68,3.9,3.9,130,47.69,39.23,8.46,0.0,0.0,10.57,51.52
00BNFS0029,2001,00BNFS,259,0,0.0,3,1.16,True,193,62.18,6.74,7.77,130,58.46,3.85,22.31,2.21,0.0,21.53,53.12
00BNFS0030,2001,00BNFS,270,0,0.0,6,2.22,True,182,62.09,4.95,3.3,124,52.42,15.32,16.13,2.34,2.34,17.04,53.17
00BNFS0031,2001,00BNFS,245,0,0.0,3,1.22,True,185,49.19,6.49,3.24,126,32.54,39.68,24.6,0.0,0.0,27.91,74.8
00BNFS0032,2001,00BNFS,309,5,1.62,6,1.94,True,208,49.52,1.44,4.33,134,30.6,52.99,14.18,2.33,0.0,4.41,53.91
00BNFS0033,2001,00BNFS,343,0,0.0,3,0.87,True,229,66.38,6.55,6.99,140,82.86,4.29,10.71,6.62,2.21,27.48,38.97
00BNFS0034,2001,00BNFS,275,0,0.0,3,1.09,True,173,50.87,5.2,1.73,130,40.0,30.0,12.31,0.0,0.0,11.9,53.85
00BNFS0035,2001,00BNFS,235,0,0.0,0,0.0,True,171,53.22,1.75,3.51,131,37.4,35.88,12.21,2.17,0.0,11.63,65.08
00BNFS0036,2001,00BNFS,308,3,0.97,6,1.95,True,205,56.1,2.93,1.46,138,55.8,10.14,13.77,0.0,0.0,30.53,47.06
00BNFS0037,2001,00BNFS,291,0,0.0,0,0.0,True,194,69.59,1.55,5.67,114,97.37,2.63,0.0,0.0,0.0,5.0,20.69
00BNFS0038,2001,00BNFS,275,0,0.0,0,0.0,True,191,75.39,1.57,2.09,130,83.85,2.31,13.85,0.0,0.0,27.82,33.61
00BNFS0039,2001,00BNFS,273,0,0.0,3,1.1,True,177,53.11,9.6,1.69,121,43.8,19.01,25.62,2.54,0.0,24.17,53.51
00BNFS0040,2001,00BNFS,282,0,0.0,4,1.42,True,194,68.04,3.09,8.25,107,91.59,0.0,8.41,0.0,0.0,11.21,22.22
00BNFS0041,2001,00BNFS,240,6,2.5,3,1.25,True,158,63.92,8.23,2.53,112,41.96,17.86,25.89,5.04,0.0,18.26,53.27
00BNFS0042,2001,00BNFS,236,0,0.0,3,1.27,True,172,74.42,5.23,7.56,100,82.0,6.0,12.0,0.0,0.0,23.08,33.01
00BNFS0043,2001,00BNFS,290,0,0.0,0,0.0,True,195,78.97,4.62,8.72,97,85.57,0.0,14.43,3.16,0.0,24.75,21.43
00BNFS0044,2001,00BNFS,294,0,0.0,0,0.0,True,203,73.4,7.39,3.45,124,55.65,9.68,26.61,2.42,0.0,26.72,37.9
00BNFS0045,2001,00BNFS,268,0,0.0,0,0.0,True,188,65.96,6.38,3.19,115,60.87,13.04,20.87,5.61,2.8,14.85,47.12
00BNFS0046,2001,00BNFS,338,75,22.19,64,18.93,True,207,74.4,2.9,9.18,123,76.42,0.0,19.51,8.66,2.36,31.21,22.39
00BNFT0001,2001,00BNFT,320,0,0.0,6,1.88,True,189,42.86,3.17,5.29,139,10.07,38.85,15.11,4.58,2.29,4.48,60.94
00BNFT0002,2001,00BNFT,350,0,0.0,3,0.86,True,211,55.45,6.16,2.84,134,23.88,67.91,5.97,4.62,0.0,0.0,57.25
00BNFT0003,2001,00BNFT,301,3,1.0,8,2.66,True,195,42.05,6.15,1.54,122,10.66,46.72,10.66,4.48,0.0,0.0,62.7
00BNFT0004,2001,00BNFT,334,3,0.9,6,1.8,True,200,46.5,7.5,1.5,128,12.5,80.47,7.03,4.58,2.29,0.0,61.94
00BNFT0005,2001,00BNFT,314,0,0.0,8,2.55,True,216,56.02,8.8,7.41,155,47.74,22.58,22.58,0.0,0.0,12.16,63.16
00BNFT0006,2001,00BNFT,307,4,1.3,12,3.91,True,217,57.14,6.91,5.53,133,27.07,12.03,33.83,2.22,0.0,15.79,60.29
00BNFT0007,2001,00BNFT,284,3,1.06,3,1.06,True,204,57.35,12.25,7.84,141,43.26,4.96,34.75,0.0,0.0,37.12,62.31
00BNFT0008,2001,00BNFT,268,0,0.0,0,0.0,True,164,52.44,7.32,3.66,102,21.57,75.49,2.94,3.77,0.0,0.0,59.05
00BNFT0009,2001,00BNFT,313,0,0.0,16,5.11,True,221,65.61,4.52,5.43,144,52.78,4.17,30.56,2.11,2.11,29.61,52.11
00BNFT0010,2001,00BNFT,306,0,0.0,56,18.3,True,220,53.64,8.18,5.45,146,40.41,5.48,40.41,8.0,4.0,26.97,64.38
00BNFT0011,2001,00BNFT,238,0,0.0,36,15.13,True,168,45.24,5.36,2.98,123,28.46,33.33,27.64,4.69,0.0,11.03,67.23
00BNFT0012,2001,00BNFT,228,0,0.0,7,3.07,True,166,72.29,1.81,3.61,106,76.42,2.83,9.43,0.0,0.0,5.36,27.18
00BNFT0013,2001,00BNFT,305,0,0.0,18,5.9,True,226,60.18,4.42,5.75,134,64.18,4.48,26.12,2.19,0.0,28.37,42.66
00BNFT0014,2001,00BNFT,318,3,0.94,23,7.23,True,217,56.68,1.38,3.23,134,49.25,18.66,19.4,0.0,0.0,23.77,50.37
00BNFT0015,2001,00BNFT,328,8,2.44,34,10.37,True,227,61.23,8.37,6.61,128,50.0,7.03,29.69,9.02,4.51,17.42,51.2
00BNFT0016,2001,00BNFT,222,0,0.0,7,3.15,True,160,50.62,9.38,1.88,113,17.7,70.8,8.85,2.63,0.0,2.73,64.1
00BNFT0017,2001,00BNFT,203,0,0.0,0,0.0,True,143,59.44,13.29,2.1,120,21.67,58.33,12.5,0.0,0.0,11.48,60.68
00BNFT0018,2001,00BNFT,250,0,0.0,9,3.6,True,184,64.67,3.26,3.26,108,66.67,0.0,33.33,2.8,0.0,28.8,40.0
00BNFT0019,2001,00BNFT,250,0,0.0,6,2.4,True,208,69.23,5.77,4.33,120,73.33,0.0,21.67,2.33,0.0,19.83,35.48
00BNFT0020,2001,00BNFT,269,0,0.0,8,2.97,True,153,57.52,8.5,3.92,122,39.34,6.56,20.49,3.15,0.0,25.41,65.32
00BNFT0021,2001,00BNFT,284,0,0.0,4,1.41,True,182,46.15,4.95,4.95,131,29.01,7.63,19.85,0.0,0.0,9.3,66.92
00BNFT0022,2001,00BNFT,271,0,0.0,4,1.48,True,184,56.52,10.87,1.63,130,25.38,24.62,20.77,4.58,0.0,14.88,67.21
00BNFT0023,2001,00BNFT,265,0,0.0,0,0.0,True,171,53.22,9.36,1.75,129,28.68,49.61,8.53,0.0,0.0,2.65,73.77
00BNFT0024,2001,00BNFT,235,3,1.28,4,1.7,True,181,58.01,6.08,1.66,121,43.8,20.66,35.54,2.42,0.0,27.12,58.87
00BNFT0025,2001,00BNFT,320,0,0.0,3,0.94,True,190,63.16,4.21,7.89,108,53.7,2.78,24.07,5.08,2.54,10.23,38.89
00BNFT0026,2001,00BNFT,208,0,0.0,3,1.44,True,157,69.43,3.82,6.37,109,46.79,20.18,13.76,2.91,2.91,11.76,53.0
00BNFT0027,2001,00BNFT,267,10,3.75,13,4.87,True,204,48.53,14.22,6.37,137,35.77,36.5,21.17,2.48,0.0,16.18,66.41
00BNFT0028,2001,00BNFT,361,0,0.0,7,1.94,True,218,52.75,13.76,4.13,128,18.75,71.88,7.03,9.38,2.34,2.38,54.62
00BNFT0029,2001,00BNFT,209,3,1.44,26,12.44,True,142,54.93,2.82,4.93,124,44.35,8.06,20.97,9.09,6.82,23.24,59.06
00BNFT0030,2001,00BNFT,296,3,1.01,4,1.35,True,190,54.74,6.84,7.37,136,11.76,21.32,10.29,7.09,0.0,4.62,60.0
00BNFT0031,2001,00BNFT,301,0,0.0,3,1.0,True,180,45.0,8.89,0.0,126,11.9,74.6,7.14,3.17,0.0,2.26,67.23
00BNFT0032,2001,00BNFT,311,0,0.0,3,0.96,True,218,52.75,6.88,1.83,128,40.62,48.44,8.59,2.4,0.0,4.44,51.72
00BNFT0033,2001,00BNFT,291,3,1.03,3,1.03,True,201,54.23,5.97,1.49,117,11.97,4.27,11.97,2.44,0.0,12.4,58.2
00BNFT0034,2001,00BNFT,265,7,2.64,10,3.77,True,193,70.98,6.74,6.74,126,57.94,2.38,31.75,2.4,0.0,31.4,44.09
00BNFT0035,2001,00BNFT,183,3,1.64,3,1.64,True,149,40.94,6.04,2.01,124,10.48,41.13,4.84,2.4,2.4,0.0,79.84
00BNFT0036,2001,00BNFT,130,0,0.0,3,2.31,True,103,55.34,15.53,2.91,103,0.0,86.41,10.68,0.0,0.0,17.43,72.63
00BNFT0037,2001,00BNFT,297,0,0.0,20,6.73,True,212,61.32,10.85,4.72,133,52.63,0.0,42.86,8.57,4.29,27.74,56.3
00BNFT0038,2001,00BNFT,300,0,0.0,3,1.0,True,186,43.01,10.22,0.0,135,9.63,82.22,8.15,4.41,0.0,0.0,63.78
00BNFT0039,2001,00BNFT,346,3,0.87,59,17.05,True,256,52.73,4.69,7.03,140,77.14,2.14,15.71,3.79,0.0,29.1,40.29
00BNFT0040,2001,00BNFT,292,8,2.74,49,16.78,True,218,51.38,9.17,2.75,138,36.96,5.8,44.2,8.39,4.2,23.31,71.33
00BNFT0041,2001,00BNFT,318,3,0.94,19,5.97,True,249,63.05,4.42,8.43,128,79.69,7.03,13.28,3.2,0.0,16.15,33.33
00BNFU0001,2001,00BNFU,270,7,2.59,7,2.59,True,211,57.82,4.27,1.42,124,33.06,50.0,14.52,4.88,0.0,4.92,58.87
00BNFU0002,2001,00BNFU,251,0,0.0,9,3.59,True,193,42.49,6.74,1.55,137,6.57,64.23,10.22,0.0,0.0,0.0,64.96
00BNFU0003,2001,00BNFU,226,0,0.0,4,1.77,True,143,38.46,14.69,0.0,102,5.88,79.41,2.94,2.86,0.0,2.97,88.78
00BNFU0004,2001,00BNFU,277,0,0.0,3,1.08,True,185,62.16,11.35,0.0,121,63.64,9.09,24.79,2.5,0.0,16.8,50.41
00BNFU0005,2001,00BNFU,224,0,0.0,4,1.79,True,169,66.86,8.88,3.55,114,59.65,7.89,29.82,0.0,0.0,16.79,49.11
00BNFU0006,2001,00BNFU,262,3,1.15,23,8.78,True,184,49.46,4.35,3.26,128,49.22,10.16,35.94,0.0,0.0,29.45,59.69
00BNFU0007,2001,00BNFU,348,0,0.0,3,0.86,True,233,35.19,8.15,1.72,194,7.73,50.0,7.22,1.52,0.0,1.55,70.35
00BNFU0008,2001,00BNFU,298,0,0.0,0,0.0,True,178,63.48,1.69,5.06,112,74.11,5.36,16.96,5.13,2.56,21.71,41.67
00BNFU0009,2001,00BNFU,216,0,0.0,0,0.0,True,139,43.17,8.63,2.16,122,13.11,72.13,8.2,2.42,0.0,0.0,76.27
00BNFU0010,2001,00BNFU,296,31,10.47,25,8.45,True,210,65.71,4.76,3.81,118,68.64,11.02,13.56,2.46,0.0,4.96,29.84
00BNFU0011,2001,00BNFU,356,6,1.69,0,0.0,True,247,53.85,2.43,2.02,127,54.33,7.09,13.39,0.0,0.0,9.68,46.92
00BNFU0012,2001,00BNFU,198,0,0.0,0,0.0,True,129,40.31,6.98,4.65,116,11.21,68.1,10.34,0.0,0.0,2.44,81.08
00BNFU0013,2001,00BNFU,266,0,0.0,0,0.0,True,172,55.23,3.49,4.65,122,53.28,22.13,22.13,0.0,0.0,12.93,52.42
00BNFU0014,2001,00BNFU,260,0,0.0,0,0.0,True,153,32.68,8.5,0.0,135,10.37,81.48,5.93,2.22,0.0,0.0,77.27
00BNFU0015,2001,00BNFU,282,3,1.06,14,4.96,True,183,45.36,6.56,1.64,110,37.27,13.64,28.18,5.13,0.0,24.53,59.82
00BNFU0016,2001,00BNFU,214,0,0.0,6,2.8,True,137,59.85,9.49,2.19,107,42.06,51.4,6.54,0.0,0.0,0.0,55.45
00BNFU0017,2001,00BNFU,292,3,1.03,6,2.05,True,196,49.49,5.61,0.0,119,42.02,10.08,18.49,0.0,0.0,13.33,63.2
00BNFU0018,2001,00BNFU,218,0,0.0,0,0.0,True,158,40.51,9.49,1.9,111,13.51,73.87,7.21,0.0,0.0,0.0,78.07
00BNFU0019,2001,00BNFU,243,0,0.0,7,2.88,True,173,57.23,7.51,1.73,116,48.28,18.1,28.45,4.88,2.44,17.92,56.9
00BNFU0020,2001,00BNFU,230,11,4.78,3,1.3,True,171,59.06,7.6,3.51,130,25.38,43.08,21.54,0.0,0.0,22.14,66.41
00BNFU0021,2001,00BNFU,302,3,0.99,6,1.99,True,181,35.36,4.97,3.31,119,9.24,79.83,10.92,2.42,2.42,0.0,76.19
00BNFU0022,2001,00BNFU,227,3,1.32,0,0.0,True,169,37.28,7.69,1.78,127,9.45,73.23,2.36,2.31,0.0,2.36,78.69
00BNFU0023,2001,00BNFU,219,0,0.0,0,0.0,True,166,45.78,6.63,7.23,123,13.82,78.86,7.32,0.0,0.0,7.26,76.03
00BNFU0024,2001,00BNFU,286,0,0.0,0,0.0,True,188,36.17,6.38,3.19,122,28.69,45.9,13.93,2.48,0.0,7.89,62.4
00BNFU0025,2001,00BNFU,237,3,1.27,7,2.95,True,171,38.6,10.53,1.75,120,10.83,77.5,9.17,2.52,0.0,2.38,80.67
00BNFU0026,2001,00BNFU,312,16,5.13,15,4.81,True,234,55.13,2.56,6.84,140,55.71,34.29,6.43,2.21,0.0,2.19,48.06
00BNFU0027,2001,00BNFU,256,3,1.17,5,1.95,True,177,41.81,6.21,3.39,143,12.59,45.45,9.09,2.1,0.0,4.32,67.11
00BNFU0028,2001,00BNFU,219,7,3.2,7,3.2,True,143,32.17,4.9,0.0,113,2.65,82.3,5.31,0.0,0.0,2.83,67.59
00BNFU0029,2001,00BNFU,277,3,1.08,6,2.17,True,213,43.66,7.04,1.41,130,12.31,74.62,6.92,0.0,0.0,0.0,67.19
00BNFU0030,2001,00BNFU,167,0,0.0,3,1.8,True,113,39.82,13.27,0.0,98,6.12,83.67,10.2,2.91,0.0,0.0,79.17
00BNFU0031,2001,00BNFU,250,0,0.0,0,0.0,True,186,55.91,4.84,3.76,132,64.39,9.09,20.45,0.0,0.0,20.47,53.96
00BNFU0032,2001,00BNFU,295,0,0.0,12,4.07,True,212,61.79,4.25,4.25,119,53.78,2.52,23.53,2.5,0.0,15.38,41.13
00BNFU0033,2001,00BNFU,325,0,0.0,8,2.46,True,241,69.71,6.22,7.05,128,75.0,3.12,21.88,7.2,0.0,26.4,29.46
00BNFU0034,2001,00BNFU,322,0,0.0,3,0.93,True,246,59.76,1.22,5.69,128,84.38,5.47,10.16,2.31,0.0,17.8,33.07
00BNFW0001,2001,00BNFW,1516,100,6.6,178,11.74,True,1424,25.35,0.91,0.21,79,20.25,29.11,30.38,10.71,7.14,5.41,52.38
00BNFW0002,2001,00BNFW,354,12,3.39,15,4.24,True,256,57.42,6.64,2.34,171,5.26,60.23,17.54,5.17,3.45,0.0,63.22
00BNFW0003,2001,00BNFW,161,0,0.0,3,1.86,True,131,67.18,16.03,7.63,116,2.59,94.83,2.59,0.0,0.0,2.54,75.0
00BNFW0004,2001,00BNFW,188,0,0.0,0,0.0,True,119,68.91,5.88,10.08,107,20.56,0.0,7.48,2.83,2.83,2.8,52.14
00BNFW0005,2001,00BNFW,184,0,0.0,3,1.63,True,148,65.54,9.46,2.03,131,6.11,77.86,7.63,2.27,0.0,4.26,68.85
00BNFW0006,2001,00BNFW,277,3,1.08,8,2.89,True,177,49.72,7.91,3.95,147,14.29,7.48,10.88,2.13,2.13,2.07,68.63
00BNFW0007,2001,00BNFW,297,9,3.03,13,4.38,True,241,74.27,7.05,4.15,146,60.96,5.48,13.7,2.0,0.0,1.95,34.23
00BNFW0008,2001,00BNFW,159,0,0.0,8,5.03,True,134,44.03,8.96,2.99,106,2.83,69.81,8.49,0.0,0.0,2.78,68.32
00BNFW0009,2001,00BNFW,664,17,2.56,26,3.92,True,512,73.44,4.3,4.88,332,50.3,4.82,17.47,1.81,0.0,3.61,34.74
00BNFW0010,2001,00BNFW,173,3,1.73,9,5.2,True,150,76.67,18.0,6.0,113,2.65,60.18,2.65,0.0,0.0,5.08,69.3
00BNFW0011,2001,00BNFW,265,3,1.13,9,3.4,True,201,49.75,11.94,2.99,131,8.4,65.65,4.58,2.48,0.0,0.0,70.99
00BNFW0012,2001,00BNFW,1259,25,1.99,34,2.7,True,1226,38.74,1.96,0.82,161,2.48,81.37,11.18,1.84,0.0,2.99,69.09
00BNFW0013,2001,00BNFW,605,56,9.26,117,19.34,True,562,28.11,3.38,0.53,148,12.84,43.92,10.14,6.85,4.11,2.21,73.79
00BNFW0014,2001,00BNFW,394,66,16.75,105,26.65,True,390,18.97,1.54,0.0,103,9.71,2.91,83.5,5.71,2.86,26.85,63.37
00BNFW0015,2001,00BNFW,222,0,0.0,3,1.35,True,168,71.43,2.38,6.55,134,41.79,40.3,17.91,4.23,2.11,4.03,44.44
00BNFW0016,2001,00BNFW,188,6,3.19,4,2.13,True,157,57.96,10.19,8.28,126,4.76,4.76,4.76,0.0,0.0,0.0,65.85
00BNFW0017,2001,00BNFW,121,11,9.09,9,7.44,True,110,78.18,0.0,2.73,61,80.33,0.0,19.67,0.0,0.0,4.55,17.24
00BNFW0018,2001,00BNFW,236,0,0.0,6,2.54,True,185,56.22,10.81,3.78,146,4.11,80.82,8.9,0.0,0.0,2.13,71.53
00BNFW0019,2001,00BNFW,299,0,0.0,6,2.01,True,184,40.76,9.24,3.26,118,13.56,77.97,5.93,5.04,2.52,0.0,71.17
00BNFW0020,2001,00BNFW,118,6,5.08,7,5.93,True,100,82.0,3.0,6.0,68,79.41,4.41,16.18,0.0,0.0,4.69,21.43
00BNFW0021,2001,00BNFW,215,13,6.05,24,11.16,True,188,52.66,14.36,4.79,145,6.21,57.24,10.34,2.11,2.11,10.0,78.42
00BNFW0022,2001,00BNFW,243,3,1.23,3,1.23,True,176,40.91,3.98,0.0,119,15.13,70.59,10.92,2.42,0.0,0.0,57.5
00BNFW0023,2001,00BNFW,167,0,0.0,3,1.8,True,149,68.46,4.03,4.03,90,36.67,32.22,31.11,0.0,0.0,0.0,49.45
00BNFW0024,2001,00BNFW,166,11,6.63,13,7.83,True,151,78.15,1.99,3.97,100,68.0,7.0,17.0,0.0,0.0,0.0,31.31
00BNFW0025,2001,00BNFW,203,4,1.97,8,3.94,True,179,50.84,8.94,5.03,110,5.45,14.55,10.91,0.0,0.0,5.17,65.09
00BNFW0026,2001,00BNFW,206,6,2.91,6,2.91,True,160,50.0,8.12,3.75,113,8.85,74.34,7.96,2.65,2.65,2.75,73.21
00BNFW0027,2001,00BNFW,297,3,1.01,10,3.37,True,156,43.59,11.54,1.92,116,5.17,14.66,5.17,11.3,6.09,2.54,56.52
00BNFW0028,2001,00BNFW,171,7,4.09,7,4.09,True,157,84.71,3.82,1.91,111,55.86,6.31,34.23,0.0,0.0,2.75,31.48
00BNFW0029,2001,00BNFW,199,0,0.0,15,7.54,True,125,42.4,10.4,2.4,103,5.83,70.87,16.5,3.12,0.0,9.57,69.47
00BNFW0030,2001,00BNFW,190,0,0.0,0,0.0,True,177,71.75,19.21,5.08,155,2.58,79.35,10.32,0.0,0.0,6.96,72.67
00BNFW0031,2001,00BNFW,192,0,0.0,3,1.56,True,147,46.94,8.84,6.8,136,4.41,72.06,17.65,2.16,2.16,4.44,77.94
00BNFW0032,2001,00BNFW,184,8,4.35,71,38.59,True,128,34.38,4.69,0.0,66,10.61,4.55,77.27,25.37,11.94,18.57,42.62
00BNFW0033,2001,00BNFW,292,0,0.0,0,0.0,True,190,40.53,6.32,1.58,119,3.36,75.63,3.36,4.69,2.34,2.33,63.36
00BNFX0001,2001,00BNFX,268,3,1.12,15,5.6,True,214,60.75,9.81,7.48,132,56.06,7.58,24.24,0.0,0.0,10.74,40.0
00BNFX0002,2001,00BNFX,261,8,3.07,23,8.81,True,188,61.17,3.19,6.38,126,61.11,11.9,18.25,3.12,0.0,22.13,45.83
00BNFX0003,2001,00BNFX,351,4,1.14,44,12.54,True,281,54.09,4.27,11.39,124,53.23,0.0,21.77,2.44,0.0,2.65,35.94
00BNFX0004,2001,00BNFX,382,0,0.0,40,10.47,True,275,62.55,5.82,8.36,140,63.57,2.14,31.43,2.16,0.0,9.56,44.97
00BNFX0005,2001,00BNFX,240,0,0.0,25,10.42,True,160,58.75,3.75,13.12,116,43.97,2.59,18.97,2.65,0.0,8.33,51.85
00BNFX0006,2001,00BNFX,429,7,1.63,108,25.17,True,276,55.43,4.71,2.9,132,58.33,0.0,32.58,5.07,2.17,27.86,37.96
00BNFX0007,2001,00BNFX,327,0,0.0,34,10.4,True,247,63.97,6.07,4.05,126,74.6,2.38,23.02,6.98,2.33,17.29,29.77
00BNFX0008,2001,00BNFX,370,3,0.81,36,9.73,True,305,60.98,5.25,5.57,129,68.99,0.0,28.68,2.31,0.0,9.6,32.31
00BNFX0009,2001,00BNFX,252,6,2.38,9,3.57,True,172,54.07,6.98,3.49,128,25.0,4.69,14.84,2.4,0.0,5.74,69.42
00BNFX0010,2001,00BNFX,322,0,0.0,16,4.97,True,227,56.39,7.05,2.64,138,49.28,7.25,33.33,0.0,0.0,21.88,56.12
00BNFX0011,2001,00BNFX,283,3,1.06,49,17.31,True,221,52.94,6.33,7.24,133,36.09,14.29,38.35,4.41,0.0,24.14,56.3
00BNFX0012,2001,00BNFX,283,7,2.47,36,12.72,True,204,54.41,1.47,7.84,118,74.58,5.08,17.8,2.63,0.0,10.08,35.9
00BNFX0013,2001,00BNFX,241,6,2.49,6,2.49,True,184,61.41,6.52,7.07,119,46.22,5.88,11.76,0.0,0.0,7.03,45.16
00BNFX0014,2001,00BNFX,359,0,0.0,36,10.03,True,274,64.96,3.65,7.3,121,86.78,4.96,8.26,2.48,0.0,4.92,22.66
00BNFX0015,2001,00BNFX,243,3,1.23,6,2.47,True,175,70.29,8.0,4.57,126,51.59,7.94,26.98,0.0,0.0,17.52,53.85
00BNFX0016,2001,00BNFX,260,3,1.15,24,9.23,True,195,63.59,6.15,5.64,112,64.29,22.32,10.71,0.0,0.0,14.88,33.33
00BNFX0017,2001,00BNFX,360,0,0.0,30,8.33,True,283,69.96,3.18,8.13,132,87.12,2.27,10.61,3.12,0.0,9.84,21.09
00BNFX0018,2001,00BNFX,350,0,0.0,24,6.86,True,198,70.71,5.05,7.07,121,68.6,2.48,19.83,2.44,2.44,7.76,34.45
00BNFX0019,2001,00BNFX,298,3,1.01,21,7.05,True,201,58.21,3.98,12.94,134,54.48,5.97,24.63,4.51,2.26,21.26,43.08
00BNFX0020,2001,00BNFX,269,0,0.0,8,2.97,True,195,73.85,3.08,1.54,121,71.9,0.0,17.36,2.31,0.0,18.7,39.2
00BNFX0021,2001,00BNFX,251,0,0.0,12,4.78,True,191,57.07,8.9,5.76,127,45.67,17.32,26.77,2.16,0.0,18.32,55.3
00BNFX0022,2001,00BNFX,338,0,0.0,17,5.03,True,244,74.18,2.46,7.38,128,93.75,0.0,3.91,2.31,2.31,5.47,23.2
00BNFX0023,2001,00BNFX,319,3,0.94,36,11.29,True,244,64.34,1.23,8.2,113,92.04,0.0,7.96,2.56,0.0,2.52,15.65
00BNFX0024,2001,00BNFX,240,10,4.17,26,10.83,True,193,70.98,5.7,6.74,113,18.58,6.19,59.29,0.0,0.0,12.2,44.35
00BNFX0025,2001,00BNFX,333,0,0.0,33,9.91,True,255,61.57,1.18,6.27,122,90.16,2.46,4.92,2.31,0.0,7.89,17.8
00BNFX0026,2001,00BNFX,335,0,0.0,38,11.34,True,261,65.13,5.36,8.43,117,90.6,0.0,9.4,2.5,0.0,9.09,24.19
00BNFX0027,2001,00BNFX,328,3,0.91,23,7.01,True,223,69.51,6.73,6.73,123,87.8,0.0,12.2,2.34,0.0,15.91,29.37
00BNFX0028,2001,00BNFX,349,8,2.29,26,7.45,True,250,58.4,2.8,6.4,128,79.69,4.69,15.62,2.38,0.0,20.0,37.12
00BNFX0029,2001,00BNFX,340,0,0.0,29,8.53,True,262,66.41,4.58,4.96,113,90.27,0.0,9.73,5.69,0.0,5.98,16.53
00BNFX0030,2001,00BNFX,247,4,1.62,20,8.1,True,183,74.32,6.01,10.93,138,62.32,7.25,23.91,6.25,4.17,18.24,43.48
00BNFX0031,2001,00BNFX,290,3,1.03,23,7.93,True,206,62.14,5.34,5.83,132,45.45,6.82,37.12,2.33,0.0,26.77,45.39
00BNFX0032,2001,00BNFX,269,0,0.0,44,16.36,True,224,62.95,6.7,2.68,128,51.56,4.69,38.28,2.29,0.0,28.91,48.0
00BNFX0033,2001,00BNFX,304,6,1.97,37,12.17,True,228,61.84,10.53,6.58,125,65.6,0.0,31.2,4.32,0.0,31.34,46.4
00BNFX0034,2001,00BNFX,295,0,0.0,14,4.75,True,202,58.91,3.96,4.46,128,59.38,2.34,26.56,0.0,0.0,20.83,44.17
00BNFX0035,2001,00BNFX,323,6,1.86,30,9.29,True,200,63.5,8.5,5.0,127,45.67,5.51,46.46,5.47,2.34,28.26,50.38
00BNFX0036,2001,00BNFX,295,0,0.0,35,11.86,True,228,60.96,6.58,10.09,123,34.15,7.32,44.72,0.0,0.0,14.04,48.78
00BNFX0037,2001,00BNFX,278,4,1.44,33,11.87,True,196,48.98,5.61,3.06,119,28.57,15.97,44.54,4.88,2.44,14.68,61.54
00BNFX0038,2001,00BNFX,320,0,0.0,8,2.5,True,213,71.36,1.41,5.16,127,63.78,2.36,20.47,2.5,2.5,19.09,46.96
00BNFX0039,2001,00BNFX,276,3,1.09,37,13.41,True,216,62.04,6.48,3.7,123,32.52,10.57,52.03,2.73,2.73,21.85,49.58
00BNFX0040,2001,00BNFX,278,0,0.0,7,2.52,True,181,57.46,6.63,2.21,125,34.4,6.4,37.6,0.0,0.0,21.19,57.85
00BNFX0041,2001,00BNFX,250,6,2.4,51,20.4,True,195,47.69,3.08,5.64,117,35.9,5.13,47.01,0.0,0.0,22.31,54.1
00BNFX0042,2001,00BNFX,256,3,1.17,19,7.42,True,174,58.62,9.2,3.45,130,41.54,21.54,27.69,0.0,0.0,22.22,64.18
00BNFY0001,2001,00BNFY,343,3,0.87,3,0.87,True,236,61.02,2.97,5.08,130,63.08,2.31,30.0,0.0,0.0,22.06,44.09
00BNFY0002,2001,00BNFY,276,3,1.09,6,2.17,True,212,56.13,4.72,6.13,128,71.88,2.34,23.44,2.33,0.0,36.43,38.4
00BNFY0003,2001,00BNFY,259,0,0.0,0,0.0,True,170,40.59,7.65,5.29,120,20.0,58.33,8.33,0.0,0.0,4.8,69.49
00BNFY0004,2001,00BNFY,263,0,0.0,0,0.0,True,178,43.26,6.74,1.69,126,11.11,80.95,7.94,4.13,0.0,0.0,64.0
00BNFY0005,2001,00BNFY,246,0,0.0,14,5.69,True,188,50.53,7.45,1.6,133,45.11,6.77,30.83,0.0,0.0,19.23,65.12
00BNFY0006,2001,00BNFY,259,3,1.16,9,3.47,True,206,59.71,8.25,2.91,116,57.76,2.59,37.07,0.0,0.0,19.83,60.0
00BNFY0007,2001,00BNFY,295,0,0.0,4,1.36,True,213,72.77,2.82,1.41,123,78.86,2.44,18.7,4.8,2.4,22.31,36.07
00BNFY0008,2001,00BNFY,312,3,0.96,0,0.0,True,217,59.45,2.76,0.0,135,68.89,18.52,12.59,0.0,0.0,9.3,39.85
00BNFY0009,2001,00BNFY,246,0,0.0,0,0.0,True,152,61.84,0.0,4.61,116,50.0,5.17,13.79,0.0,0.0,16.24,62.83
00BNFY0010,2001,00BNFY,292,20,6.85,23,7.88,True,203,69.95,1.48,4.43,123,72.36,5.69,18.7,2.38,0.0,9.7,41.54
00BNFY0011,2001,00BNFY,269,6,2.23,6,2.23,True,181,58.56,7.18,8.84,132,38.64,24.24,30.3,0.0,0.0,15.75,60.0
00BNFY0012,2001,00BNFY,323,12,3.72,10,3.1,True,235,74.47,3.83,7.23,138,76.09,2.17,19.57,3.05,0.0,22.3,39.85
00BNFY0013,2001,00BNFY,291,6,2.06,6,2.06,True,178,54.49,5.06,6.18,128,60.16,21.09,13.28,0.0,0.0,14.16,52.03
00BNFY0014,2001,00BNFY,296,0,0.0,17,5.74,True,225,61.78,6.67,2.67,124,70.97,2.42,22.58,4.62,0.0,38.4,44.88
00BNFY0015,2001,00BNFY,262,4,1.53,0,0.0,True,206,52.43,7.28,4.37,135,42.96,4.44,23.7,0.0,0.0,21.01,54.26
00BNFY0016,2001,00BNFY,309,3,0.97,3,0.97,True,193,39.38,6.22,1.55,123,41.46,6.5,9.76,4.88,0.0,4.62,57.72
00BNFY0017,2001,00BNFY,300,0,0.0,3,1.0,True,214,57.48,2.8,4.21,117,90.6,3.42,5.98,2.52,0.0,10.24,34.48
00BNFY0018,2001,00BNFY,298,0,0.0,0,0.0,True,223,58.3,2.69,3.59,128,66.41,16.41,7.03,0.0,0.0,15.15,48.8
00BNFY0019,2001,00BNFY,334,0,0.0,3,0.9,True,257,60.7,3.5,5.45,138,80.43,2.17,13.04,0.0,0.0,16.67,36.88
00BNFY0020,2001,00BNFY,235,0,0.0,6,2.55,True,154,48.7,5.84,1.95,126,27.78,17.46,14.29,0.0,0.0,6.87,71.31
00BNFY0021,2001,00BNFY,323,3,0.93,14,4.33,True,214,57.01,4.67,1.87,141,51.77,23.4,21.99,2.24,2.24,15.44,53.96
00BNFY0022,2001,00BNFY,260,0,0.0,8,3.08,True,197,63.96,4.57,3.05,136,62.5,2.21,30.88,0.0,0.0,29.08,53.12
00BNFY0023,2001,00BNFY,231,0,0.0,0,0.0,True,159,46.54,7.55,5.66,121,14.88,50.41,18.18,3.25,0.0,16.07,71.9
00BNFY0024,2001,00BNFY,283,0,0.0,8,2.83,True,181,55.8,10.5,3.87,119,18.49,2.52,32.77,2.48,0.0,15.89,58.59
00BNFY0025,2001,00BNFY,274,0,0.0,0,0.0,True,188,46.28,4.79,5.32,135,31.11,54.07,12.59,2.27,0.0,7.2,62.41
00BNFY0026,2001,00BNFY,258,9,3.49,8,3.1,True,202,68.32,6.44,5.94,121,71.9,4.96,23.14,2.38,0.0,36.67,43.22
00BNFY0027,2001,00BNFY,202,0,0.0,9,4.46,True,135,31.11,8.89,0.0,124,6.45,79.03,8.87,0.0,0.0,2.42,75.0
00BNFY0028,2001,00BNFY,176,3,1.7,3,1.7,True,109,33.94,5.5,2.75,109,6.42,80.73,12.84,0.0,0.0,2.78,79.65
00BNFY0029,2001,00BNFY,332,6,1.81,3,0.9,True,228,67.98,2.63,6.14,127,92.91,4.72,2.36,0.0,0.0,2.44,23.2
00BNFY0030,2001,00BNFY,298,0,0.0,3,1.01,True,250,66.0,2.4,5.2,119,92.44,0.0,7.56,0.0,0.0,9.68,15.2
00BNFY0031,2001,00BNFY,324,0,0.0,0,0.0,True,213,69.01,1.41,8.92,113,94.69,0.0,5.31,2.59,0.0,5.22,15.13
00BNFY0032,2001,00BNFY,318,0,0.0,0,0.0,True,212,62.26,1.42,2.83,119,92.44,2.52,2.52,0.0,0.0,10.92,25.2
00BNFY0033,2001,00BNFY,313,3,0.96,11,3.51,True,203,60.59,2.96,6.4,125,61.6,17.6,16.0,0.0,0.0,14.18,43.28
00BNFY0034,2001,00BNFY,342,3,0.88,0,0.0,True,224,69.64,1.34,1.34,125,96.8,0.0,3.2,2.34,0.0,12.31,35.43
00BNFY0035,2001,00BNFY,279,3,1.08,12,4.3,True,191,50.26,4.71,3.66,138,28.99,36.23,23.19,0.0,0.0,6.43,62.59
00BNFY0036,2001,00BNFY,305,0,0.0,6,1.97,True,218,70.64,4.13,7.34,119,79.83,3.36,16.81,2.54,0.0,14.17,31.36
00BNFY0037,2001,00BNFY,258,0,0.0,14,5.43,True,180,67.22,6.67,7.22,122,69.67,2.46,16.39,0.0,0.0,22.66,55.2
00BNFZ0001,2001,00BNFZ,327,17,5.2,74,22.63,True,219,58.9,5.94,5.48,116,55.17,6.03,16.38,10.38,5.66,0.0,27.43
00BNFZ0002,2001,00BNFZ,234,15,6.41,30,12.82,True,169,37.87,7.69,1.78,127,12.6,68.5,13.39,4.96,2.48,7.81,68.0
00BNFZ0003,2001,00BNFZ,389,18,4.63,74,19.02,True,255,50.98,5.1,9.02,131,46.56,23.66,22.9,7.81,2.34,13.53,38.46
00BNFZ0004,2001,00BNFZ,326,11,3.37,64,19.63,True,213,32.86,5.63,4.23,144,14.58,32.64,15.28,10.27,8.22,3.85,64.03
00BNFZ0005,2001,00BNFZ,408,9,2.21,45,11.03,True,368,47.28,3.8,1.9,117,38.46,2.56,58.97,0.0,0.0,5.88,41.88
00BNFZ0006,2001,00BNFZ,396,12,3.03,103,26.01,True,286,46.5,2.1,7.34,122,31.15,2.46,53.28,8.8,2.4,15.38,55.74
00BNFZ0007,2001,00BNFZ,454,0,0.0,150,33.04,True,302,50.33,8.61,4.97,122,58.2,19.67,14.75,12.28,3.51,10.4,48.72
00BNFZ0008,2001,00BNFZ,462,7,1.52,171,37.01,True,321,45.17,4.67,6.54,122,68.03,11.48,15.57,19.08,4.58,2.52,40.16
00BNFZ0009,2001,00BNFZ,251,7,2.79,21,8.37,True,180,50.56,12.78,1.67,137,13.14,72.26,12.41,3.17,0.0,0.0,73.44
00BNFZ0010,2001,00BNFZ,364,14,3.85,43,11.81,True,218,46.33,9.63,1.38,135,11.11,74.07,8.15,13.11,2.46,5.22,59.35
00BNFZ0011,2001,00BNFZ,441,11,2.49,33,7.48,True,411,46.96,5.11,0.73,122,14.75,10.66,63.11,2.52,2.52,6.5,53.23
00BNFZ0012,2001,00BNFZ,527,8,1.52,77,14.61,True,435,40.46,4.83,2.53,164,29.88,18.29,41.46,8.82,3.53,10.56,46.06
00BNFZ0013,2001,00BNFZ,250,0,0.0,31,12.4,True,163,36.2,3.68,4.91,119,18.49,36.13,26.05,4.8,2.4,21.05,62.2
00BNFZ0014,2001,00BNFZ,350,0,0.0,56,16.0,True,241,44.81,5.39,2.9,125,26.4,8.8,35.2,4.72,2.36,16.18,63.71
00BNFZ0015,2001,00BNFZ,334,0,0.0,78,23.35,True,244,37.7,3.69,3.69,137,18.25,17.52,12.41,8.96,2.24,13.43,68.22
00BNFZ0016,2001,00BNFZ,347,0,0.0,35,10.09,True,257,54.86,9.73,2.33,129,33.33,4.65,34.11,7.87,2.36,11.11,46.83
00BNFZ0017,2001,00BNFZ,190,0,0.0,18,9.47,True,170,42.94,10.0,3.53,121,6.61,28.1,32.23,0.0,0.0,16.41,77.27
00BNFZ0018,2001,00BNFZ,340,10,2.94,61,17.94,True,214,48.13,6.07,5.61,125,46.4,7.2,18.4,6.92,2.31,8.76,53.08
00BNFZ0019,2001,00BNFZ,321,6,1.87,39,12.15,True,210,51.9,7.14,2.86,111,32.43,32.43,24.32,7.96,0.0,16.07,54.39
00BNFZ0020,2001,00BNFZ,341,11,3.23,79,23.17,True,249,53.82,8.03,4.02,120,15.83,3.33,41.67,9.6,4.8,12.1,43.97
00BNFZ0021,2001,00BNFZ,346,0,0.0,85,24.57,True,233,51.5,8.15,4.72,132,32.58,21.21,23.48,13.74,6.87,23.85,54.55
00BNFZ0022,2001,00BNFZ,347,11,3.17,67,19.31,True,318,33.96,1.89,4.09,105,49.52,5.71,34.29,5.71,2.86,15.62,45.79
00BNFZ0023,2001,00BNFZ,250,6,2.4,48,19.2,True,162,43.83,5.56,4.32,104,24.04,17.31,34.62,11.21,8.41,35.51,66.96
00BNFZ0024,2001,00BNFZ,278,0,0.0,50,17.99,True,196,56.12,7.14,6.63,103,43.69,9.71,33.98,10.91,5.45,33.33,63.11
00BNFZ0025,2001,00BNFZ,347,3,0.86,118,34.01,True,201,43.78,6.47,0.0,129,41.09,7.75,31.01,13.49,3.17,30.6,57.94
00BNFZ0026,2001,00BNFZ,416,6,1.44,113,27.16,True,297,38.72,9.09,3.37,125,38.4,8.0,48.0,8.27,2.26,21.88,54.41
00BNFZ0027,2001,00BNFZ,353,3,0.85,105,29.75,True,247,43.32,6.07,4.45,112,34.82,27.68,26.79,11.29,2.42,15.45,54.24
00BNFZ0028,2001,00BNFZ,468,3,0.64,154,32.91,True,303,41.91,3.63,3.63,141,41.13,18.44,32.62,15.17,6.21,14.29,50.34
00BNFZ0029,2001,00BNFZ,375,6,1.6,96,25.6,True,239,54.81,9.21,5.02,130,44.62,15.38,32.31,5.11,0.0,26.28,47.45
00BNFZ0030,2001,00BNFZ,310,0,0.0,88,28.39,True,211,54.5,9.95,9.0,125,33.6,15.2,23.2,7.26,2.42,13.45,58.02
00BNFZ0031,2001,00BNFZ,458,0,0.0,143,31.22,True,316,43.04,6.01,4.75,127,53.54,14.17,21.26,11.72,5.47,13.82,48.41
00BNFZ0032,2001,00BNFZ,495,3,0.61,157,31.72,True,324,48.15,7.72,8.02,127,54.33,5.51,28.35,14.29,5.56,13.6,36.72
00BNFZ0033,2001,00BNFZ,364,8,2.2,69,18.96,True,250,55.2,10.8,2.4,133,32.33,8.27,30.08,9.77,2.26,8.82,46.27
00BNFZ0034,2001,00BNFZ,383,0,0.0,104,27.15,True,248,54.03,5.24,5.65,137,61.31,7.3,16.79,5.07,0.0,13.01,40.14
00BNFZ0035,2001,00BNFZ,429,3,0.7,169,39.39,True,285,48.07,5.26,8.42,113,51.33,12.39,26.55,17.21,5.74,22.61,50.46
00BNFZ0036,2001,00BNFZ,322,6,1.86,20,6.21,True,193,51.81,7.25,3.11,128,7.81,78.12,8.59,7.63,3.05,2.27,69.7
00BNFZ0037,2001,00BNFZ,353,0,0.0,39,11.05,True,211,42.18,8.53,2.84,114,12.28,74.56,6.14,6.78,3.39,4.92,61.74
00BNFZ0038,2001,00BNFZ,244,6,2.46,8,3.28,True,181,74.03,4.97,5.52,119,67.23,5.88,20.17,2.52,0.0,21.64,39.66
00BNFZ0039,2001,00BNFZ,283,0,0.0,17,6.01,True,178,33.71,1.69,1.69,134,17.91,65.67,8.21,4.44,2.22,2.29,71.13
00BNFZ0040,2001,00BNFZ,300,0,0.0,15,5.0,True,182,43.41,6.59,0.0,128,15.62,67.19,14.06,0.0,0.0,0.0,67.41
00BNFZ0041,2001,00BNFZ,163,0,0.0,18,11.04,True,132,53.03,9.85,2.27,136,12.5,17.65,31.62,2.38,2.38,13.38,64.57
00BNFZ0042,2001,00BNFZ,390,3,0.77,45,11.54,True,372,38.44,2.69,1.61,126,23.02,5.56,66.67,0.0,0.0,12.12,62.9
00BNFZ0043,2001,00BNFZ,245,3,1.22,31,12.65,True,227,46.26,9.69,6.61,131,12.98,19.85,25.19,4.32,4.32,8.45,67.63
00BNFZ0044,2001,00BNFZ,299,0,0.0,3,1.0,True,220,47.27,6.82,3.64,159,15.72,74.21,6.29,1.96,0.0,5.96,68.46
00BNFZ0045,2001,00BNFZ,338,9,2.66,29,8.58,True,303,42.57,5.28,0.99,113,10.62,5.31,84.07,0.0,0.0,8.41,63.55
00BNFZ0046,2001,00BNFZ,397,18,4.53,47,11.84,True,334,46.41,5.99,2.4,139,20.14,7.19,56.83,6.72,4.48,16.38,62.9
00BNGA0001,2001,00BNGA,277,0,0.0,3,1.08,True,185,47.03,7.57,1.62,126,9.52,83.33,3.97,7.81,2.34,2.46,72.03
00BNGA0002,2001,00BNGA,249,9,3.61,27,10.84,True,180,31.11,8.33,1.67,129,16.28,27.13,18.6,4.55,2.27,15.08,73.44
00BNGA0003,2001,00BNGA,275,3,1.09,12,4.36,True,244,63.93,3.69,3.69,147,72.11,4.76,20.41,0.0,0.0,33.79,43.36
00BNGA0004,2001,00BNGA,294,6,2.04,10,3.4,True,160,41.88,6.88,1.88,135,12.59,63.7,9.63,4.69,4.69,0.0,61.72
00BNGA0005,2001,00BNGA,257,0,0.0,6,2.33,True,174,44.25,8.62,0.0,115,5.22,80.87,5.22,4.1,0.0,4.84,71.17
00BNGA0006,2001,00BNGA,293,3,1.02,21,7.17,True,177,44.07,9.6,1.69,117,5.98,78.63,12.82,6.72,0.0,9.16,67.24
00BNGA0007,2001,00BNGA,284,4,1.41,28,9.86,True,202,40.1,5.94,1.49,125,15.2,16.0,20.0,4.96,0.0,14.63,66.94
00BNGA0008,2001,00BNGA,223,7,3.14,20,8.97,True,177,41.81,5.08,3.39,123,25.2,17.07,21.95,2.52,0.0,16.26,68.29
00BNGA0009,2001,00BNGA,309,0,0.0,33,10.68,True,224,44.2,6.7,2.68,124,28.23,34.68,12.1,4.76,0.0,22.73,62.7
00BNGA0010,2001,00BNGA,300,0,0.0,38,12.67,True,202,51.98,7.43,0.0,133,7.52,11.28,17.29,4.84,2.42,20.15,67.91
00BNGA0011,2001,00BNGA,287,6,2.09,34,11.85,True,205,42.93,5.85,4.39,128,20.31,9.38,33.59,10.08,2.33,18.75,63.57
00BNGA0012,2001,00BNGA,246,3,1.22,20,8.13,True,192,56.25,8.33,2.08,117,56.41,4.27,17.95,2.44,0.0,24.37,58.62
00BNGA0013,2001,00BNGA,275,0,0.0,13,4.73,True,186,48.39,9.68,3.23,133,25.56,25.56,18.05,4.55,2.27,12.59,64.34
00BNGA0014,2001,00BNGA,237,3,1.27,16,6.75,True,164,56.71,5.49,5.49,118,17.8,20.34,28.81,2.5,2.5,14.75,66.39
00BNGA0015,2001,00BNGA,223,6,2.69,14,6.28,True,186,61.29,8.06,6.45,112,61.61,13.39,16.96,0.0,0.0,22.61,46.28
00BNGA0016,2001,00BNGA,261,10,3.83,31,11.88,True,182,51.65,9.34,1.65,120,32.5,6.67,29.17,2.63,0.0,22.61,55.46
00BNGA0017,2001,00BNGA,295,12,4.07,29,9.83,True,212,68.4,4.72,4.25,133,51.13,3.76,30.08,0.0,0.0,23.91,46.27
00BNGA0018,2001,00BNGA,248,4,1.61,15,6.05,True,161,42.86,7.45,1.86,116,13.79,14.66,24.14,0.0,0.0,5.5,71.31
00BNGA0019,2001,00BNGA,297,12,4.04,26,8.75,True,234,52.14,5.13,2.56,139,19.42,18.71,30.22,2.22,0.0,18.71,60.84
00BNGA0020,2001,00BNGA,254,6,2.36,18,7.09,True,202,61.39,12.87,2.97,123,31.71,8.13,19.51,0.0,0.0,27.91,65.04
00BNGA0021,2001,00BNGA,256,6,2.34,36,14.06,True,230,54.35,10.43,5.22,118,42.37,16.1,35.59,0.0,0.0,14.02,61.34
00BNGA0022,2001,00BNGA,249,0,0.0,6,2.41,True,202,58.42,5.94,5.94,123,60.16,6.5,26.02,2.29,0.0,23.36,47.37
00BNGA0023,2001,00BNGA,239,3,1.26,3,1.26,True,181,53.59,3.31,4.97,114,38.6,33.33,14.91,0.0,0.0,11.21,56.78
00BNGA0024,2001,00BNGA,277,3,1.08,7,2.53,True,168,42.26,11.9,4.17,125,7.2,76.8,11.2,4.65,0.0,0.0,63.57
00BNGA0025,2001,00BNGA,310,3,0.97,4,1.29,True,191,46.6,10.99,0.0,119,7.56,56.3,7.56,7.75,4.65,2.46,66.94
00BNGA0026,2001,00BNGA,288,0,0.0,27,9.38,True,224,48.21,6.7,7.59,118,30.51,5.08,46.61,4.58,0.0,20.93,63.71
00BNGA0027,2001,00BNGA,317,3,0.95,6,1.89,True,190,38.42,3.16,1.58,126,5.56,55.56,11.9,3.25,0.0,9.09,70.0
00BNGA0028,2001,00BNGA,349,18,5.16,39,11.17,True,250,38.0,4.4,3.6,125,19.2,35.2,40.8,15.75,8.66,4.88,65.32
00BNGA0029,2001,00BNGA,264,3,1.14,8,3.03,True,163,41.1,15.34,0.0,114,6.14,55.26,11.4,4.96,4.96,2.59,71.55
00BNGA0030,2001,00BNGA,276,0,0.0,15,5.43,True,198,55.05,9.6,6.06,127,30.71,11.81,19.69,3.36,0.0,19.31,69.75
00BNGA0031,2001,00BNGA,225,0,0.0,8,3.56,True,160,38.75,8.75,1.88,124,14.52,11.29,13.71,2.29,2.29,13.33,63.91
00BNGA0032,2001,00BNGA,364,6,1.65,77,21.15,True,272,40.44,3.31,1.47,132,43.18,9.85,27.27,9.02,4.51,16.92,53.23
00BNGA0033,2001,00BNGA,336,13,3.87,67,19.94,True,251,52.99,10.36,5.18,134,28.36,5.22,24.63,4.51,2.26,15.2,59.85
00BNGA0034,2001,00BNGA,263,3,1.14,31,11.79,True,178,50.0,5.62,6.18,116,37.93,23.28,33.62,2.56,0.0,14.29,63.06
00BNGA0035,2001,00BNGA,296,3,1.01,22,7.43,True,211,48.34,5.69,1.9,121,26.45,11.57,26.45,9.16,6.87,9.57,63.41
00BNGA0036,2001,00BNGA,292,10,3.42,17,5.82,True,205,37.56,7.32,1.46,129,27.13,18.6,13.95,0.0,0.0,16.8,69.84
00BNGA0037,2001,00BNGA,191,0,0.0,7,3.66,True,140,45.71,10.71,8.57,121,5.79,41.32,16.53,4.62,2.31,2.52,76.0
00BNGA0038,2001,00BNGA,299,0,0.0,15,5.02,True,151,45.03,9.93,5.96,113,12.39,7.96,9.73,3.36,0.0,7.76,67.26
00BNGA0039,2001,00BNGA,254,0,0.0,9,3.54,True,156,46.15,8.33,3.85,124,5.65,33.87,16.13,4.62,2.31,7.03,67.19
00BNGA0040,2001,00BNGA,213,0,0.0,3,1.41,True,145,35.17,10.34,2.07,120,7.5,76.67,8.33,7.69,2.56,5.04,74.31
00BNGB0001,2001,00BNGB,338,0,0.0,3,0.89,True,234,71.79,1.28,4.27,134,85.82,6.72,7.46,0.0,0.0,9.63,32.84
00BNGB0002,2001,00BNGB,373,26,6.97,41,10.99,True,285,71.93,3.16,4.91,132,91.67,3.03,5.3,5.38,0.0,12.59,16.3
00BNGB0003,2001,00BNGB,353,7,1.98,19,5.38,True,251,66.14,3.59,10.76,126,84.92,7.14,5.56,0.0,0.0,7.26,18.03
00BNGB0004,2001,00BNGB,282,0,0.0,0,0.0,True,205,48.78,6.83,1.46,128,17.19,80.47,2.34,0.0,0.0,4.44,56.35
00BNGB0005,2001,00BNGB,297,0,0.0,0,0.0,True,236,50.42,7.2,3.81,137,34.31,56.93,8.76,4.26,0.0,8.57,59.12
00BNGB0006,2001,00BNGB,332,4,1.2,9,2.71,True,211,49.76,4.27,2.84,121,28.93,65.29,5.79,0.0,0.0,0.0,47.2
00BNGB0007,2001,00BNGB,327,0,0.0,0,0.0,True,219,55.71,5.48,3.65,134,63.43,36.57,0.0,2.21,0.0,9.22,38.57
00BNGB0008,2001,00BNGB,282,0,0.0,0,0.0,True,186,44.09,8.06,2.15,120,21.67,71.67,4.17,0.0,0.0,2.7,56.41
00BNGB0009,2001,00BNGB,138,3,2.17,0,0.0,True,86,32.56,0.0,10.47,101,12.87,59.41,8.91,0.0,0.0,0.0,78.43
00BNGB0010,2001,00BNGB,251,0,0.0,0,0.0,True,146,42.47,0.0,2.05,120,16.67,65.0,18.33,0.0,0.0,2.4,65.57
00BNGB0011,2001,00BNGB,327,11,3.36,10,3.06,True,196,62.76,1.53,12.24,131,44.27,42.75,10.69,0.0,0.0,0.0,42.75
00BNGB0012,2001,00BNGB,267,0,0.0,0,0.0,True,162,40.74,5.56,0.0,118,22.88,69.49,7.63,2.54,0.0,0.0,61.95
00BNGB0013,2001,00BNGB,325,6,1.85,0,0.0,True,220,53.18,2.73,0.0,131,41.22,47.33,9.16,2.17,0.0,2.34,48.09
00BNGB0014,2001,00BNGB,333,0,0.0,0,0.0,True,204,47.06,5.88,0.0,126,16.67,71.43,9.52,2.34,0.0,0.0,61.16
00BNGB0015,2001,00BNGB,309,7,2.27,3,0.97,True,201,56.72,5.97,2.99,126,36.51,51.59,9.52,4.69,0.0,0.0,40.65
00BNGB0016,2001,00BNGB,330,0,0.0,6,1.82,True,231,67.53,2.6,5.19,144,97.92,2.08,0.0,0.0,0.0,7.69,24.5
00BNGB0017,2001,00BNGB,375,0,0.0,0,0.0,True,253,75.89,2.37,7.91,139,94.24,2.16,3.6,0.0,0.0,14.29,22.76
00BNGB0018,2001,00BNGB,332,0,0.0,0,0.0,True,252,65.08,2.38,5.95,144,84.03,2.08,9.72,0.0,0.0,10.95,25.52
00BNGB0019,2001,00BNGB,319,0,0.0,4,1.25,True,223,65.02,2.69,5.83,129,73.64,8.53,6.98,0.0,0.0,10.87,20.8
00BNGB0020,2001,00BNGB,319,0,0.0,7,2.19,True,222,67.12,5.41,8.11,128,78.91,14.06,7.03,0.0,0.0,6.72,24.41
00BNGB0021,2001,00BNGB,276,0,0.0,3,1.09,True,179,48.04,6.7,0.0,123,29.27,63.41,7.32,2.4,0.0,0.0,54.76
00BNGB0022,2001,00BNGB,304,0,0.0,0,0.0,True,226,65.93,1.33,7.96,125,95.2,0.0,4.8,0.0,0.0,5.65,18.46
00BNGB0023,2001,00BNGB,314,6,1.91,6,1.91,True,203,64.04,0.0,3.45,116,93.97,0.0,3.45,0.0,0.0,7.09,19.01
00BNGB0024,2001,00BNGB,254,0,0.0,6,2.36,True,153,40.52,5.88,3.92,122,25.41,63.93,10.66,2.63,0.0,0.0,63.72
00BNGB0025,2001,00BNGB,326,0,0.0,0,0.0,True,233,47.64,3.86,2.58,128,39.06,54.69,6.25,2.29,0.0,2.19,47.1
00BNGB0026,2001,00BNGB,286,0,0.0,0,0.0,True,206,70.87,1.46,8.74,130,63.85,20.0,10.77,2.29,2.29,11.54,37.4
00BNGB0027,2001,00BNGB,295,3,1.02,3,1.02,True,205,70.73,1.46,5.37,101,80.2,19.8,0.0,0.0,0.0,6.06,15.69
00BNGB0028,2001,00BNGB,295,9,3.05,9,3.05,True,261,60.92,3.45,5.36,113,100.0,0.0,0.0,0.0,0.0,2.63,14.05
00BNGB0029,2001,00BNGB,326,7,2.15,3,0.92,True,232,58.62,1.29,9.05,134,71.64,18.66,5.22,0.0,0.0,0.0,29.13
00BNGB0030,2001,00BNGB,333,0,0.0,3,0.9,True,240,71.25,5.42,8.33,131,86.26,4.58,6.87,5.56,2.38,14.53,32.0
00BNGB0031,2001,00BNGB,268,3,1.12,7,2.61,True,215,67.44,6.98,6.98,116,81.9,2.59,6.03,0.0,0.0,5.5,24.11
00BNGB0032,2001,00BNGB,193,0,0.0,3,1.55,True,123,52.85,16.26,2.44,111,9.01,75.68,7.21,0.0,0.0,0.0,71.96
00BNGB0033,2001,00BNGB,301,0,0.0,0,0.0,True,183,60.66,9.84,4.37,123,34.15,22.76,7.32,2.4,0.0,0.0,53.12
00BNGB0034,2001,00BNGB,320,0,0.0,3,0.94,True,213,63.38,1.41,3.29,124,90.32,4.84,2.42,0.0,0.0,2.61,20.49
00BNGB0035,2001,00BNGB,300,0,0.0,0,0.0,True,219,53.88,0.0,5.48,126,71.43,4.76,4.76,0.0,0.0,0.0,30.83
00BNGB0036,2001,00BNGB,260,0,0.0,0,0.0,True,206,66.99,2.91,8.74,117,94.87,2.56,2.56,0.0,0.0,0.0,9.65
00BNGB0037,2001,00BNGB,358,3,0.84,4,1.12,True,240,75.42,1.25,6.67,117,83.76,0.0,11.11,2.52,2.52,5.26,25.62
00BNGB0038,2001,00BNGB,288,0,0.0,0,0.0,True,227,63.88,6.61,1.76,119,74.79,10.08,15.13,2.48,0.0,20.83,37.9
00BNGB0039,2001,00BNGB,334,8,2.4,21,6.29,True,259,72.97,8.49,6.18,125,84.8,2.4,8.8,2.44,2.44,24.39,23.58
00BNGB0040,2001,00BNGB,282,3,1.06,9,3.19,True,200,57.5,4.5,8.5,121,54.55,29.75,13.22,2.36,0.0,12.3,46.34
00BNGB0041,2001,00BNGB,331,0,0.0,4,1.21,True,246,65.45,2.44,5.28,122,91.8,3.28,4.92,0.0,0.0,11.9,18.55
00BNGC0001,2001,00BNGC,320,0,0.0,0,0.0,True,209,39.71,9.09,0.0,132,16.67,54.55,11.36,4.55,0.0,2.4,60.94
00BNGC0002,2001,00BNGC,337,3,0.89,0,0.0,True,224,48.21,8.04,3.12,132,34.09,45.45,12.88,2.24,0.0,10.71,50.72
00BNGC0003,2001,00BNGC,282,0,0.0,3,1.06,True,187,72.19,1.6,10.7,106,78.3,5.66,10.38,5.22,0.0,8.11,27.78
00BNGC0004,2001,00BNGC,198,3,1.52,3,1.52,True,147,43.54,10.88,0.0,122,5.74,77.05,17.21,2.4,0.0,5.47,69.7
00BNGC0005,2001,00BNGC,316,0,0.0,0,0.0,True,193,50.26,11.92,3.11,123,26.83,46.34,10.57,6.92,0.0,2.46,54.4
00BNGC0006,2001,00BNGC,309,0,0.0,0,0.0,True,220,66.36,3.64,6.82,120,89.17,0.0,7.5,0.0,0.0,7.63,29.6
00BNGC0007,2001,00BNGC,189,3,1.59,0,0.0,True,134,36.57,6.72,0.0,125,12.8,44.8,8.8,0.0,0.0,2.68,76.67
00BNGC0008,2001,00BNGC,322,0,0.0,6,1.86,True,219,67.58,2.74,5.94,126,78.57,7.94,8.73,3.2,0.0,7.56,29.03
00BNGC0009,2001,00BNGC,350,3,0.86,0,0.0,True,234,39.32,4.27,2.56,144,20.83,73.61,5.56,2.1,0.0,0.0,63.31
00BNGC0010,2001,00BNGC,308,0,0.0,0,0.0,True,228,67.11,1.32,3.51,126,88.89,2.38,8.73,0.0,0.0,11.72,27.64
00BNGC0011,2001,00BNGC,265,0,0.0,7,2.64,True,176,56.82,7.39,2.27,113,36.28,55.75,7.96,0.0,0.0,2.68,45.38
00BNGC0012,2001,00BNGC,307,3,0.98,0,0.0,True,212,50.94,5.66,1.42,133,29.32,46.62,4.51,4.32,2.16,9.23,52.21
00BNGC0013,2001,00BNGC,308,0,0.0,5,1.62,True,217,70.51,2.76,5.53,111,76.58,2.7,20.72,2.52,0.0,12.4,24.07
00BNGC0014,2001,00BNGC,300,0,0.0,3,1.0,True,188,46.28,12.77,3.19,126,28.57,65.08,6.35,2.31,0.0,2.29,59.2
00BNGC0015,2001,00BNGC,313,0,0.0,0,0.0,True,198,46.46,6.57,1.52,126,23.02,71.43,5.56,2.33,0.0,0.0,56.25
00BNGC0016,2001,00BNGC,216,3,1.39,6,2.78,True,140,46.43,4.29,5.0,117,19.66,17.09,6.84,0.0,0.0,7.03,65.35
00BNGC0017,2001,00BNGC,173,3,1.73,6,3.47,True,141,40.43,8.51,0.0,142,6.34,81.69,7.75,0.0,0.0,0.0,75.56
00BNGC0018,2001,00BNGC,237,3,1.27,3,1.27,True,186,69.35,8.06,5.38,109,66.97,5.5,21.1,0.0,0.0,10.53,36.44
00BNGC0019,2001,00BNGC,336,0,0.0,0,0.0,True,215,47.44,6.98,1.86,138,6.52,88.41,5.07,4.32,0.0,2.05,72.06
00BNGC0020,2001,00BNGC,308,3,0.97,7,2.27,True,240,61.67,6.25,5.83,120,42.5,43.33,10.0,2.46,0.0,4.76,44.54
00BNGC0021,2001,00BNGC,282,0,0.0,5,1.77,True,211,64.93,4.27,7.11,126,62.7,7.14,16.67,0.0,0.0,6.98,37.12
00BNGC0022,2001,00BNGC,290,3,1.03,7,2.41,True,201,46.77,7.96,2.99,140,20.71,67.86,7.14,2.17,0.0,4.2,61.43
00BNGC0023,2001,00BNGC,244,0,0.0,0,0.0,True,143,31.47,4.2,4.2,130,31.54,31.54,9.23,0.0,0.0,9.24,65.08
00BNGC0024,2001,00BNGC,340,3,0.88,5,1.47,True,237,55.7,6.33,2.95,142,24.65,65.49,7.75,6.04,2.01,2.21,58.9
00BNGC0025,2001,00BNGC,248,3,1.21,6,2.42,True,177,54.24,3.39,2.26,141,32.62,42.55,14.89,0.0,0.0,4.72,62.41
00BNGC0026,2001,00BNGC,222,0,0.0,0,0.0,True,141,48.94,2.13,2.13,118,35.59,53.39,8.47,0.0,0.0,7.38,64.29
00BNGC0027,2001,00BNGC,311,0,0.0,6,1.93,True,223,67.26,1.35,7.17,129,78.29,4.65,13.18,2.31,0.0,15.44,40.74
00BNGC0028,2001,00BNGC,286,0,0.0,0,0.0,True,216,63.43,6.94,4.17,127,81.1,2.36,14.17,2.4,0.0,24.19,46.4
00BNGC0029,2001,00BNGC,250,0,0.0,0,0.0,True,193,59.07,9.33,3.11,123,48.78,24.39,17.89,2.42,0.0,9.6,61.16
00BNGC0030,2001,00BNGC,213,0,0.0,0,0.0,True,158,52.53,10.13,10.76,119,20.17,58.82,18.49,2.63,0.0,2.54,68.1
00BNGC0031,2001,00BNGC,214,0,0.0,0,0.0,True,170,58.82,7.65,3.53,115,54.78,10.43,26.96,0.0,0.0,15.31,55.56
00BNGC0032,2001,00BNGC,257,0,0.0,6,2.33,True,199,52.26,4.52,7.54,122,33.61,50.0,9.02,2.44,0.0,7.32,55.2
00BNGC0033,2001,00BNGC,226,6,2.65,0,0.0,True,160,55.0,1.88,4.38,118,44.07,20.34,25.42,0.0,0.0,24.79,63.16
00BNGC0034,2001,00BNGC,250,0,0.0,0,0.0,True,159,49.06,0.0,6.29,114,58.77,31.58,9.65,0.0,0.0,10.17,53.04
00BNGC0035,2001,00BNGC,254,0,0.0,8,3.15,True,166,36.75,5.42,3.61,127,12.6,36.22,10.24,4.8,0.0,10.17,72.87
00BNGC0036,2001,00BNGC,241,0,0.0,0,0.0,True,179,62.57,3.35,4.47,120,53.33,27.5,11.67,2.42,0.0,10.0,61.6
00BNGC0037,2001,00BNGC,295,0,0.0,0,0.0,True,166,43.37,6.02,3.61,121,14.05,73.55,7.44,0.0,0.0,5.22,71.54
00BNGC0038,2001,00BNGC,313,0,0.0,0,0.0,True,210,49.05,6.19,2.86,138,43.48,47.1,7.25,0.0,0.0,6.02,52.86
00BNGC0039,2001,00BNGC,261,0,0.0,3,1.15,True,161,44.1,1.86,1.86,126,24.6,54.76,11.11,0.0,0.0,4.65,62.5
00BNGD0001,2001,00BNGD,317,0,0.0,3,0.95,True,209,58.85,2.87,4.31,129,37.98,50.39,9.3,9.02,4.51,0.0,47.37
00BNGD0002,2001,00BNGD,417,30,7.19,29,6.95,True,372,87.37,2.69,5.91,196,88.78,4.59,5.1,0.0,0.0,0.0,5.97
00BNGD0003,2001,00BNGD,189,0,0.0,0,0.0,True,129,65.12,9.3,4.65,103,20.39,70.87,5.83,8.82,2.94,16.09,63.46
00BNGD0004,2001,00BNGD,195,0,0.0,0,0.0,True,160,51.88,2.5,6.88,119,10.92,71.43,17.65,2.52,0.0,0.0,48.33
00BNGD0005,2001,00BNGD,242,0,0.0,0,0.0,True,178,51.12,7.87,3.37,117,29.91,47.86,10.26,0.0,0.0,5.36,47.32
00BNGD0006,2001,00BNGD,234,0,0.0,0,0.0,True,197,57.36,6.6,1.52,108,50.0,47.22,2.78,2.61,0.0,2.75,41.88
00BNGD0007,2001,00BNGD,325,3,0.92,12,3.69,True,250,59.2,4.8,4.8,130,54.62,33.08,10.0,0.0,0.0,2.19,36.36
00BNGD0008,2001,00BNGD,330,0,0.0,0,0.0,True,209,54.07,8.61,3.35,133,20.3,67.67,9.77,2.29,0.0,7.14,53.54
00BNGD0009,2001,00BNGD,339,3,0.88,22,6.49,True,241,64.32,1.24,9.54,142,90.85,2.11,4.93,0.0,0.0,9.09,19.73
00BNGD0010,2001,00BNGD,240,0,0.0,0,0.0,True,155,48.39,3.87,0.0,115,37.39,49.57,5.22,2.46,0.0,0.0,49.15
00BNGD0011,2001,00BNGD,214,0,0.0,6,2.8,True,123,71.54,0.0,11.38,116,77.59,5.17,14.66,0.0,0.0,7.96,37.29
00BNGD0012,2001,00BNGD,278,3,1.08,3,1.08,True,180,52.22,1.67,1.67,125,32.0,57.6,10.4,2.46,0.0,12.12,51.18
00BNGD0013,2001,00BNGD,314,3,0.96,12,3.82,True,265,58.87,2.26,2.64,132,76.52,21.21,2.27,3.08,0.0,2.22,26.52
00BNGD0014,2001,00BNGD,280,0,0.0,0,0.0,True,196,55.61,9.69,2.55,123,28.46,56.91,14.63,2.34,0.0,2.38,52.76
00BNGD0015,2001,00BNGD,333,0,0.0,4,1.2,True,260,64.62,2.31,7.69,140,48.57,48.57,2.86,3.95,1.97,6.25,32.64
00BNGD0016,2001,00BNGD,284,0,0.0,3,1.06,True,195,52.31,4.62,6.15,132,28.03,58.33,13.64,2.22,0.0,6.21,53.38
00BNGD0017,2001,00BNGD,310,0,0.0,5,1.61,True,200,52.5,9.5,3.0,133,30.83,55.64,11.28,5.56,2.38,4.51,51.97
00BNGD0018,2001,00BNGD,303,0,0.0,0,0.0,True,229,71.62,5.24,6.55,128,60.94,21.88,10.94,2.36,0.0,4.72,29.6
00BNGD0019,2001,00BNGD,209,0,0.0,7,3.35,True,172,87.79,6.4,8.72,111,64.86,2.7,29.73,0.0,0.0,12.77,25.24
00BNGD0020,2001,00BNGD,362,0,0.0,4,1.1,True,217,58.53,2.76,4.61,133,54.14,40.6,3.01,2.17,2.17,0.0,36.76
00BNGD0021,2001,00BNGD,276,0,0.0,3,1.09,True,211,66.35,2.84,6.64,130,68.46,15.38,16.15,0.0,0.0,0.0,23.02
00BNGD0022,2001,00BNGD,183,0,0.0,3,1.64,True,103,53.4,0.0,5.83,119,47.9,7.56,10.92,0.0,0.0,2.7,64.46
00BNGD0023,2001,00BNGD,286,0,0.0,7,2.45,True,202,67.82,2.97,3.96,131,48.85,42.75,8.4,2.99,0.0,0.0,37.1
00BNGD0024,2001,00BNGD,302,7,2.32,6,1.99,True,244,72.13,1.23,11.89,124,86.29,4.84,8.87,0.0,0.0,10.08,20.17
00BNGD0025,2001,00BNGD,379,12,3.17,31,8.18,True,260,63.85,3.46,14.62,117,97.44,0.0,2.56,0.0,0.0,2.52,9.09
00BNGD0026,2001,00BNGD,308,0,0.0,0,0.0,True,200,68.0,6.0,6.0,121,57.02,28.1,14.88,2.61,0.0,14.63,35.9
00BNGD0027,2001,00BNGD,226,0,0.0,8,3.54,True,153,54.25,3.92,7.84,124,38.71,2.42,4.84,0.0,0.0,2.48,54.24
00BNGD0028,2001,00BNGD,250,0,0.0,3,1.2,True,201,81.59,1.49,4.48,133,85.71,0.0,12.03,2.34,0.0,7.94,19.17
00BNGD0029,2001,00BNGD,298,9,3.02,11,3.69,True,226,70.8,3.98,7.08,124,79.84,8.06,12.1,2.5,2.5,9.6,21.55
00BNGD0030,2001,00BNGD,298,0,0.0,8,2.68,True,221,68.78,5.43,6.33,123,84.55,8.13,7.32,0.0,0.0,14.06,29.92
00BNGD0031,2001,00BNGD,276,0,0.0,0,0.0,True,178,66.29,0.0,4.49,112,66.96,6.25,2.68,0.0,0.0,2.63,37.93
00BNGD0032,2001,00BNGD,198,0,0.0,3,1.52,True,129,52.71,4.65,2.33,116,7.76,69.83,16.38,2.68,2.68,27.93,68.97
00BNGD0033,2001,00BNGD,205,0,0.0,3,1.46,True,151,47.02,4.64,0.0,125,13.6,79.2,7.2,0.0,0.0,13.39,71.54
00BNGD0034,2001,00BNGD,319,0,0.0,0,0.0,True,197,65.99,1.52,5.08,122,92.62,4.92,2.46,2.5,0.0,4.84,17.39
00BNGD0035,2001,00BNGD,310,8,2.58,9,2.9,True,217,73.73,1.38,6.45,125,75.2,11.2,7.2,0.0,0.0,6.52,15.5
00BNGD0036,2001,00BNGD,228,3,1.32,3,1.32,True,174,58.62,8.62,2.3,119,36.97,52.94,10.08,0.0,0.0,4.96,52.1
00BNGD0037,2001,00BNGD,303,0,0.0,3,0.99,True,232,67.67,2.59,6.9,119,91.6,2.52,5.88,2.46,0.0,2.63,21.85
00BNGD0038,2001,00BNGD,326,0,0.0,3,0.92,True,244,65.16,2.46,8.2,124,95.16,2.42,2.42,0.0,0.0,7.89,17.89
00BNGD0039,2001,00BNGD,243,0,0.0,3,1.23,True,174,46.55,0.0,1.72,116,56.03,36.21,7.76,0.0,0.0,18.1,37.17
00BNGD0040,2001,00BNGD,252,0,0.0,3,1.19,True,162,52.47,5.56,1.85,113,43.36,48.67,2.65,0.0,0.0,8.33,44.44
00BNGD0041,2001,00BNGD,270,0,0.0,0,0.0,True,208,57.69,2.88,2.4,135,33.33,48.89,15.56,0.0,0.0,4.72,53.12
00BNGD0042,2001,00BNGD,376,0,0.0,6,1.6,True,197,56.85,3.05,5.08,120,35.83,61.67,2.5,4.76,2.38,7.83,40.94
00BNGD0043,2001,00BNGD,248,0,0.0,0,0.0,True,151,61.59,5.96,1.99,118,34.75,44.07,18.64,5.13,0.0,17.5,55.93
00BNGD0044,2001,00BNGD,289,0,0.0,3,1.04,True,196,56.63,2.04,5.61,110,61.82,28.18,7.27,0.0,0.0,8.33,31.03
00BNGD0045,2001,00BNGD,314,0,0.0,0,0.0,True,199,47.74,8.54,1.51,127,22.83,70.87,6.3,2.29,0.0,6.57,57.14
00BNGE0001,2001,00BNGE,273,0,0.0,14,5.13,True,249,68.27,4.82,6.83,140,26.43,2.14,69.29,0.0,0.0,5.8,33.83
00BNGE0002,2001,00BNGE,337,4,1.19,24,7.12,True,306,77.78,4.9,1.96,168,26.79,0.0,66.07,0.0,0.0,19.65,41.95
00BNGE0003,2001,00BNGE,313,7,2.24,26,8.31,True,279,40.14,1.08,5.73,112,46.43,8.04,42.86,3.6,3.6,2.65,33.93
00BNGE0004,2001,00BNGE,326,0,0.0,8,2.45,True,315,51.75,1.9,3.49,140,29.29,6.43,45.0,0.0,0.0,0.0,43.26
00BNGE0005,2001,00BNGE,354,0,0.0,12,3.39,True,217,53.46,8.76,1.38,128,9.38,73.44,17.19,4.48,2.24,2.29,57.46
00BNGE0006,2001,00BNGE,343,0,0.0,18,5.25,True,248,62.9,8.47,1.21,131,27.48,49.62,15.27,8.7,2.17,7.03,47.06
00BNGE0007,2001,00BNGE,295,0,0.0,7,2.37,True,196,44.9,6.63,1.53,139,17.99,75.54,6.47,0.0,0.0,4.67,54.74
00BNGE0008,2001,00BNGE,326,5,1.53,14,4.29,True,227,52.42,7.93,5.29,124,27.42,63.71,8.87,2.29,0.0,4.55,46.56
00BNGE0009,2001,00BNGE,336,0,0.0,11,3.27,True,234,63.25,0.0,2.56,131,29.01,25.95,45.04,0.0,0.0,0.0,42.97
00BNGE0010,2001,00BNGE,297,3,1.01,9,3.03,True,253,73.12,2.77,2.37,120,45.0,5.0,50.0,0.0,0.0,10.32,34.43
00BNGE0011,2001,00BNGE,298,6,2.01,14,4.7,True,259,58.3,0.0,4.25,125,18.4,4.8,67.2,0.0,0.0,11.11,34.15
00BNGE0012,2001,00BNGE,198,0,0.0,4,2.02,True,169,64.5,9.47,3.55,129,20.93,6.98,53.49,0.0,0.0,23.02,64.39
00BNGE0013,2001,00BNGE,251,10,3.98,16,6.37,True,223,68.61,2.69,7.17,107,65.42,6.54,23.36,3.7,3.7,0.0,24.07
00BNGE0014,2001,00BNGE,351,3,0.85,7,1.99,True,307,61.89,0.0,4.23,117,56.41,4.27,39.32,0.0,0.0,9.76,28.23
00BNGE0015,2001,00BNGE,211,6,2.84,11,5.21,True,204,72.06,2.94,4.41,104,8.65,2.88,88.46,0.0,0.0,12.5,39.25
00BNGE0016,2001,00BNGE,339,3,0.88,22,6.49,True,262,64.12,2.29,5.34,121,66.94,0.0,30.58,2.44,0.0,4.69,13.6
00BNGE0017,2001,00BNGE,247,0,0.0,9,3.64,True,240,62.08,4.17,2.5,103,23.3,4.85,71.84,0.0,0.0,24.77,37.74
00BNGE0018,2001,00BNGE,258,0,0.0,15,5.81,True,235,75.74,3.83,9.36,122,54.1,2.46,43.44,0.0,0.0,5.08,23.14
00BNGE0019,2001,00BNGE,255,0,0.0,19,7.45,True,251,64.94,1.2,7.57,111,27.93,6.31,65.77,0.0,0.0,5.31,39.5
00BNGE0020,2001,00BNGE,312,3,0.96,19,6.09,True,210,72.86,1.43,12.86,112,89.29,2.68,8.04,0.0,0.0,0.0,10.26
00BNGE0021,2001,00BNGE,330,0,0.0,12,3.64,True,223,74.89,2.69,11.66,124,90.32,0.0,7.26,0.0,0.0,7.14,17.05
00BNGE0022,2001,00BNGE,265,3,1.13,12,4.53,True,189,82.01,1.59,10.58,115,27.83,2.61,66.96,0.0,0.0,5.36,27.59
00BNGE0023,2001,00BNGE,370,8,2.16,48,12.97,True,290,49.31,2.07,4.14,129,65.89,10.85,20.93,2.4,0.0,16.92,23.81
00BNGE0024,2001,00BNGE,271,6,2.21,19,7.01,True,259,34.36,2.32,1.16,103,27.18,12.62,45.63,0.0,0.0,8.74,52.04
00BNGE0025,2001,00BNGE,350,3,0.86,43,12.29,True,246,52.44,6.1,6.1,124,53.23,24.19,20.16,4.65,2.33,13.74,36.22
00BNGE0026,2001,00BNGE,277,0,0.0,17,6.14,True,188,48.4,7.45,3.19,120,27.5,60.0,10.0,4.84,2.42,2.52,52.89
00BNGE0027,2001,00BNGE,394,6,1.52,15,3.81,True,376,34.04,1.6,1.6,111,19.82,8.11,69.37,2.97,0.0,5.61,37.96
00BNGE0028,2001,00BNGE,308,0,0.0,17,5.52,True,204,49.02,7.84,2.45,138,27.54,53.62,13.04,0.0,0.0,4.44,58.09
00BNGE0029,2001,00BNGE,397,0,0.0,33,8.31,True,316,49.05,2.85,4.11,130,63.08,4.62,32.31,0.0,0.0,7.63,21.37
00BNGE0030,2001,00BNGE,409,6,1.47,60,14.67,True,259,57.53,1.16,13.13,123,79.67,8.13,9.76,5.0,0.0,5.31,17.46
00BNGE0031,2001,00BNGE,378,14,3.7,39,10.32,True,264,48.48,3.79,3.03,128,45.31,23.44,28.91,4.76,0.0,9.92,32.54
00BNGE0032,2001,00BNGE,284,0,0.0,7,2.46,True,199,51.76,3.52,1.51,130,19.23,61.54,13.85,0.0,0.0,2.34,55.3
00BNGE0033,2001,00BNGE,240,7,2.92,15,6.25,True,220,39.09,2.73,2.73,98,20.41,12.24,61.22,0.0,0.0,12.0,42.16
00BNGE0034,2001,00BNGE,235,0,0.0,6,2.55,True,161,51.55,10.56,3.73,125,14.4,69.6,13.6,4.69,0.0,4.51,58.33
00BNGE0035,2001,00BNGE,409,3,0.73,15,3.67,True,335,50.75,3.88,5.97,132,50.76,12.88,31.82,2.36,0.0,9.63,35.94
00BNGE0036,2001,00BNGE,322,0,0.0,6,1.86,True,218,49.08,5.5,3.21,129,24.81,65.89,6.98,2.44,0.0,4.62,57.69
00BNGE0037,2001,00BNGE,356,0,0.0,20,5.62,True,262,61.07,7.63,3.82,138,36.96,44.2,16.67,2.19,2.19,2.34,38.13
00BNGE0038,2001,00BNGE,320,0,0.0,4,1.25,True,205,55.12,7.32,1.46,124,28.23,58.06,4.03,6.67,0.0,2.24,50.0
00BNGE0039,2001,00BNGE,446,3,0.67,13,2.91,True,421,44.66,2.85,5.46,133,20.3,4.51,75.19,0.0,0.0,8.57,41.73
00BNGE0040,2001,00BNGE,298,0,0.0,6,2.01,True,183,38.25,3.28,0.0,135,27.41,61.48,8.89,4.55,4.55,6.29,53.73
00BNGE0041,2001,00BNGE,295,3,1.02,9,3.05,True,255,50.2,2.35,1.57,127,40.16,9.45,34.65,2.36,0.0,12.2,43.2
00BNGE0042,2001,00BNGE,261,3,1.15,9,3.45,True,217,45.62,4.61,1.84,128,20.31,46.09,26.56,0.0,0.0,5.04,54.62
00BNGE0043,2001,00BNGE,284,3,1.06,8,2.82,True,196,59.69,4.59,4.59,138,34.06,51.45,12.32,2.22,0.0,0.0,47.86
00BNGE0044,2001,00BNGE,274,0,0.0,7,2.55,True,176,44.89,7.39,3.41,117,19.66,74.36,5.98,0.0,0.0,2.61,56.2
00BNGE0045,2001,00BNGE,201,0,0.0,10,4.98,True,102,50.98,2.94,2.94,108,25.0,24.07,11.11,0.0,0.0,5.36,52.38
00BNGE0046,2001,00BNGE,300,0,0.0,6,2.0,True,205,48.78,1.46,1.95,132,32.58,53.79,9.09,2.33,2.33,0.0,52.38
00BNGE0047,2001,00BNGE,321,0,0.0,6,1.87,True,285,49.82,4.21,2.46,131,49.62,24.43,25.95,0.0,0.0,13.22,36.64
00BNGE0048,2001,00BNGE,303,0,0.0,12,3.96,True,215,55.81,5.58,4.65,120,49.17,36.67,14.17,4.58,2.29,2.4,36.8
00BNGE0049,2001,00BNGE,282,7,2.48,12,4.26,True,275,49.09,2.18,3.27,121,22.31,23.14,39.67,2.27,0.0,12.5,46.15
00BNGE0050,2001,00BNGE,209,0,0.0,0,0.0,True,159,52.2,11.32,1.89,119,10.92,42.02,12.61,0.0,0.0,4.76,68.99
00BNGF0001,2001,00BNGF,425,7,1.65,99,23.29,True,216,45.37,8.33,2.78,128,14.84,82.81,2.34,8.33,2.27,0.0,62.4
00BNGF0002,2001,00BNGF,419,7,1.67,78,18.62,True,299,49.83,6.02,8.36,128,67.97,14.06,15.62,9.92,5.34,5.6,30.23
00BNGF0003,2001,00BNGF,280,12,4.29,25,8.93,True,266,52.63,4.51,7.89,122,59.02,10.66,30.33,0.0,0.0,2.63,31.15
00BNGF0004,2001,00BNGF,378,3,0.79,76,20.11,True,257,49.42,3.5,6.23,124,33.87,45.97,17.74,5.69,0.0,0.0,45.0
00BNGF0005,2001,00BNGF,395,0,0.0,66,16.71,True,279,53.76,2.51,3.58,134,81.34,4.48,14.18,5.84,2.19,4.96,27.94
00BNGF0006,2001,00BNGF,339,3,0.88,66,19.47,True,249,64.66,4.02,8.43,118,70.34,8.47,21.19,8.06,4.84,13.91,23.44
00BNGF0007,2001,00BNGF,321,10,3.12,21,6.54,True,286,46.5,0.0,2.1,115,38.26,13.91,45.22,2.65,0.0,11.11,44.35
00BNGF0008,2001,00BNGF,654,34,5.2,85,13.0,True,614,31.27,1.47,2.28,132,41.67,10.61,47.73,2.1,0.0,8.53,41.67
00BNGF0009,2001,00BNGF,915,9,0.98,33,3.61,True,881,31.1,0.68,0.34,147,6.8,6.8,83.67,1.99,1.99,14.0,38.93
00BNGF0010,2001,00BNGF,290,0,0.0,14,4.83,True,247,52.63,3.64,2.83,123,31.71,21.14,43.09,2.42,0.0,7.5,59.52
00BNGF0011,2001,00BNGF,456,15,3.29,33,7.24,True,379,36.41,2.64,1.58,126,18.25,11.9,67.46,0.0,0.0,7.83,57.36
00BNGF0012,2001,00BNGF,165,6,3.64,13,7.88,True,144,61.11,2.08,2.78,109,47.71,9.17,40.37,0.0,0.0,18.0,58.18
00BNGF0013,2001,00BNGF,920,58,6.3,145,15.76,True,860,29.3,1.86,0.35,114,19.3,18.42,57.89,5.31,0.0,11.21,63.96
00BNGF0014,2001,00BNGF,693,26,3.75,82,11.83,True,615,33.5,1.46,2.6,122,44.26,9.84,43.44,3.42,3.42,3.67,30.25
00BNGF0015,2001,00BNGF,1106,118,10.67,210,18.99,True,1077,25.07,1.3,0.84,131,35.88,6.11,48.09,0.0,0.0,8.13,48.85
00BNGF0016,2001,00BNGF,434,3,0.69,55,12.67,True,290,35.86,7.24,2.07,137,8.76,54.01,16.06,12.06,4.26,5.97,65.71
00BNGF0017,2001,00BNGF,376,19,5.05,60,15.96,True,302,35.76,3.31,1.32,124,23.39,2.42,53.23,5.13,2.56,12.61,57.26
00BNGF0018,2001,00BNGF,324,3,0.93,77,23.77,True,227,44.05,6.61,3.96,117,23.93,33.33,32.48,6.09,6.09,8.47,53.23
00BNGF0019,2001,00BNGF,290,20,6.9,90,31.03,True,230,38.26,1.3,7.83,127,23.62,11.81,33.86,4.62,4.62,17.36,53.91
00BNGF0020,2001,00BNGF,312,3,0.96,53,16.99,True,254,40.55,3.54,4.33,107,30.84,40.19,28.97,2.88,0.0,2.68,46.79
00BNGF0021,2001,00BNGF,381,9,2.36,107,28.08,True,262,41.6,5.34,4.2,123,30.08,16.26,22.76,9.23,4.62,2.33,45.38
00BNGF0022,2001,00BNGF,288,0,0.0,64,22.22,True,207,35.75,6.28,0.0,131,9.92,67.94,13.74,10.95,4.38,4.62,73.76
00BNGF0023,2001,00BNGF,331,4,1.21,34,10.27,True,289,50.52,6.23,1.38,123,43.9,6.5,49.59,0.0,0.0,11.81,44.07
00BNGF0024,2001,00BNGF,296,3,1.01,17,5.74,True,270,57.04,5.19,5.19,127,55.91,12.6,28.35,2.54,2.54,7.5,38.33
00BNGF0025,2001,00BNGF,278,0,0.0,39,14.03,True,218,45.87,9.63,2.75,142,14.08,68.31,11.97,10.07,4.32,2.22,64.54
00BNGF0026,2001,00BNGF,367,10,2.72,57,15.53,True,253,50.2,3.95,3.56,138,33.33,10.14,46.38,4.26,4.26,8.39,62.77
00BNGF0027,2001,00BNGF,135,0,0.0,6,4.44,True,98,31.63,3.06,3.06,126,5.56,80.16,11.11,0.0,0.0,2.38,83.46
00BNGF0028,2001,00BNGF,190,8,4.21,18,9.47,True,152,58.55,7.24,6.58,113,13.27,43.36,39.82,2.59,0.0,4.88,61.67
00BNGF0029,2001,00BNGF,360,0,0.0,84,23.33,True,209,47.85,5.74,4.78,110,20.91,58.18,20.91,9.91,2.7,7.89,51.82
00BNGF0030,2001,00BNGF,406,0,0.0,84,20.69,True,244,34.43,4.1,1.23,124,17.74,47.58,8.06,11.29,0.0,0.0,53.66
00BNGF0031,2001,00BNGF,277,0,0.0,35,12.64,True,257,49.81,2.72,2.33,123,19.51,8.13,63.41,2.42,2.42,5.17,45.67
00BNGF0032,2001,00BNGF,356,3,0.84,45,12.64,True,315,46.67,1.9,3.81,137,43.8,5.11,46.72,4.26,2.13,20.0,46.76
00BNGF0033,2001,00BNGF,345,10,2.9,52,15.07,True,322,46.58,4.35,3.73,143,37.06,4.2,58.74,0.0,0.0,22.07,59.71
00BNGF0034,2001,00BNGF,439,0,0.0,103,23.46,True,252,46.83,9.13,4.76,123,18.7,70.73,5.69,15.67,4.48,2.34,49.59
00BNGF0035,2001,00BNGF,414,0,0.0,93,22.46,True,262,48.47,7.63,4.2,118,50.85,32.2,16.95,14.75,2.46,2.61,38.4
00BNGG0001,2001,00BNGG,418,0,0.0,10,2.39,True,202,65.84,2.97,2.97,114,52.63,14.91,7.89,0.0,0.0,10.43,38.68
00BNGG0002,2001,00BNGG,278,0,0.0,3,1.08,True,175,57.14,6.86,3.43,123,41.46,23.58,7.32,2.5,0.0,14.4,50.0
00BNGG0003,2001,00BNGG,371,0,0.0,3,0.81,True,226,57.08,7.08,4.87,134,27.61,29.1,7.46,0.0,0.0,10.08,52.67
00BNGG0004,2001,00BNGG,262,0,0.0,3,1.15,True,178,60.11,0.0,3.93,133,40.6,23.31,6.02,2.33,2.33,14.89,53.33
00BNGG0005,2001,00BNGG,255,0,0.0,3,1.18,True,210,80.48,1.43,2.86,124,90.32,4.84,4.84,2.5,0.0,7.03,16.1
00BNGG0006,2001,00BNGG,266,0,0.0,3,1.13,True,222,73.42,1.35,0.0,139,62.59,9.35,9.35,0.0,0.0,0.0,24.81
00BNGG0007,2001,00BNGG,243,0,0.0,3,1.23,True,186,57.53,3.76,3.23,126,21.43,30.16,11.11,0.0,0.0,9.68,58.06
00BNGG0008,2001,00BNGG,280,0,0.0,0,0.0,True,199,51.26,5.03,3.02,120,20.0,27.5,5.83,0.0,0.0,7.44,58.59
00BNGG0009,2001,00BNGG,291,0,0.0,0,0.0,True,196,56.12,9.18,3.57,119,29.41,24.37,5.04,0.0,0.0,9.84,51.97
00BNGG0010,2001,00BNGG,310,0,0.0,0,0.0,True,184,59.24,3.8,3.8,126,41.27,28.57,5.56,2.42,0.0,10.32,61.9
00BNGG0011,2001,00BNGG,319,0,0.0,0,0.0,True,185,51.89,11.35,3.24,127,31.5,29.92,4.72,0.0,0.0,11.63,57.58
00BNGG0012,2001,00BNGG,327,0,0.0,0,0.0,True,201,53.73,0.0,2.99,145,35.86,30.34,4.14,2.08,0.0,4.55,51.03
00BNGG0013,2001,00BNGG,327,0,0.0,4,1.22,True,243,70.37,3.7,8.64,122,54.1,15.57,2.46,4.44,0.0,7.14,34.92
00BNGG0014,2001,00BNGG,267,0,0.0,0,0.0,True,170,57.65,3.53,4.12,127,25.98,28.35,3.94,4.48,0.0,9.92,47.29
00BNGG0015,2001,00BNGG,137,0,0.0,0,0.0,True,86,24.42,6.98,0.0,129,6.98,27.13,10.08,0.0,0.0,7.38,87.3
00BNGG0016,2001,00BNGG,357,0,0.0,3,0.84,True,270,80.74,3.33,2.96,131,94.66,0.0,5.34,0.0,0.0,23.13,13.97
00BNGG0017,2001,00BNGG,314,0,0.0,13,4.14,True,245,58.78,2.45,6.12,112,91.07,5.36,3.57,0.0,0.0,0.0,8.26
00BNGG0018,2001,00BNGG,350,3,0.86,3,0.86,True,272,87.13,5.51,5.15,139,93.53,2.16,4.32,2.16,0.0,12.93,9.49
00BNGG0019,2001,00BNGG,349,0,0.0,0,0.0,True,279,63.8,5.38,7.17,124,92.74,4.84,2.42,0.0,0.0,2.31,8.94
00BNGG0020,2001,00BNGG,311,3,0.96,11,3.54,True,226,67.26,1.33,1.77,127,88.19,4.72,4.72,0.0,0.0,7.03,21.71
00BNGG0021,2001,00BNGG,216,6,2.78,14,6.48,True,185,85.41,1.62,13.51,112,87.5,3.57,8.93,0.0,0.0,0.0,3.81
00BNGG0022,2001,00BNGG,164,0,0.0,5,3.05,True,143,91.61,0.0,9.09,103,87.38,5.83,6.8,0.0,0.0,5.45,10.28
00BNGG0023,2001,00BNGG,220,8,3.64,3,1.36,True,181,66.3,3.31,4.97,120,65.83,15.0,2.5,0.0,0.0,4.92,26.09
00BNGG0024,2001,00BNGG,285,0,0.0,4,1.4,True,197,60.41,7.61,3.05,119,28.57,26.89,5.04,5.22,0.0,10.53,58.41
00BNGG0025,2001,00BNGG,218,0,0.0,11,5.05,True,167,83.23,3.59,4.19,107,75.7,9.35,5.61,0.0,0.0,2.83,18.87
00BNGG0026,2001,00BNGG,221,0,0.0,0,0.0,True,143,48.25,6.29,0.0,123,12.2,33.33,6.5,0.0,0.0,0.0,69.53
00BNGG0027,2001,00BNGG,296,8,2.7,8,2.7,True,199,48.24,8.04,3.02,115,18.26,36.52,9.57,0.0,0.0,18.1,55.0
00BNGG0028,2001,00BNGG,265,3,1.13,0,0.0,True,180,60.0,3.33,3.89,133,33.08,26.32,8.27,2.27,0.0,13.43,53.08
00BNGG0029,2001,00BNGG,303,0,0.0,7,2.31,True,213,64.79,9.86,4.69,122,40.98,19.67,5.74,2.46,0.0,15.79,44.72
00BNGG0030,2001,00BNGG,279,0,0.0,0,0.0,True,183,60.66,3.28,4.92,113,30.09,34.51,0.0,2.68,0.0,14.04,57.98
00BNGG0031,2001,00BNGG,298,0,0.0,3,1.01,True,195,63.08,9.74,3.08,122,19.67,31.97,13.11,2.36,0.0,2.73,59.13
00BNGG0032,2001,00BNGG,288,0,0.0,0,0.0,True,214,55.61,5.61,2.8,121,37.19,28.93,4.96,0.0,0.0,9.73,48.0
00BNGG0033,2001,00BNGG,285,0,0.0,6,2.11,True,184,59.24,5.43,3.26,121,28.93,34.71,9.92,2.44,0.0,24.58,58.4
00BNGG0034,2001,00BNGG,343,0,0.0,3,0.87,True,221,57.01,9.95,1.36,124,31.45,29.84,8.06,2.63,0.0,2.86,49.14
00BNGG0035,2001,00BNGG,240,0,0.0,0,0.0,True,177,62.15,7.34,5.08,133,33.83,24.81,10.53,2.46,0.0,9.68,50.83
00BNGG0036,2001,00BNGG,147,0,0.0,0,0.0,True,80,17.5,3.75,0.0,126,2.38,30.16,14.29,0.0,0.0,11.19,92.06
00BNGH0001,2001,00BNGH,387,10,2.58,76,19.64,True,261,59.0,4.21,7.28,128,73.44,4.69,19.53,2.38,2.38,9.45,22.14
00BNGH0002,2001,00BNGH,398,0,0.0,104,26.13,True,262,54.2,3.44,11.45,114,78.95,5.26,15.79,7.69,2.56,10.34,17.59
00BNGH0003,2001,00BNGH,252,3,1.19,13,5.16,True,213,59.62,7.98,8.92,156,21.79,8.33,46.15,2.5,2.5,19.25,56.44
00BNGH0004,2001,00BNGH,299,0,0.0,61,20.4,True,203,48.28,9.36,4.43,109,40.37,2.75,37.61,8.57,5.71,15.84,43.69
00BNGH0005,2001,00BNGH,202,0,0.0,14,6.93,True,172,74.42,4.07,6.4,112,31.25,7.14,58.93,5.26,5.26,12.93,36.11
00BNGH0006,2001,00BNGH,361,5,1.39,60,16.62,True,254,52.36,2.36,9.45,121,79.34,7.44,13.22,7.38,2.46,5.22,19.49
00BNGH0007,2001,00BNGH,319,0,0.0,51,15.99,True,203,62.56,2.96,12.32,120,83.33,2.5,11.67,5.08,2.54,5.22,23.58
00BNGH0008,2001,00BNGH,388,3,0.77,76,19.59,True,283,59.01,6.71,10.25,136,86.76,2.21,11.03,4.83,0.0,10.2,13.48
00BNGH0009,2001,00BNGH,250,0,0.0,37,14.8,True,210,63.33,2.86,13.33,120,92.5,5.0,2.5,0.0,0.0,9.76,29.75
00BNGH0010,2001,00BNGH,352,6,1.7,23,6.53,True,268,74.25,1.49,12.31,123,88.62,2.44,6.5,2.36,0.0,2.48,14.52
00BNGH0011,2001,00BNGH,246,3,1.22,11,4.47,True,182,69.23,6.04,10.99,139,17.27,5.76,59.71,0.0,0.0,12.6,55.4
00BNGH0012,2001,00BNGH,285,0,0.0,14,4.91,True,207,59.42,9.66,8.21,136,44.12,2.21,22.06,0.0,0.0,8.7,48.2
00BNGH0013,2001,00BNGH,243,3,1.23,15,6.17,True,201,60.7,6.97,6.97,156,14.1,7.69,44.87,0.0,0.0,4.83,59.49
00BNGH0014,2001,00BNGH,270,6,2.22,31,11.48,True,205,49.27,3.9,5.37,135,24.44,8.15,28.15,2.14,0.0,12.98,59.15
00BNGH0015,2001,00BNGH,233,3,1.29,22,9.44,True,205,66.83,10.24,7.32,126,22.22,2.38,68.25,6.77,2.26,22.9,51.91
00BNGH0016,2001,00BNGH,269,14,5.2,18,6.69,True,231,72.29,9.52,9.09,144,15.28,13.19,47.22,3.77,0.0,11.66,45.62
00BNGH0017,2001,00BNGH,184,3,1.63,27,14.67,True,164,67.68,3.66,7.32,107,24.3,8.41,37.38,0.0,0.0,8.41,47.22
00BNGH0018,2001,00BNGH,213,0,0.0,4,1.88,True,163,78.53,9.2,9.82,119,59.66,2.52,32.77,0.0,0.0,12.21,39.84
00BNGH0019,2001,00BNGH,211,0,0.0,6,2.84,True,191,69.63,7.33,7.85,145,24.14,4.83,47.59,0.0,0.0,17.42,52.03
00BNGH0020,2001,00BNGH,167,3,1.8,21,12.57,True,140,62.14,7.14,4.29,122,22.95,11.48,15.57,2.56,0.0,26.89,60.5
00BNGH0021,2001,00BNGH,224,9,4.02,17,7.59,True,166,56.02,12.65,9.04,130,21.54,13.08,8.46,0.0,0.0,14.29,59.02
00BNGH0022,2001,00BNGH,354,0,0.0,42,11.86,True,284,64.08,9.15,8.1,142,60.56,11.97,17.61,2.26,0.0,10.37,35.07
00BNGH0023,2001,00BNGH,329,0,0.0,35,10.64,True,242,71.07,8.26,7.02,115,62.61,7.83,24.35,2.65,2.65,7.69,30.83
00BNGH0024,2001,00BNGH,282,3,1.06,47,16.67,True,205,64.88,5.37,7.8,111,51.35,9.01,19.82,2.61,0.0,5.36,33.04
00BNGH0025,2001,00BNGH,323,0,0.0,63,19.5,True,244,60.66,4.92,4.1,121,54.55,9.09,22.31,5.13,0.0,2.44,33.05
00BNGH0026,2001,00BNGH,297,0,0.0,61,20.54,True,220,55.45,6.36,7.73,112,78.57,7.14,11.61,6.73,2.88,14.75,22.22
00BNGH0027,2001,00BNGH,291,0,0.0,47,16.15,True,210,55.24,3.33,5.71,108,75.93,5.56,11.11,2.75,0.0,7.89,18.52
00BNGH0028,2001,00BNGH,330,3,0.91,88,26.67,True,229,58.08,9.61,8.3,117,42.74,9.4,40.17,4.35,0.0,12.26,48.15
00BNGH0029,2001,00BNGH,370,0,0.0,64,17.3,True,276,55.43,1.09,5.8,125,64.8,2.4,30.4,4.76,4.76,15.45,21.74
00BNGH0030,2001,00BNGH,385,0,0.0,28,7.27,True,297,66.33,6.4,8.08,148,69.59,6.76,17.57,7.38,2.01,12.93,26.9
00BNGH0031,2001,00BNGH,391,0,0.0,66,16.88,True,257,68.87,2.33,7.78,123,78.05,2.44,19.51,2.33,0.0,5.08,17.36
00BNGH0032,2001,00BNGH,357,6,1.68,82,22.97,True,221,50.68,4.07,5.88,117,52.14,17.95,23.08,13.79,4.31,0.0,37.39
00BNGH0033,2001,00BNGH,400,0,0.0,73,18.25,True,262,54.58,2.67,5.73,147,38.1,8.84,19.73,9.66,2.07,6.06,47.01
00BNGH0034,2001,00BNGH,343,6,1.75,52,15.16,True,260,57.31,7.31,5.77,141,48.94,7.8,32.62,2.92,0.0,8.9,39.72
00BNGH0035,2001,00BNGH,259,0,0.0,53,20.46,True,181,61.33,0.0,11.05,96,79.17,3.12,17.71,0.0,0.0,9.28,22.77
00BNGH0036,2001,00BNGH,295,0,0.0,8,2.71,True,232,88.79,2.59,6.47,130,35.38,0.0,64.62,2.27,2.27,17.29,31.58
00BNGH0037,2001,00BNGH,398,0,0.0,22,5.53,True,249,79.52,2.81,12.05,130,80.77,2.31,14.62,4.35,2.17,4.55,14.18
00BNGH0038,2001,00BNGH,407,19,4.67,76,18.67,True,283,62.19,3.18,10.6,124,77.42,4.84,17.74,11.81,2.36,0.0,13.82
00BNGH0039,2001,00BNGH,142,0,0.0,8,5.63,True,99,52.53,9.09,7.07,92,19.57,6.52,8.7,3.16,3.16,0.0,72.22
00BNGH0040,2001,00BNGH,309,7,2.27,72,23.3,True,219,52.05,2.74,8.22,109,91.74,2.75,5.5,7.83,5.22,7.69,31.53
00BNGJ0001,2001,00BNGJ,321,9,2.8,40,12.46,True,268,63.06,6.34,6.34,132,71.21,4.55,24.24,4.8,2.4,15.91,30.95
00BNGJ0002,2001,00BNGJ,309,3,0.97,8,2.59,True,248,56.05,2.42,4.84,116,51.72,6.03,42.24,2.42,0.0,7.32,34.45
00BNGJ0003,2001,00BNGJ,272,0,0.0,7,2.57,True,236,63.56,6.36,5.51,136,25.74,10.29,36.76,0.0,0.0,7.58,43.08
00BNGJ0004,2001,00BNGJ,353,9,2.55,33,9.35,True,269,53.16,2.23,5.95,125,75.2,0.0,22.4,2.42,0.0,2.48,26.02
00BNGJ0005,2001,00BNGJ,401,0,0.0,25,6.23,True,305,61.64,1.97,6.23,133,70.68,6.02,21.05,2.4,2.4,7.03,18.66
00BNGJ0006,2001,00BNGJ,355,6,1.69,16,4.51,True,278,57.91,1.44,5.76,117,56.41,7.69,24.79,0.0,0.0,15.45,40.65
00BNGJ0007,2001,00BNGJ,277,4,1.44,12,4.33,True,248,52.42,3.63,2.42,125,21.6,13.6,53.6,4.88,2.44,4.92,50.39
00BNGJ0008,2001,00BNGJ,215,0,0.0,3,1.4,True,149,54.36,4.03,4.03,110,27.27,24.55,15.45,0.0,0.0,7.96,61.82
00BNGJ0009,2001,00BNGJ,248,0,0.0,14,5.65,True,209,68.9,2.87,4.31,122,58.2,12.3,23.77,2.56,0.0,9.45,32.52
00BNGJ0010,2001,00BNGJ,332,4,1.2,22,6.63,True,279,44.44,0.0,4.3,110,47.27,11.82,40.91,6.54,0.0,5.83,41.12
00BNGJ0011,2001,00BNGJ,250,3,1.2,9,3.6,True,200,52.0,2.0,3.0,146,36.99,4.79,43.15,0.0,0.0,2.04,66.43
00BNGJ0012,2001,00BNGJ,367,0,0.0,16,4.36,True,298,63.76,5.03,8.05,121,69.42,2.48,28.1,0.0,0.0,7.5,16.81
00BNGJ0013,2001,00BNGJ,277,7,2.53,5,1.81,True,205,60.98,4.39,4.88,123,23.58,2.44,47.97,2.34,0.0,4.92,50.0
00BNGJ0014,2001,00BNGJ,387,3,0.78,37,9.56,True,286,54.2,2.1,6.99,125,76.0,4.8,19.2,4.58,0.0,2.38,25.0
00BNGJ0015,2001,00BNGJ,260,0,0.0,13,5.0,True,249,57.03,4.82,4.02,124,39.52,6.45,51.61,0.0,0.0,5.69,36.29
00BNGJ0016,2001,00BNGJ,386,7,1.81,40,10.36,True,329,57.75,3.65,5.78,125,61.6,0.0,38.4,4.58,2.29,6.62,20.77
00BNGJ0017,2001,00BNGJ,363,8,2.2,51,14.05,True,283,55.12,3.18,4.59,123,70.73,0.0,29.27,2.44,0.0,7.87,30.08
00BNGJ0018,2001,00BNGJ,242,3,1.24,3,1.24,True,177,57.63,0.0,6.21,112,58.04,6.25,26.79,0.0,0.0,2.8,38.6
00BNGJ0019,2001,00BNGJ,379,10,2.64,33,8.71,True,336,52.38,0.89,6.25,124,62.9,0.0,37.1,2.29,2.29,8.09,21.88
00BNGJ0020,2001,00BNGJ,346,6,1.73,43,12.43,True,292,56.85,2.05,5.82,134,59.7,9.7,30.6,0.0,0.0,9.7,25.19
00BNGJ0021,2001,00BNGJ,287,3,1.05,6,2.09,True,242,70.25,4.96,6.61,140,61.43,7.14,29.29,2.16,2.16,21.19,28.57
00BNGJ0022,2001,00BNGJ,263,6,2.28,16,6.08,True,206,64.08,2.91,10.68,118,45.76,20.34,31.36,0.0,0.0,7.63,33.91
00BNGJ0023,2001,00BNGJ,361,6,1.66,28,7.76,True,260,59.62,3.46,6.15,120,41.67,40.0,18.33,3.36,0.0,8.62,33.61
00BNGJ0024,2001,00BNGJ,316,3,0.95,0,0.0,True,197,60.91,12.18,4.57,127,20.47,72.44,7.09,4.8,2.4,10.26,53.72
00BNGJ0025,2001,00BNGJ,303,8,2.64,20,6.6,True,240,66.25,1.67,9.58,131,56.49,4.58,30.53,4.41,4.41,5.97,29.41
00BNGJ0026,2001,00BNGJ,294,0,0.0,8,2.72,True,232,65.52,1.29,11.21,126,84.92,0.0,15.08,0.0,0.0,4.62,20.77
00BNGJ0027,2001,00BNGJ,295,0,0.0,6,2.03,True,202,51.49,5.45,2.97,113,24.78,65.49,9.73,2.56,2.56,12.61,45.61
00BNGJ0028,2001,00BNGJ,291,9,3.09,19,6.53,True,214,67.76,1.4,3.74,129,68.22,20.16,11.63,0.0,0.0,6.87,25.0
00BNGJ0029,2001,00BNGJ,297,6,2.02,16,5.39,True,215,74.88,0.0,9.77,142,71.83,4.93,19.01,0.0,0.0,6.21,22.92
00BNGJ0030,2001,00BNGJ,353,10,2.83,22,6.23,True,252,75.4,1.19,14.29,148,69.59,9.46,20.95,0.0,0.0,12.75,19.72
00BNGJ0031,2001,00BNGJ,232,0,0.0,3,1.29,True,149,68.46,4.03,12.08,145,29.66,24.14,15.86,0.0,0.0,2.13,56.08
00BNGJ0032,2001,00BNGJ,186,8,4.3,19,10.22,True,181,65.75,3.31,1.66,125,37.6,16.8,38.4,0.0,0.0,10.85,42.62
00BNGJ0033,2001,00BNGJ,261,0,0.0,14,5.36,True,257,49.81,4.67,2.33,120,43.33,6.67,50.0,0.0,0.0,18.25,41.32
00BNGJ0034,2001,00BNGJ,438,0,0.0,13,2.97,True,427,36.77,0.7,2.11,114,12.28,2.63,81.58,0.0,0.0,7.69,46.49
00BNGJ0035,2001,00BNGJ,286,0,0.0,15,5.24,True,220,49.55,7.73,2.73,122,14.75,68.85,11.48,4.88,0.0,9.38,56.1
00BNGJ0036,2001,00BNGJ,299,3,1.0,0,0.0,True,171,45.61,7.02,1.75,111,9.91,74.77,15.32,3.39,0.0,10.71,58.62
00BNGJ0037,2001,00BNGJ,408,0,0.0,6,1.47,True,392,29.08,2.3,0.77,113,15.93,7.96,76.11,2.68,0.0,5.5,53.15
00BNGJ0038,2001,00BNGJ,306,6,1.96,20,6.54,True,279,54.12,4.3,4.3,133,15.04,12.03,62.41,2.22,2.22,12.14,62.12
00BNGJ0039,2001,00BNGJ,323,5,1.55,21,6.5,True,248,37.5,1.21,3.63,112,24.11,20.54,35.71,0.0,0.0,11.72,53.45
00BNGJ0040,2001,00BNGJ,320,7,2.19,10,3.12,True,289,41.52,1.04,3.11,130,34.62,18.46,38.46,2.27,0.0,11.45,46.32
00BNGJ0041,2001,00BNGJ,357,0,0.0,13,3.64,True,304,47.37,1.97,3.62,148,27.7,3.38,45.27,0.0,0.0,9.09,46.48
00BNGJ0042,2001,00BNGJ,322,3,0.93,44,13.66,True,239,58.16,1.26,9.62,131,70.23,8.4,18.32,2.26,0.0,7.46,31.82
00BNGJ0043,2001,00BNGJ,297,5,1.68,16,5.39,True,281,63.7,3.2,6.41,140,12.86,11.43,63.57,0.0,0.0,10.07,34.59
00BNGJ0044,2001,00BNGJ,272,3,1.1,14,5.15,True,222,42.79,2.7,4.05,115,21.74,5.22,41.74,0.0,0.0,2.65,55.05
00BNGJ0045,2001,00BNGJ,408,3,0.74,20,4.9,True,361,45.98,3.6,0.83,110,23.64,3.64,72.73,0.0,0.0,11.11,48.21
00BNGK0001,2001,00BNGK,278,7,2.52,3,1.08,True,194,56.7,3.61,5.15,110,37.27,50.0,12.73,5.17,2.59,20.51,47.93
00BNGK0002,2001,00BNGK,292,3,1.03,3,1.03,True,168,60.71,3.57,1.79,120,40.83,51.67,7.5,4.92,0.0,21.32,55.74
00BNGK0003,2001,00BNGK,258,6,2.33,6,2.33,True,172,59.3,8.72,1.74,109,33.94,57.8,8.26,0.0,0.0,8.04,46.61
00BNGK0004,2001,00BNGK,304,0,0.0,0,0.0,True,193,54.4,7.77,0.0,140,34.29,56.43,7.14,2.21,0.0,14.39,60.29
00BNGK0005,2001,00BNGK,281,6,2.14,8,2.85,True,174,56.32,1.72,1.72,130,36.15,44.62,16.92,0.0,0.0,9.92,55.3
00BNGK0006,2001,00BNGK,301,0,0.0,6,1.99,True,208,62.98,7.21,2.88,130,50.77,44.62,4.62,2.29,0.0,10.24,35.94
00BNGK0007,2001,00BNGK,324,3,0.93,3,0.93,True,186,52.69,8.06,1.61,131,20.61,74.81,2.29,2.27,0.0,15.22,59.85
00BNGK0008,2001,00BNGK,300,6,2.0,0,0.0,True,181,44.75,8.29,2.21,128,25.78,15.62,8.59,3.12,0.0,7.03,62.99
00BNGK0009,2001,00BNGK,302,0,0.0,0,0.0,True,211,62.56,4.27,1.42,125,41.6,51.2,2.4,2.4,0.0,8.47,49.62
00BNGK0010,2001,00BNGK,299,0,0.0,0,0.0,True,208,57.69,4.81,0.0,122,36.89,55.74,7.38,0.0,0.0,6.92,51.3
00BNGK0011,2001,00BNGK,252,0,0.0,3,1.19,True,200,97.0,1.5,4.5,123,89.43,4.88,5.69,0.0,0.0,0.0,2.52
00BNGK0012,2001,00BNGK,337,0,0.0,0,0.0,True,207,58.45,7.73,2.9,121,37.19,50.41,9.92,0.0,0.0,16.03,52.76
00BNGK0013,2001,00BNGK,245,0,0.0,0,0.0,True,169,62.13,1.78,7.1,112,31.25,66.07,2.68,2.52,0.0,5.5,61.54
00BNGK0014,2001,00BNGK,252,0,0.0,0,0.0,True,179,52.51,3.35,0.0,115,34.78,57.39,7.83,5.31,0.0,8.77,53.91
00BNGK0015,2001,00BNGK,243,3,1.23,3,1.23,True,178,67.98,1.69,3.37,126,53.17,30.95,8.73,0.0,0.0,5.08,39.32
00BNGK0016,2001,00BNGK,283,3,1.06,10,3.53,True,211,83.41,5.69,3.79,134,58.96,27.61,13.43,4.44,0.0,2.42,31.45
00BNGK0017,2001,00BNGK,352,0,0.0,0,0.0,True,223,59.19,5.38,5.38,130,36.92,39.23,5.38,0.0,0.0,9.3,47.73
00BNGK0018,2001,00BNGK,289,7,2.42,3,1.04,True,177,44.07,5.08,3.39,131,22.9,53.44,4.58,4.51,0.0,7.03,56.25
00BNGK0019,2001,00BNGK,277,0,0.0,0,0.0,True,180,63.33,3.89,3.33,126,42.86,52.38,4.76,0.0,0.0,9.84,50.0
00BNGK0020,2001,00BNGK,212,3,1.42,3,1.42,True,149,61.74,19.46,0.0,125,8.8,80.8,5.6,0.0,0.0,6.87,67.74
00BNGK0021,2001,00BNGK,329,6,1.82,6,1.82,True,215,60.0,5.58,4.19,129,42.64,50.39,4.65,2.29,0.0,11.9,57.36
00BNGK0022,2001,00BNGK,270,0,0.0,6,2.22,True,175,52.0,5.14,4.57,116,45.69,51.72,2.59,2.46,0.0,16.41,39.5
00BNGK0023,2001,00BNGK,262,0,0.0,6,2.29,True,188,59.57,4.79,4.26,123,37.4,38.21,4.88,4.8,0.0,7.44,56.0
00BNGK0024,2001,00BNGK,285,6,2.11,11,3.86,True,189,56.61,1.59,1.59,127,40.94,51.18,7.87,0.0,0.0,8.2,49.6
00BNGK0025,2001,00BNGK,297,0,0.0,3,1.01,True,175,55.43,5.14,3.43,123,40.65,53.66,3.25,4.65,0.0,9.09,54.47
00BNGK0026,2001,00BNGK,266,0,0.0,0,0.0,True,181,55.25,2.21,3.87,127,38.58,21.26,7.87,2.27,0.0,5.08,50.77
00BNGK0027,2001,00BNGK,263,0,0.0,6,2.28,True,167,64.67,5.99,0.0,121,40.5,53.72,5.79,0.0,0.0,5.0,49.59
00BNGK0028,2001,00BNGK,245,0,0.0,3,1.22,True,176,72.73,0.0,8.52,113,86.73,2.65,10.62,2.68,2.68,5.41,11.82
00BNGK0029,2001,00BNGK,246,0,0.0,3,1.22,True,192,58.85,8.85,1.56,128,25.78,66.41,7.81,0.0,0.0,12.12,56.39
00BNGK0030,2001,00BNGK,276,6,2.17,8,2.9,True,194,53.61,3.09,2.58,123,37.4,50.41,8.94,0.0,0.0,14.96,53.97
00BNGK0031,2001,00BNGK,341,0,0.0,0,0.0,True,203,55.67,9.36,2.96,123,24.39,68.29,7.32,4.44,0.0,2.59,54.62
00BNGK0032,2001,00BNGK,313,0,0.0,3,0.96,True,222,59.46,7.21,2.7,125,46.4,48.8,2.4,4.41,0.0,12.31,46.51
00BNGK0033,2001,00BNGK,279,0,0.0,4,1.43,True,184,61.96,3.26,4.89,120,54.17,26.67,19.17,0.0,0.0,17.36,33.9
00BNGK0034,2001,00BNGK,302,0,0.0,0,0.0,True,200,51.0,4.5,4.0,130,38.46,51.54,5.38,0.0,0.0,5.08,51.91
00BNGK0035,2001,00BNGK,277,3,1.08,3,1.08,True,163,52.15,5.52,1.84,131,29.01,58.78,12.21,4.58,4.58,5.04,53.6
00BNGK0036,2001,00BNGK,276,3,1.09,5,1.81,True,186,59.14,12.37,3.23,126,34.13,51.59,11.9,9.3,0.0,7.63,45.08
00BNGK0037,2001,00BNGK,320,0,0.0,3,0.94,True,216,55.56,10.19,3.24,129,25.58,65.12,9.3,2.46,0.0,4.69,47.54
00BNGK0038,2001,00BNGK,305,0,0.0,0,0.0,True,209,50.24,5.74,1.91,132,40.15,53.79,6.06,2.19,0.0,13.95,56.15
00BNGK0039,2001,00BNGK,98,0,0.0,3,3.06,True,80,75.0,0.0,23.75,38,50.0,7.89,42.11,0.0,0.0,6.0,0.0
